:020000040000FA
:2000000000400020E18C01001D8D01001F8D010000000000000000000000000000000000BA
:20002000000000000000000000000000218D01000000000000000000238D0100258D0100AD
:20004000278D010039A0000029940100278D0100278D010000000000E18D0100278D0100C6
:2000600009080100899901009D920100278D0100278D0100278D0100278D0100278D010092
:20008000278D0100278D0100278D0100278D0100278D010081890100418A01007D09010079
:2000A0008D090100278D0100000000000000000000000000000000000000000000000000F4
:2000C00010B5064C2378002B07D1054B002B02D0044800E000BF0123237010BD200100206E
:2000E000000000007C870300044B10B5002B03D00349044800E000BF10BDC04600000000DE
:20010000240100207C870300402292029A1A92467047C046174B002B00D1134B9D46FFF7C0
:20012000F3FF00218B460F461348144A121A28F0E7FC0E4B002B00D098470D4B002B00D020
:2001400098470020002104000D000D48002802D00C4800E000BF20F01DF92000290028F0A5
:2001600069FA20F035F8C0460000080000000000000000000040002018010020E02F002009
:20018000000000000000000010B526F038FF014810BDC04654E2020010B5C30708D4830704
:2001A0000ED10368094A934202D0094A934207D103F0BEFB002801DD21F0CBFA054810BD59
:2001C00003F01CFC1AF050FEF4E7C046F8CA0200ECD0020054E2020001220B4B10B51A6069
:2001E0000A4A51680029FCD000215160A1220131D2009A5859600323D0171840801880102C
:2002000024F04FFF10BDC04600C00040FCC0004010B5002804D1044815F0CEFD034810BDB7
:20022000086803F085FBF7E7E703000054E20200F0B5334B8BB007AC01940093032310F07C
:2002400011FA0221089805AA03F038FC06AA0221099803F033FC079803F0D0FB059B061C45
:20026000186803F0CBFB059B051C586803F0C6FB069B071C186803F0C1FB069B041C58689C
:2002800003F0BCFB291C0390301C1AF029FC291C061C381C1AF024FC011C301C1AF032F9DE
:2002A000211C051C03981AF01BFC011C281C1AF0F1FA211C19F088FF032206990B681A4070
:2002C000022A03D10F4A1340062B10D103224B681A40022A03D10B4A1340062B07D11CF071
:2002E00081FF1AF0C1FD24F0DCFE0BB0F0BD0323020002209A43044B1043C018F5E7C046DD
:200300000C8F0200070080FF0000808070B5040003F02AFA00230C49DA0052181568A5425A
:2003200005D15168094826F028FB012070BD0133612BF1D1064B9C4203D0984201D0002007
:20034000F4E70449EEE7C046588F02007CE4020058A102006EFA0200014BD8607047C046A9
:20036000582B0020034B82B0D86801ABC01A02B07047C046582B0020014B18617047C04600
:20038000582B00204E2110B5024822F0DDFE10F019F9C04624AC020007B5054A01ABD16875
:2003A0001269CB1A9A4201D8FFF7ECFF07BDC046582B002010B50400FFF7D4FF074B0200F4
:2003C0001B690749074826F09EFB10F045FF012C01D110F063FF044810BDC046582B0020E4
:2003E000DA2003007CE4020054E2020010B503F09FFA0FF03BFF014810BDC04654E2020088
:2004000010B510F02DFC014810BDC04654E2020010B510F01BFC014810BDC04654E202006A
:2004200010B586B0040005AB04AA03A902A808F075FC059B029A0193049B06490093064801
:20044000039B26F060FB012C01D108F0A1FC034806B010BDEF2003007CE4020054E202007F
:2004600010B5084C002805D1A834236801305B00184310BD086803F05BFAA83420600248EC
:20048000F7E7C046582B002054E20200044B88600B60044B08004B600023CB607047C046EE
:2004A000D0E20200111002000300054A08000A601A7A0A715B688B600023CB607047C046D9
:2004C000F89302000B6870B506000D00181D4968140001F0C7FA031E02D0406800280FD195
:2004E000022E08D10948022C06D16968084822F02BFE10F067F8A868012C00D1586070BDEF
:20050000022CFCD100225A60F9E7C04654E2020044AA020010B504000C2021F0A8FB034BFF
:20052000446003600223037210BDC0463494020010B5043020F080FE004810BD54E20200A9
:20054000002803D0012808D00020704707224B6804489343F9D10448F7E74B68DB085B00E5
:200560001843F2E7E4D00200DCD0020070B504000D000B7A164A9B0086B0995826F0FDF9FA
:200580002000144926F0F9F9134B02AA02932B7A012613716B68019304930023059302A884
:2005A00020F040FD051E05D120000C4926F0E5F906B070BD002E03D12000094926F0DDF949
:2005C00001222900200003F0E7F80026E7E7C0467094020037210300F89302003D21030094
:2005E0003A210300F0B513681400012287B00F680D000092D9080223060010F003F8022EC2
:2006000014D16868032302001A40184218D101682A4BC968994213D12B68984206D00592B8
:20062000686805A920F0E1FC061E01D100253FE001223168381D01F015FA73684360EFE7B0
:20064000002106F09BFB0390039806F0F9FB0028ECD0002106F092FB050006F0F1FB060060
:20066000280006F0EDFB0290280006F0E9FB002E04D0029B002B01D0002802D0104806F0FD
:20068000A1FF01223100381D01F0ECF9029B4360DAE7A368EE009E193168002907D00429C4
:2006A00005D00122381D01F0DDF97368436001356368AB42EDD8034807B0F0BD310900000C
:2006C0004021030054E2020030B5002585B001A90400019520F089FCA84203D109490A4804
:2006E00021F099FE636802A9083B63600368029343680393042328C0022013F0CDFE05B0E1
:2007000030BDC0466621030044AA0200F7B50C0015001B280CD000221F2807D1081D2900F1
:2007200001F0A0F92B4A002800D12B4A1000FEBD03222B001340114225D1284922688A42CE
:2007400021D1002BF1D1296891421ED1009301936946200020F049FC01A90700280020F033
:2007600044FC0600002F31D00028DED03168386803F08CF80028D8D07168786803F086F883
:200780000028E5D1D1E7002BCFD1154B2A689A42CBD16A686368534007229343C5D1019335
:2007A000200001A920F021FC061E01D1094ABDE700223168281D01F055F90028B5D04168C0
:2007C000706803F063F80028EAD1AEE7014A0028ABD1ABE7E4D00200DCD00200B894020048
:2007E0007C940200F7B50B681C4A04000D00934203D05A681A4926F086F92000194926F057
:20080000BCF8002301270193280001A920F0EDFB061E0CD12000144926F0AFF82B680F4A54
:20082000934203D02000114926F0A7F8F7BD002F03D120000E4926F0A0F801222000316829
:2008400002F0AAFF0B49200026F097F801222000716802F0A1FF0027D6E7C0467C9402003A
:200860008521030089210300D6770300652B03003A210300C875030010B504000C2021F09B
:20088000F6F9034B446003600023037210BDC0463494020010B504000C2021F0E8F9034BAA
:2008A000446003600123037210BDC0463494020010B5002204300C0001F0D4F8002805D119
:2008C0002100034822F040FC0FF07CFE406810BD44AA020010B5024B08C020F098FC10BD35
:2008E0007C940200F8B50C0007000021606806F045FA0E4E0500022F00D9A668606803F0D4
:2009000031F9002809D120F0B5FB0400280006F097FA011E03D12000F8BD4010F3E7012223
:20092000201D01F09FF84660F0E7C04654E20200F0B589B00190002017001E000D0020F056
:2009400099FB019B019A03600D4B04009A4203D104230279134303712B003B430DD03368D0
:20096000AA003900B21805A80394049320F05DFC681C05AA03A9FFF735FE200009B0F0BDF8
:20098000B894020010B50C00002A03D120F0A5FB0A480EE0042A0DD10022043001F062F89D
:2009A000002805D12100064822F0CEFB0FF00AFE406810BD20F087FBEAE7C04654E20200D2
:2009C00044AA020070B504000D00104925F0D5FF69680122200002F0DFFE0D4E2000310020
:2009E00025F0CBFFA9680122200002F0D5FE3100200025F0C2FFE9680122200002F0CCFE88
:200A00002000044925F0B9FF70BDC046AC2103003A210300652B030070B5060010200D0040
:200A2000140021F024F9034B466085600360C46070BDC046F4940200F7B50020234A244EAC
:200A400012783368111D49005F18C95A5C884905490D4C431F49A412096801907D7807200D
:200A60002F008743F82F21D00127ED08AF40A0203D00A127C005FF000132C551D2B2151DD1
:200A80006D005F19ED5A6D05680D5D884543AD12281B8446A542E1D00C480270019A002AE7
:200AA00002D00C4A336011606046FEBDA0200A4A5C68C0058450002902D10A000C00DEE761
:200AC00001220B0001920021F7E7C0462E2F00203C010020400100200C05000010B572B617
:200AE00000220D4B1C681A6062B6944211D10B4B0B4C1968A14200D10A4C20000A7808309C
:200B000022704B88520063804B680831636027F0E4FF200010BDC046400100203C010020E1
:200B20004401002074010020044B054A1A600023044A1360044A13707047C0463C010020D4
:200B400030950200400100202E2F002010B57822022002490FF0C4FE10BDC046390A00004D
:200B6000421E084BFF3A10B504009A4207D8FFF7B5FF054B241144801860002010BD01208C
:200B80004042FBE740410F0040010020044B1B68002B01D1034B1B68588800017047C046C2
:200BA000400100203C0100208023F7B5DB0004000D000800994200D333481B1A0193FFF74C
:200BC0008DFF0122A24046680092164207D12300A0210327C133FF339B00C9055F500027A1
:200BE00003789F4206DB002D01D0132B0BD9274B1860F7BD391D490042185278D208944287
:200C000038D00137EDE7009A019932434260E4021A1D52000C430133145203700122851CE6
:200C200003789A42E3DA2F00131D5B00195A2E894905490D531E1C1D6400245A6405640DB2
:200C40008C4204D9FC88023F7C81013BF3D205335B001E5201320235E2E7009A013BDBB28D
:200C6000964303704660BB42D8DD04335B001B5A0B52D3E7002DF0D0019B5A050B5A520D06
:200C8000DB0ADB021343F3E7FF0300004001002070B500210400FFF787FF00210C4B186841
:200CA0000578A94211DA0B1D5B00C3185A78161CD20894420AD10822524232435A700123D3
:200CC000A021A340034AC9058B5070BD0131E8E73C0100200C0500000022104B10491A608E
:200CE00003001233FF3341185A701A7004338B42FAD101000300002209310833FF311A70A9
:200D00009A705A70DA7004338B42F8D1C3237F229B00C254034B044A1A607047A40100201E
:200D20001103000008000020B321030070B5002140250D4C8B00C318FF335A7C7F2A12D0A3
:200D4000A25C0131C9B22A42F4D05A7D7F2AF1D0A25C7F2AEED917269E57DA7D002EE9DD8C
:200D60000132DA74E6E770BD45220300F7B5002406002500AB00F318FF335A7C7F2A2ED02E
:200D80009B7C6F1CE418E4B2FFB2EF2C15D900240235230022003900300001940094EDB294
:200DA00020F0E0F923007E22290030000194009420F0D8F90135EDB2DCE77D2AFAD8084BC0
:200DC0009B5C01221342F5D00024390023003000019400947D3220F0C5F93D00EAE7F7BDC7
:200DE000962203000300F7B500214C4A1333FF338218197004339A42FBD1FC239C46002532
:200E0000844463462A001B690093009B9D4207D37F234432920013540120FEBD0D00F4E7F7
:200E20006346DF687C5D602C01D9203CE4B2691C009EC9B200238E4204D07B5C602B01D9F0
:200E4000203BDBB20026232C21D1303B092B02D9334B344A0CE00235E9B2009C8C420AD8C3
:200E6000FF2BF5D8437053B2002BD7DA2C4B2E4A00201A60D1E77C5C2500303D092DEFD83F
:200E80000A256B430131303BE318C9B2E5E7F7B20197264FF75DA74211D1254FF75D2A2FA0
:200EA0000DD0BB420BD193000199C318FF3359744178013202351975D2B2E9B2D3E70136B4
:200EC000512EE4D100231A4D5E5DDFB22A2E0CD1164E9E5DA64208D19300C318FF335F7440
:200EE000447801321C75D2B2BDE70133512BEBD1104D493B2E7AA64208D0013D002B02D159
:200F0000074B0D4AB4E7013BDBB2F3E7002BF7D014004334A4000419A370A4E712030000F9
:200F200008000020C8210300B621030084230300D523030026240300D621030010B51130D1
:200F4000084A0949FF3003787F2B00D110BD02240457002C03DCCB5C43700430F3E7D35C58
:200F6000FAE7C04634230300E4220300F0B50600002785B0BD007519FF356C7C7F2C01D13C
:200F800005B0F0BD0222204B791C9C461B5DC9B213421FD001203A0003421DD11B4B221884
:200FA0001B1903935B78287DD2B20190E87C02340090300020F0D6F8287D039B0190E87C6A
:200FC000B91CC9B200909B783000E2B2033720F0C9F8F9B20F00CDE70132D2B213004433A0
:200FE0009B009B5D002BF7D07F2B06D06246D25C1207EFD4243B012BECD9044B621C1B19E9
:2010000003935B78CFE7C04645220300E4220300F0B50600002585B0AC003419FF34637C28
:20102000002B03D10135EFB23D00F5E77F2B00D1DCE010216E4A6F1CD25CFFB20A420BD10F
:201040004E2B20D118220D21E37C6174217D00930023019139003FE0E37C217D9206D20FD6
:2010600001910093390000233000143220F07AF8637C352B00D097E0637B5E4AD35C5B075A
:20108000D2D5102362E04F2B03D11B22DBE71C22D9E7502BFBD052B2002A21DAE27C002AF2
:2010A0001ED03A0044329200925D002A18D1A91CC9B28A00B218FF32507C03927F280FD052
:2010C0004B4A105C7F280BD9039AD27C002A07D000231F2201930093300020F043F8A3E708
:2010E000172B08D0182B33D1637B414AD35C7F2B9AD913232AE0637B013DEDB2452B1BD183
:201100001B3B63732A0043329200394B925D9A5C7F2A89D90135EDB2AD007519FF356A7CD4
:20112000002A59D09B5C7F2B00D87DE7EB7C002B00D079E71E3309E0392B01D10D3BE0E73E
:201140002B4AD35C7F2B00D86EE7122363746BE7202B05D1637B3C2B00D065E7163BF5E707
:20116000482B14D1637D7F2B02D14B23637403E01F4AD35C9B06F8D5637C1D4AD25CD2073F
:2011800000D475E7627B202A20D10C3BDEE73C2BF2D1637D7F2B00D146E7154AD35C9B061A
:2011A00000D541E73F23D1E72A2B06D1237D2B220193E37C009300234CE72C2B06D1237D55
:2011C0002D220193E37C0093002343E7452B99D0392B00D028E795E76A7D7F2A00D123E7EA
:2011E0009B5C7F2B00D81FE71E23AFE705B0F0BD4522030096220300F0B5002485B0019083
:20120000E3B2019A44339B009B5CE5B27F2B32D05C4EF35CDB072CD56A1ED2B2019B443258
:2012200092009A182B00584F013BDBB2002B23D011787F2903D0795C043A7F29F4D901998B
:201240009A008A18FF32517C7F290ED02027705C384204D04C48415C0420014205D0917CF3
:20126000480884460131614491740133DBB29D42E5D10134C4E70023022712E0730708D4AE
:20128000F3070DD5029AFF32937CD9085B1A937406E0039B9B7B9A080133D318039A93733B
:2012A000634601999A008A181400FF34617C02927F2964D0344A5E1CF0B256568446555C5A
:2012C000002E1EDA8100019841264118FF314D7C03917F2D00D0565D505D01004020014201
:2012E000CCD1123D012DDBD80233DBB2019944339B005B5CD35C0342D2D0A37C013BA37474
:20130000CEE708201F4E715C01420FD0634601999B00CB18FF33597C7F29C1D0525C3A4269
:20132000BED006229A74013A9A73B9E73D421CD00133DBB21A00019944329200525C002A41
:20134000F6D07F2AACD010498A5C3A42A8D0019A9B00D318FF339A7C520801329A74029ACF
:20136000FF32937C5B08013391E71023194297D0637BD35C3B4293D0A37C023BBFE705B085
:20138000F0BDC046962203004522030070B50400FFF7A2FC2000FFF725FD23000022FC330C
:2013A000DA601A61904226D02500224E11353368FF35934203D029001F4807F0DFFD2000DB
:2013C000FFF726FE2000FFF7B1FC2000FFF7B6FD2000FFF711FF2000FFF7C8FDC4222B0055
:2013E0009200A1181A78502A06D97F2A07D00020124B134A1A6070BD04338B42F2D1336854
:20140000002B02D00F481FF075F82000FFF7AEFC3368002B03D029000B4807F0AFFD200064
:201420001FF074FE054B0949186827F0B3FB43425841E0E768020020ED210300080000209C
:20144000FC2103002222030032220300B3210300F7B503780400002B01D10020FEBD402B89
:2014600020D101230193002304221E001D00190094462278002A3ED101200029EEDC002D38
:20148000ECDC002EEADC033B8342E7D9013C23785C2BE3D0019A002ADFD00A3B5A1E9341B6
:2014A000D8B2DBE73F491FF087FE0028D9D120003D491FF081FE0028D3D120003B491FF03F
:2014C0007BFE0028CDD1200039491FF075FE0028C7D1200037491FF06FFE0028C1D12000F3
:2014E00035491FF069FE0028BBD1200033491FF063FE0190B7E76078272A0AD1002B46D0C4
:20150000032B02D127284AD143E0012B47D8012244E0222A11D11A006746BA4309D1222895
:2015200005D1A278222A02D16246023436E0002B01D0022B33D1022230E05C2A0AD1272897
:2015400003D0222801D05C2804D11A00501E8241A41824E0002B22D15D2A14D008D8292A7D
:201560000DD05B2A0DD0283A50424241891816E07B2A0AD07D3A50424241B61A0FE00139DA
:201580000DE001350BE0013D09E0013607E02728BDD1A278272AB8D10234243AD31A013471
:2015A00067E7C046848303002F2403003524030039240300945A030076870300B1760300A0
:2015C000F0B58BB0079343180490059201930093009B5C1E049BA34201D9009310E0207856
:2015E00002F0ACFE002801D00094F1E7207802F0B1FE0028F8D123785F2BF5D02E2BF3D0BA
:20160000834B1D68009C019B9C4202D223782E2B21D1009BE71A019B9C4245D300240194C0
:2016200003940294AB68A3425AD8029B002B00D08AE0009B049A934233D1764C3A00210022
:20164000180027F033FA00282BD1079BE41907301C60C01B26E00134D5E70136AB68B342A7
:201660001FD9EB683100180002931FF0BFFD0028F3D0F3000393029BF200985809A901F0E0
:20168000EBF8099B0100BB42E7D13A00009827F092FA0028E1D1EB68039A9B185868002833
:2016A00004D100200BB0F0BD0026D7E7032318420CD10368584A934205D123F04EFF05006F
:2016C000631C00939EE7554A934201D002F04CF8856B002DE5D0524B2A689A42F0D0E0E794
:2016E000EE68210030001FF081FD00281DD0E300985909A901F0B0F8099B06000693BB4242
:2017000013D301003A00009827F055FA00280CD1039B002B12D03B00019A9A4202D3069AD3
:201720009A4204D2029B0133029301347AE7039AD15CF25C914205D10133EDE7069B0396F8
:201740000193EFE70193EDE7029B012B02D0019BBB4258D9039B079ADB191360019BD81B1D
:20176000A0E7EC68019920001FF040FD00282DD0019B09A9DB00185901F06EF8099B03903B
:201780000493BB4222D301003A00009827F013FA029000281AD133000F220F33DC17144037
:2017A000E41824112401A41B012C00DC1034049A33199B18402B1FD8029B9C4214DC0399C1
:2017C000059825F0DAF8099BF6183619019B01330193AB68019A9342C3D81249059825F0F5
:2017E000CCF8012040425DE70F49059825F0C5F8029B01330293DFE7039A0C49059825F0A7
:2018000082F9099EE2E7002340260193E1E7C046582B0020412403002CDE020070D6020093
:201820007C9402005B450300E42E03003D240300F7B545681600A8681F00019125F07EF9BE
:201840000400A86825F080F925F078F90323584307340019800020F00AFA084B04000360FD
:201860006B683200436000238560C36001993B00083013F0F9F92000FEBDC046A495020077
:2018800070B5050088680C0022F093FC230002000249280025F037F970BDC0464924030001
:2018A00010B5024821F04AFC0EF08CFE60AC020010B50400082020F0DAF9024B4460036004
:2018C00010BDC046E0950200F7B5C5680F00040011001E00002D02D11D602800FEBD020041
:2018E00003691832934205D1174B9F4203D0174806F02EF81F602000154F08307B68019344
:2019000063687B6003F07EFA019B05007B60012807D002280CD00023E36023691B6833602C
:20192000DBE723691B683360002BD6D1E360D4E7A368986825F002F9002305308000E3603D
:2019400024186368EBE7C04654E2020067240300582B002013B501ABFFF7B6FF01280ED019
:20196000104C02280DD0019BA34219D0002B17D001210D4801AA21F0DBFB0EF023FE0198C7
:2019800016BD019801F0F0FE07490CF0B3FF002801D10198F1E7019806F008FC8442F8D171
:2019A0000020EDE754E2020060AC02000B0010B5022808D14A6805491868FFF7CBFF0028B2
:2019C00003D1FFF76DFF8A68F5E710BD54E2020010B500220149FFF7BDFF10BD54E2020016
:2019E00013B5114C114A210001ABFFF76DFF012803D0022805D0200016BD0D490D4820F08F
:201A00000AFD019801F0B0FE0B490CF073FF0028F1D1019801F0A8FE08490CF06BFF0028CC
:201A2000E9D101980EF0CEFD54E20200CCA702009D24030024AC020054A9020060AC02003A
:201A40000300002206495000405A984206D20132222AF8D15808C318012018437047C046BA
:201A600030F50200F0B5037887B004000E0000929A0702D5009A002A14D1DA07D10F0291CF
:201A8000002A12D0794A3240062A0ED0032231001140164203D1764A3068904204D0009A8C
:201AA000012A02D0002550E002915B075AD52368A568DF08FF00EF19BD422DD3009B012B64
:201AC000F0D12368D9086368994210D104316160A068C90020F0E9F823686268DB08D21A76
:201AE000DB00A0600021D200C01827F009F807212368DD086A1C0B40D20013432360A36809
:201B00005A49ED005D192E600E40062E1DD0012223789343237018E02868B04218D1009B9D
:201B2000022B12D1290023687A1B083B6E6828002360083A083126F0D0FF2368DD08A368AD
:201B4000ED005D1900236E602B60280007B0F0BD029B002B04D1310001F098FE0028DED1EE
:201B60000835A9E76368002B05D1009B012B99D120001FF073FB3D4B33400593062B28D141
:201B8000F00821F039FB04906168049818F0B0F800270391039B0193019BDD00A3685D1978
:201BA000286800281CD1009B012B00D07AE707212368DA080132D2000B4013432360002F9B
:201BC00000D03D0000236B60059B2E60062B9ED1BBE73100022004F067FF43100493D3E749
:201BE00004281ED1002F00D12F0001986168013018F07EF8039B01918B42CDD1009B012B28
:201C000000D04FE7002F2CD023683D000833236000237B60059B3E60062B96D02378009A05
:201C200077E7B04212D1009B022B00D08DE723680198083B23606168013018F059F8A3681D
:201C4000C900CB58002B0AD12B607EE7029B002BCBD1310001F01AFE0028C6D0E3E7042355
:201C6000F2E720001FF0FAFA8EE7C046070080FF28990200F0B5802787B02B4D02907F4256
:201C80002C78002C1CD063B2002B12DA6E787C40E4B2002E14D0013CE4B2FF2C02D101350B
:201CA0000135EDE704ABD81D0121067001F000FDF1E704ABD81D0121047001F0F9FCEFE722
:201CC000052702981FF045FD0124A74227DD0025164E2200290030000CF0DCF96B460190C4
:201CE0001B79002B15D0631E1A002900300003930CF0D0F9031E0CD12200290030000CF07C
:201D000095F9FF22019B290013403000621E0CF08DF90135052DDBD10134E4B2D5E7013FEF
:201D2000002FCED107B0F0BDBD2403002000002010B5C820FFF79EFF004810BD54E20200C0
:201D40000048704716FCFFFF0048704716FCFFFF82B007B5049292B20593052A09D01B2AB8
:201D600002D104A804F004F8002003B008BC02B0184704AB5B88032BF6D106A9082268463E
:201D800026F0A2FE0349049A059B086814F0B4FEEAE7C046AC2A00200022044B5A60044A97
:201DA00008321A60034A13607047C046A801002058960200FC2C0020032130B504000300E1
:201DC00001220C40084204D109491D6810008D420CD0190001201140134207D10800002CF7
:201DE00004D11868034BC01A4342584130BDC046ECD00200F8CA020010B50400FFF7DCFF39
:201E000003000120002B0AD1032218002240022A05D103480440063C2000431E984110BDFF
:201E2000070080FF044B88600B60044B08004B600023CB607047C046D0E20200E9160200B8
:201E400010B501F091FC084B42680848D31859424B41B8215B428B4305495B18054906F097
:201E6000D9F90EF0AFFBC04631FDFFFF14AD0200CF0200005B250300F7B504000D0001934E
:201E800001208B180A0000210093009B934212D82726002900D0053E224F320039002000E1
:201EA00024F031FE009B9D4214D332003900200024F029FEF7BD1378272B08D0223B5E4252
:201EC0007341DBB20132002BDFD02726E4E700230100F7E72A78B24205D132001249200081
:201EE00024F011FE1AE011495C2A14D01F2A09D97F2A15D0019B002B02D053B2002B0FDB95
:201F00003900ECE70A490A2A05D00A490D2A02D0092A05D10849200024F02FFD0135C1E765
:201F20000649DCE787250300862503008A2503008D2503009025030093250300962503009A
:201F4000194B70B506000C0098420FD14968A06806F042FE051E09D0200022F08EFE002360
:201F60000620ED0023600543280070BD10201FF07EFE6168050081600660A06806F00EFE54
:201F800063686860591C2368994208D1A368EB600023EA68A9685354A3602360E4E7A0681E
:201FA0001FF083FEE860F3E72899020070B504000D00002A05D006F045FEC30006201843FA
:201FC00070BD06F009FE0028F7D12A00210002481FF066FAF4E7C0462899020010B50A0070
:201FE000010002481FF05CFA10BDC0467C960200094B10B50340062B01D1C00810BD8307CC
:2020000008D1064B02689A4204D18168C06806F019FEF3E7FFF714FF070080FF2899020031
:20202000064B10B50340062B03D1C00821F0F3F810BD8368C0680B60FAE7C046070080FFC6
:20204000F0B50D00002789B0110006001C00280003233A0000970EF0D5FA0E20BD420FD043
:20206000012D0FD1102102AA04A80CF0C3FC216802A83A0001F090FB300004A9FFF760FFF3
:2020800009B0F0BD2068830722D1164B02689A421ED104A9FFF7C4FF134B050020680340AB
:2020A000062B13D1C00821F0A7F80400002C04D12800049906F072FD04001020049F1FF07E
:2020C000D6FD06608760C5604460D9E74468EDE704A9012201F0E6FD002205990498FFF7E1
:2020E00065FFCDE77C960200070080FFF0B58DB00400039101F038FB04A906002000FFF7C7
:202100008FFF039B01902F489A0705D11B6883420AD02D4A934207D0C368002202930121CB
:20212000029C03ABA04703900024039806AA05A901F0A2FC2500059BA3420ED8290000254F
:2021400008A822F089FD0A9C059BAB4221D8300008A9FFF7F5FE0DB0F0BD069BA700D8595E
:2021600001F002FB864202D0184805F0F1FB002C01D0049BED18069BD859154B0340062B4F
:2021800005D1C00821F03DF82D180134D3E78068FAE7002D06D02000049A019926F094FC5D
:2021A000049BE418069AAB00985807A9FFF738FF079A0100200026F087FC079B0135E4183D
:2021C000C2E7C046A0D002000CE402009D250300070080FFF0B58BB0049008680C00069219
:2021E000079301F0C1FA0600606801F0BDFA864202D06068FFF724FE08A92068FFF710FF6B
:20220000050009A96068FFF70BFF089A2F00AB180393049B0590022B19D9A3681D498B4284
:2022200006D0012130000091290002F07FF90700049B032B0BD0E368164A934207D0012229
:20224000290000923000089A02F070F90390039B3800D91B069B059A0093099B1FF001F9B9
:20226000011E07D10120079B4042002B0BD00A4805F0A8F9094B9E4207D128001FF03BFBBB
:202280004100012008430BB0F0BD401B01214000F8E7C04654E20200E22503002899020082
:2022A000F0B587B0039008680D0001F05DFA04A907002868FFF7B4FE05A904006868FFF786
:2022C000AFFE039B06002000022B07D90123210000933800AB68049A02F028F9059A041BEE
:2022E0000499A418064B8C4206D8310026F0DEFB034B002800D1034B180007B0F0BDC04651
:20230000DCD00200E4D0020073B50D00060069462868FFF785FE01A904006868FFF780FE74
:202320000100022E02D9084805F040FB019A0098064D824206D8801A201826F0B7FB002827
:2023400000D1034D280076BDF6250300DCD00200E4D00200F0B58FB0079010680C0016006A
:2023600001F002FA0690012C31D0706801F0FCF9069B834202D07068FFF762FD70680DA9FB
:20238000FFF74EFE0D9B0890099330680DA9FFF747FE0D9B0B900493079B012B1CD1049B62
:2023A0005D1E01235B420A9300242700049B03940593059B002B13D1039B002B23D1214B53
:2023C000069A0E209A4200D01F480FB0F0BD072309931E4B0893D8E7012300250A93E3E777
:2023E0000B9B09995A190123089800931FF039F8002816D1039B002B19D1079B002B09D122
:202400002F00049B5C1E049B0134E21B934212D13068DAE7079B2C00012B0AD001232F006B
:2024200003930A9BED18059B013B0593C1E72C00F7E7039FE7E70B9B0698D9191FF030F859
:20244000C3E7C046289902006C9602002A2A0300F0B589B0049008680D0001F085F9070049
:20246000686801F081F9874202D06868FFF7E8FC06A92868FFF7D4FD060007A96868FFF75A
:20248000CFFD069A3400B3180393049B0590022B19D9AB681D498B4206D0012138000091E1
:2024A000310002F043F80400049B032B0BD0EB68164A934207D00122310000923800069AF5
:2024C00002F034F803900025079BAB4212D1039B2000191B1FF01EFA013045000120284399
:2024E00009B0F0BD2000059926F0E0FA002808D101353400079A039BA6189E42F2D96D0048
:20250000ECE720001FF0EEF90600F2E754E2020010B5010001481FF0B2F810BD35190200D6
:2025200010B5010001481FF0AAF810BD47190200F7B50600080001A9FFF772FD019B070040
:20254000002B01D11248FEBD124B9E420DD0124B00249E420AD0385DB0470028F2D0019B02
:202560000134A342F7D80D48EDE700242500385D01F0E4FE002803D0385DB047051EE1D03D
:20258000019B0134A342F2D8002DECD1DAE7C046DCD00200A5430000BD430000E4D00200BE
:2025A00010B501000148FFF7C3FF10BD2543000010B501000148FFF7BBFF10BD3D43000013
:2025C00010B501000148FFF7B3FF10BD5543000010B501000148FFF7ABFF10BDA54300007B
:2025E00010B501000148FFF7A3FF10BDBD430000F0B585B005000C00170001F0B5F8694618
:2026000006002800FFF70CFD0500042F23D10098A30715D1114B22689A4211D1210001AAC9
:202620000BF0B4F8002802D10D4805F0BFF90199029A3000521A69181EF032FF05B0F0BD02
:20264000002301002200300001F04CFA2B5C01205B001843F2E70020F0E7C046F49402000F
:202660000826030070B50A001C008EB0002900D176E018683B4E03003340062B05D0830741
:2026800026D1394B0168994222D1023A012A64D80AA9FFF7C5FC050020680640062E15D18E
:2026A000C00820F0A9FD0400002C04D128000A9906F074FA040010200A9E1FF0D8FA2B4B35
:2026C00086600360C56044600EB070BD4468EBE7012A42D103001340DBB2002B10D04410FF
:2026E00021000AA822F0B8FA0C9B002122001800019326F005FA0AA91C48FFF721FCE3E7A4
:2027000003A91FF05AF8002805D0049A039917481EF0C6FED8E7206801F024FA1021002895
:2027200000D0411006A822F087FA20680AA904F025FB0400200004F083FB002801D106A9A9
:20274000DAE701F0F5F8FF2802D9094804F03AFFC1B206A822F0CEFAECE7064805F0F8F859
:202760000548B1E7070080FF289902007C96020039260300522603006C96020073B504000A
:20278000080001A91600FFF74BFC0500042E06D10300019A2000074924F0B5F973BD200006
:2027A000054924F0EAF8012329002000019AFFF763FBF3E76C260300DC4F03000A001A4B6D
:2027C00073B51A4005000C000340062B08D1401A062A24D0E80820F00FFD0600606805E0DC
:2027E0004668062AFAD1C80820F006FD002E05D0002803D0B04201D0002076BD6946280062
:20280000FFF70EFC01A905002000FFF709FC009A019B01009A42EFD1280026F047F9434218
:202820005841C0B2E9E7C046070080FF084B07B50340062B08D0830704D10268054B9269C2
:202840009A4201D0FFF7FCFA01A9FFF7E9FB0EBD070080FF012E00000A4B13B503400C006F
:20286000062B08D0830704D10268074B92699A4201D0FFF7E5FA01A9FFF7D2FB019B23602B
:2028800016BDC046070080FF012E0000F0B59BB00B900591089210210EAA12A809930CF0B4
:2028A000A9F8059B089A934208D30B9A12AB13CB13C21B6813600B981BB0F0BD059B19782E
:2028C0005F1C7D290ED1089BBB4208D9059B59787D2904D112A822F00DFA059707E0B1483C
:2028E00004F070FE7B2906D012A822F003FA059B01330593D5E7089BBB422ED9059B5978F3
:202900007B29E7D03B007D2903D0212901D03A2925D100273C0000211A780691212A0BD160
:2029200008995A1C914223D95A780692723A012A1ED80233994210D900211A7805913A2AD4
:2029400026D15A1C5B7805927D2B25D00122059B15E0089A01339A4201D19348C0E71A78B3
:202960007D2A03D0212A01D03A2AF2D11C00D2E78E48B5E719787B2905D101320133089940
:202980008B42F7D3E9E77D29F8D1013A002AF5D1059A0593079205E0089B059A9342DCD9B5
:2029A00000230793059B1B787D2B01D0804897E7002F48D000233878169301F0CBFC0028C5
:2029C0003DD0099B1B680A93002B01DD794887E716AA210038001EF02CFD209A169B013AF8
:2029E00006009A4203D8744974481FF014FD219A01339B009D580122099B52421A60A64245
:202A000031D26F4804F0D2FF0136A64204D233782E2B01D05B2BF7D1F11B01223800FFF7C2
:202A2000C5FA0022070001002298FFF71BF8002807D13900634820F087FB0DF0C3FD3E0079
:202A4000E3E74568DBE7099B1B68002B01DA5E4846E7209A013A9342C5D2013321999A0054
:202A60005558099A1360079B002B18D1069B002B05D0069B733B5A1E9341DBB2069310214A
:202A800010AA16A80BF0B6FF2900069A10A800F083FE4E4816A9FFF753FA050002E0069BFC
:202AA000002BE6D101235B420D931093079B002B00D1ACE0FDF770FC229B059A0293219BF9
:202AC00007990193209B16A80093099BFFF7DEFE16A822F0FDF80027179B0400C3180A9326
:202AE00003780693BB4208D0394E1900300026F043F8B84200D16DE1013423782B2B4ED06F
:202B000000262D2B02D0202B01D1043601342378232B02D1133B1E4301342378302B07D16B
:202B2000069A002A01D13D320692002F00D11F0020000A990DAA1EF07CFC037807902C2B6A
:202B400004D10C3B1E43030001330793079B1B782E2B06D107980A99013010AA1EF069FC22
:202B60000790079B1C78002C38D02100194826F003F8002803D0079B5B78002B2ED01648CA
:202B8000AEE63900300025F0F7FF002804D03B000234069F0693B0E707000690ADE7022692
:202BA000B4E7C04671260300B226030099260300CA260300EE2603003827030008AA02001D
:202BC0005127030044AA02006E27030028990200B8270300BD270300CD27030016A822F09F
:202BE0004CF8069B002B08D12800FFF705F93E230693002801D1023B0693002F00D12037AF
:202C000006231E420BD0732C05D1754868E6079E34003700E8E7632C01D1724860E6069BEF
:202C20003D2B20D05E2B20D03C2B01D13B3B1E432800FFF7C1F8002869D0782C09D8612C69
:202C400015D8472C25D8442C61D8002C48D0252C5DD028001EF09AFD220003006249634864
:202C600005F0D8FAE9E64023E1E78023DFE7200062381628EDD816F097FF1825334A4A4A83
:202C8000ECECECECECEC333CECECECECECECECEC0E00582CDDD10022230003920D9A173BCA
:202CA000029201971022009607E0002303930D9B0222029361230197009629000EA811F08D
:202CC0005FFD14E6280000F033FE0D9B16A9087001220193330000970EA811F0F1FC06E665
:202CE000002303930D9B0A220293019761230096E3E7F30602D580239B001E43002303930E
:202D00000D9B08220293019761230096D5E72800FFF772F8002839D0002C23D06E2C21D07B
:202D2000252C21D0242C16D9472C10D8442C12D9280000F063FE109B220002930D9B011CBC
:202D40000193330000970EA823F092FECFE52300653B022BECD928001EF018FD22000300E3
:202D600023497CE76724E3E72800802400F046FE204917F08FFD109B640002930D9B344370
:202D8000019366222300011C0097DCE7069B3D2B01D11948A4E5002C01D0732C13D116A979
:202DA0002800FFF759FD109B0100169A002B00DA1092109B9A4200D916930D9B169A0193A7
:202DC0000097330088E728001EF0E0FC220003000A4944E76778002F00D0D2E606978CE660
:202DE000E627030012280300452803008CAD0200762803000000C842AA280300DF28030051
:202E0000F0B5A1B005000C000D920A2800D0F7E10DAB0F93012315001093032305921D40E2
:202E20001A423CD11368B24A934206D105980FAA10A923F093FD059502E0AE4A9342FAD140
:202E4000109B200007930F9B11A90893FFF7E8F8002309900A93A30705D1A74A23689B1A2E
:202E60005A425A410A9214AA102118A80BF0C2FD119A00279446099B099C63440493049B44
:202E8000A3420FD8079B9D48BB4229D10A9B9A48002B00D19A4818A9FFF752F8C9E10023B5
:202EA0000593CDE72178252904D018A821F022FF0134E4E7049B661CB34202D8914804F05C
:202EC00081FB6178252904D118A821F013FF3400EEE70025282915D1059BAB4202D18A4800
:202EE00004F036FDA01C06003378292B23D1311A0122FFF75BF801000598FDF7D9FC0127B0
:202F0000050001360023340040220026302104200B9320330693049BA34213D80023129360
:202F2000049BA34231D923782A2B6DD1079BBB4221D87648D4E7049BB34201D17448BEE7FD
:202F40000136D1E723782D2B03D12C3B1E430134E1E72B2B01D1293BF8E7202B01D1064325
:202F6000F5E7232B04D0302BD8D116430691EEE710230B93EBE77B1C0C93089BBF00F858FF
:202F800000F0D6FC0C9F1290013401235B421393049BA34292D923782E2B17D1049B601CA0
:202FA00083428BD963782A2B35D1079BBB42C0D97B1C0C93089BBF00F85800F0B9FC0C9F42
:202FC00013900234049BA34200D877E7002D06D1079BBB42ADD9089ABB009D580137227811
:202FE000472A45D8442A48D9280000F007FD139B22780293129B011C0193069B14A800936D
:20300000330023F035FD53E72000049912AA1EF010FA0400B9E70023049913AA13931EF098
:2030200008FA0400CEE7202827D816F0D1FDDC0026002600260026002600260026002600AE
:203040002600260030007D00DDFFDDFFDDFF26007D00260026002600260026009B002600C1
:203060002600AB00AB0026007D0026002600DC0010005838C3B2202BD5D9099B2549E41AEB
:2030800025481300009405F0C5F80DF09BFA234B2B40062B05D0AB0716D1194B2A689A428E
:2030A00012D11CA92800FFF7D7FB1C9A0100012A01D01B4814E7129B01932023009333001D
:2030C00014A811F0FDFAF3E62800FEF775FE00280BD0280000F02CFC129B1CA90870019312
:2030E0002023012200933300EAE70E48F8E6C0460CE402007C9402007C960200D62903007F
:20310000289902001129030023290300502903003A290300A12903008CAD0200070080FFF0
:20312000772903009029030003222B001340022B0AD17C4B2B40062B06D0FF23DB05E8184A
:20314000904307F0F5FF0500139B0A220393129B00960293069B01936123290014A811F0C5
:203160000FFBA5E60B9B002B02D084239B001E43139B08220393129B00960293069B0193F9
:203180006123EAE7102116AA1CA80BF033FC23781A00723A51424A41D2B2722B09D00A9BDD
:2031A000002B06D0AB0704D15F4B2968994200D10422290016A800F0EFFA139A1D9B002A2B
:2031C00000DA1393139A9A4200D91A00129B1E990193202314A80093330011F071FA1CA806
:2031E00021F04BFD64E61300139A173B0392129A0292069A01920B9A164300961022ACE7B9
:20320000080000F0B1FA16A906002000FEF708FF0590072D20D10D9818A900F0C7FB002830
:2032200007D01899002906DC404B0E209E4200D03F4821B0F0BD169B1CA8594321F00CFD62
:203240001E9B0121059804930093169A189B21F08EFA30001CA91FE60D9800F085FA8642FA
:203260000FD10D981CA9FEF7DBFE1C9F04901D2D17D8182D4ED8052D21D0122D1FD00020D2
:20328000D7E7294B0D989E4209D101221CA91EF094FA0028CDD01C9B1D9F0493E7E7FEF787
:2032A000CFFD1F2DEBD10123049A009316993B0005981EF0D6F800282AD11E48B9E7169BA8
:2032C000002B07D10D9800F04FFA864202D10D9C2000AEE7002FFBD0169B1CA8F91821F083
:2032E000BBFC1E9B169A18000599069325F0ECFB1E9B3A0018000593169B04999C466044EC
:2033000025F0E2FB30001CA9FEF71AFE0400DFE709488EE72800049B169A0599009721F06C
:203320005CFAC8E7070080FF7C960200289902006C960200DCD00200E4D00200F0B5050019
:2033400087B008680C0000F00FFA0090012D28D96668022D26D0A06800F0EAFA050000210D
:20336000080021F05CF804A901902068FEF758FE049B0400C7183E4B9E4241D1BC422AD2D8
:20338000207800F0CFFF00280FD1002D0FD1210000983A1B1EF084F80100019808F0A6FEF4
:2033A00019E0334E01256D42D9E70134E6E72600307800F0B7FF002802D10136B742F7D88E
:2033C00021000098321B1EF06BF80100019808F08DFEB74208D8019807B0F0BD0136B74253
:2033E00002D1002D07DCF6E7307800F09BFF0028F4D1002D00DD013DB742ECD93400C4E709
:20340000300000F0B1F9009B834202D03000FEF717FD300005A9FFF71FFA059B0390002B2C
:2034200013D1144804F0CEF83E0021000098321B1EF036F80100019808F058FEBE42CAD28E
:20344000059BF418002D00DD013D2600059B0293002DE9D0029BF3189F42E5D33000029A2A
:20346000039925F023FB0028DFD00136F0E7C04654E202000B2A0300F0B507000C0089B031
:20348000022807D821003800FFF758FF0400200009B0F0BD086800F067F906A9029020686A
:2034A0006568FEF7BDFD0090A06800F041FA061EE8DB431C18000021039320F0B0FF2C4B82
:2034C00004009D4202D12B4804F070FA280007A9FFF7C2F9079B0490002B02D1264804F046
:2034E00071F8069A35009446009B63440193079F019BDE1B002D0BD0009BB34208D83A00F1
:203500003000049925F0D2FA002821D0013EF1E7E368AE00009A9F19019B009902989A1AFF
:203520001DF0BEFF3860002DB1D0039B5D1BE368AF0099193A00180025F0CFFA636800219D
:203540005A1BE3689200D81925F0DAFAA5609EE7E268AB00D3180593019B02989A1BD21B65
:20356000F1191DF09DFF059B013D18600196BEE754E202001B2A03000B2A030070B50C001D
:203580008AB0050004A920681600FEF749FD00230593049B0100C218029605AB06A80194A6
:2035A0000095FFF773F906A90248FEF7C9FC0AB070BDC0462899020010B50400034B036037
:2035C000403023F01FFD200010BDC0466898020010B50F4C200024F019FF002808D02000CB
:2035E00024F0E5FE0B4B1B68984202D10CF04CFE10BD3F21084A138801330B40074909888E
:203600008B42F5D01188064C13806054F0E7C046B00100206C020020242F0020262F0020C2
:203620002F2F0020002210B5044B05491A80054B05481A8024F0EFFE10BDC046242F002070
:20364000D1350000262F0020B0010020034B1888034B1B88C01A431E98417047262F0020FF
:20366000242F0020084A094B10881988884201D130BFF9E713880649C85C3F211388013350
:203680000B4013807047C046262F0020242F00202F2F002070B504004518AC4205D0217847
:2036A000024824F088FE0134F7E770BDB001002070B504004518AC420DD02378064E0A2BA0
:2036C00003D10D21300024F076FE2178300024F072FE0134EFE770BDB001002070B50400B1
:2036E0000825002C08D02100082C00D929000348641AFFF7CFFFF4E770BDC046312A030049
:2037000070B5050004000826002C08D02100082C00D931000448641AFFF7BCFFF4E728006C
:20372000FFF7DCFF70BDC0463A2A030010B50100014821F0FBF810BD20000020142313B5FF
:20374000064C009319221821200013F01DFF2000034A044925F03EF913BDC046B001002024
:2037600000000020B935000003000748DA070AD4064A07481A40062A05D0032205481A4060
:20378000022A00D018687047F8CA0200070080FF28990200CCA1020070B50D00040016002E
:2037A000FCF7FAFD2800FFF7DFFF8368002B04D0320029002000984770BD4268024920009D
:2037C00023F0A1F9F8E7C046432A030010B50A0001000248FFF7E0FF10BDC0467CE40200C3
:2037E000F7B5040008000E001FF0B9FC00280FD06946300001AA04F0AFFD009B002B07D071
:203800002000154923F0B9F8009BDD1E002D09DA310002222000FFF7BFFF20000F4923F00C
:20382000ACF8F7BD019AAF00D3195B68D25920000B4923F068F9019BDF19BA68002A05D16E
:203840002000064923F099F8033DDFE72000054923F059F9F8E7C046482A03005B4503007F
:203860006C2A0300812A030010B50400FFF77CFF054B0069984203D0431E9841C0B210BDE8
:20388000200021F075F9FAE70DE7000070B505000C0001208D4203D0214B9D4201D100207E
:2038A00070BD9942FBD001231D4204D01942F6D12B000D001C002A001A4B1A40062A05D07A
:2038C000AA0711D1184A296891420DD12340062B05D0A307E3D1144B22689A42DFD1210054
:2038E0002800FEF76BFFDBE72340062BD7D0A30703D10D4B22689A42D1D02800FFF734FF16
:203900008369002BCBD0220029001B2098470028C5D0064BC01A43425841C0B2C0E7C0466B
:2039200054E20200070080FF28990200E4D00200104B10B5984219D00F4A0123904217D037
:20394000184201D0184110BD830706D10B4B02689A4202D10CF00EF8F5E71DF017FF0849F4
:203960000200084804F056FC0CF02CFE0020EAE71800E8E7DCD00200E4D00200F8CA020089
:203980008A2A030014AD020010B5C30705D4830706D1054B02689A4202D121F0BFFB10BDE3
:2039A000FFF7C6FFFBE7C046F8CA0200104B70B50D000124984203D100230B6022000AE0A6
:2039C0000C4B984201D10C60F8E702002240204203D040100860100070BD8307FBD1064B64
:2039E00001689942F7D10BF0C5FF2860E6E7C046DCD00200E4D00200F8CA0200184B10B551
:203A0000984228D0174B984227D0C30703D5401017F04AFA10BD0323184206D1124A01687B
:203A2000914202D121F083FBF4E702001A40022A08D10E4A0240062A04D0FF22D2058018E7
:203A40009843E7E71DF0A2FE09490200094804F0E1FB0CF0B7FD0020DCE7FE208005D9E7A5
:203A6000DCD00200E4D00200F8CA0200070080FFA22A030014AD020010B583070CD103686F
:203A80000A4CA34202D122F069FF10BD084CA34202D120F0DBFCF8E71DF078FE054902002C
:203AA000054804F0B7FB0CF08DFDC0460CE40200A0D00200BC2A030014AD020013B50C00A3
:203AC00001A9FFF7D9FF019BA34206D022000349034804F09FFB0CF075FD13BDDF2A030086
:203AE0008CAD0200F7B506000D0014001F00D3070FD554100194019B002B01DA5B19019338
:203B0000019B002F1BD0002B15DA002301930198FEBD100001A9FFF749FF0028EBD12000CE
:203B200075681DF033FE2A0003000A490A4804F071FB0CF047FDAB42E9D90195E7E7002BBA
:203B400001DBAB42E3D372680449054804F062FBEFE7C0460C2B030014AD0200302B0300EA
:203B600008AA020010B50400830710D10D4B02689A420CD10C4B0340062B06D1C0081FF069
:203B800040FB43000120184310BD8068F9E72000FFF7EAFD4369181EF6D0210001209847D0
:203BA000F2E7C0467C960200070080FF164B70B5040000209C4203D0144DAC4201D10120EF
:203BC00070BD134B00209C42FAD00123260060101E401C4215D12000FFF7C6FD4369002B86
:203BE00009D0210030009847002804D0401B43425841C0B2E4E72000FFF7B4FF0028DED06B
:203C00000138431E9841F4E7DCD00200E4D0020054E2020010B50400FFF7A4FF002809D156
:203C200020001DF0B3FD04490200044804F0F2FA0CF0C8FC10BDC046462B030014AD020062
:203C400070B504000E001500FFF78EFD036A002B05D02A00310020009847002818D120009F
:203C60000C4E002D08D11DF091FD02000A49300004F0D0FA0CF0A6FC042D04D11DF086FDD2
:203C800006490200F3E71DF081FD05490200EEE770BDC04614AD0200672B0300922B0300FE
:203CA000B32B030010B51DF088FD002802D1024803F04EFE10BDC046E02B0300F0B50500BD
:203CC00089B008680C00FEF7B1FD039003A81DF08DFD00270126039B01900593059B197871
:203CE00000291AD1380010F0D7FB0122060005A96068FFF7D7FF059B069A04939B1800931E
:203D0000022D20D9A068FFF713FE002818DA069BC01815D5274803F055FC080000F01AFB2F
:203D2000002805D13000059B3F1801330593D5E705A81DF06DFD059B1B78732BF3D1F1E745
:203D4000049B181804900024BC4202D3300009B0F0BD039B0125187800F0FCFA002803D03E
:203D600003A81DF055FD05000498009A43199A42D0D3039B1B78732B0DD06519039BAC426D
:203D800013D0197804AA019806F076FC0134331DA2009850F2E72900FEF720F9049B5D19CC
:203DA0000495651C0234A4003051039B2C0001330393C9E7052C0300F0B589B00391009212
:203DC0000193FEF733FD049004A81DF00FFD002401270290019B9C4201D309B0F0BD049BA0
:203DE00018780028F9D000F0B5FA3D00002803D004A81DF00DFD0500039B009A5B199A421B
:203E000002D21A4803F0DEFB049B66191B78732B27D10E9B661CA400E0583A0005A9FFF774
:203E200041FF069CAC4200D92C0022000599039824F04AFE039B2A1B1819002124F060FE4F
:203E4000039B5D190395049B340001330493C1E70E98A2001978825803AB029806F06CFC17
:203E60000134049BA642F3D1EDE7C046052C0300F0B50F0089B0039001CF0D001DF0DCFC72
:203E80004410210004A820F0E7FE069E22000021300024F035FE039B31002868013B3219C8
:203EA0000097FFF789FF04A90248FEF749F809B0F0BDC0467C96020030B50C0089B0050011
:203EC0000222606805A9FFF7EDFEA068FFF730FD002806DA069B0393C01802D5084803F00B
:203EE00071FB0599069AEB1E8A18091820000C3000902068FFF760FF024809B030BDC0468D
:203F0000052C030054E20200F8B5214E3568696801292DD9AB684C1E1A5D0A2A28D15A1EE2
:203F2000002C01DC220008E0105D0A28FAD0013CF6E7985C202802D101329142F9D8002CD9
:203F40000BDD501C814208D1601E002805D001381F5C0A2F0CD0202FF7D05B18023B1B78D4
:203F6000141B3A3B5A425341A408E418013C00D2F8BD084F04223900280020F041FE0421AF
:203F80003800FFF787FB336904333361EEE7C04610020020E12E030010B520220021024879
:203FA00024F0AEFD10BDC046B82B002002000800002110B5074B1A60526899601975013935
:203FC0005A60D9601A6198611DF0B6FBFFF79CFF10BDC04610020020F8B503780400002BCF
:203FE0001BD00E4F386E002804D0210024F0D2FD002812D0200024F0D7FD461C30001DF022
:2040000043FE051E09D03200210024F05DFD1C220349044824F061FD3D66F8BD582B00205F
:20402000B82B0020BC2B0020F0B5B84C02002068A568436885B00193002D00D0FDE0531E77
:20404000042B11D8636801998B4200D195E0012A00D12DE1022A07D123696268934200D9BE
:204060005CE10122524288E0032A00D185E0042A00D133E1052A00D107E1062A0ED12369EB
:20408000019A9342AD416D42002DEADD2368290098682369C018FFF7FDFA1FE00B2A21D1F4
:2040A000019B2269991A20F0BBFE2368019A5B68934204D213002269981AFFF721FB2268DD
:2040C000236951689068C91AC018FFF7E3FA236858682369C01A401BFFF700FB23695D1916
:2040E0002561BEE70E2A13D1E368002BB9DB013B6268E360019B991A20F092FEE368002BC1
:2041000018DB834A16339B00D318996820680FE0102A16D1E368062BA3DC7D4A5D1C1733F2
:204120009B00D318996800299BD06368E560436020F03BFE63682269D61A22685568ED1AD4
:204140000AE0152A0CD12369626861689A1A20F06EFE236962689E1A0127002E2FDCA4E710
:204160000D2A0DD16B481DF0E7FA206820F0B0FD6368C018FFF730FF0022100005B0F0BDE8
:2041800001231B2A62D0082A01D07F2A20D121696368994200D864E701228668D21AF75C44
:2041A000202F13D1D71801339942F8D80126032F00DD03363200891B20F039FE012730001A
:2041C000FFF78CFA23699E1B26617BE00126F1E7092A28D1636822698068D11AC0184E4A78
:2041E00003ABFDF7EDF9071E00D13AE70026431C0BD1A0691DF0A0FA63682269D11A226844
:204200009068C018FFF746FA4FE723692068F118039B01365A1C03921A7820F0EFFDB742DE
:20422000F3D13D0041E71300203B5E2B00D918E7216920F0ECFD012537E7012D08D1042391
:204240004F2A03D002235B2A00D00023A36008E7022D20D11300303B092B03D80323227519
:20426000A360FEE60023A360412A00D152E7422A00D139E7432A00D101E7442A00D1EBE629
:20428000482A15D0462A00D0EBE60027019B22693E009D1A11E00021032D2DD10D000F0017
:2042A0000E007E2A09D1237D312B01D0372B0DD100252F00236962689E1A0023A3609E42F9
:2042C00000DD7CE7002F00D1DEE6EEE61A00FB25343A2A42D9D00D00332BEED12169019BF9
:2042E000994206D2012220F0A2FD002501272E00E3E700252F00FAE7042D04D1462AC4D0B5
:20430000482AD5D0A1E7A160ABE6C04610020020582B0020C16103007CE4020000250126BE
:204320002F004CE7030000207F2B03D8024AD05C8007C00F7047C046162C03000300002080
:204340007F2B03D8024AD05C0007C00F7047C046162C0300030000207F2B03D8024AD05C68
:204360004007C00F7047C046162C0300030000207F2B03D8024AD05C4006C00F7047C04633
:20438000162C030000237F2808D80C22044B195C0123114202D15F38434243411800704783
:2043A000162C0300030000207F2B03D8024AD05CC006C00F7047C046162C030003000020DE
:2043C0007F2B03D8024AD05C8006C00F7047C046162C0300044B88600B60044B08004B60E5
:2043E0000023CB607047C046D0E20200891A020013B50400080001A9FDF712FE002C03D0D8
:20440000012C07D0002016BD019B0548002BFAD10448F8E701991DF07DFA40002043F2E701
:20442000E4D00200DCD00200F0B585B00400080003A91500FDF7F4FD0600002D07D103007E
:20444000039A20002F4922F05EFB05B0F0BD039B0200C318002101200193019B934206D8BA
:204460002727002900D0053F3A0027491AE01378272B08D0223B5D426B41DBB20132002BC5
:20448000EBD02727F0E700230100F7E730001DF00DFA050030001DF025FA0600AF4205D1C8
:2044A0003A001A49200022F02EFB14E018495C2D0ED02B00203B5E2B01D82A00D5E715491C
:2044C0000A2D05D014490D2D02D0092D0CD11349200022F052FA019BB342D7D83A002000E0
:2044E000094922F010FBB0E7FF2D02D82A000C49D8E780232A000B495B029D42D2D30A491D
:20450000D0E7C0466C26030087250300862503008A2503008D250300902503009325030012
:2045200096250300962C03009D2C0300F7B51E0008AB1D78294B0C001700984206D12B00A7
:2045400032003900FFF7CEFA2018FEBDF30715D576100196019BE719002B2ADA781E0021BC
:204560003F260127844219D9002900D001932000002DEAD11A491B481DF04DFF300001A968
:20458000FFF714FA0028E5D130001DF0FFF816490200164803F03EFE0CF014F80278B243A0
:2045A000802A01D039000133421E002BCDD01000D8E72000002101243F26B84204D3002957
:2045C00000D001933800D3E7013BBED3210001300278B243802AF0D10130F9E77C96020067
:2045E000CC2C030008AA0200A42C030014AD0200F0B587B004000E001700FFF7B5F802A923
:2046000005002000FDF70CFD0400042F4FD1B30734D1284B32689A4230D105AB300004AAEA
:2046200003A91CF067FD059B234FBB4204D0032B02D0224803F0BAF9039B2600BB4207D0D3
:204640000122210000922800029AFFF76FFF0600029A049BA118BB4206D0012128000091B4
:204660002100FFF763FF01000E208E4204D88A1B280031001CF014FF07B0F0BD0023210021
:20468000029A009328003300FFF750FF0023C35601210278002B06DA4023012101E00131D0
:2046A0005B081342FBD10122FDF780FCE4E70020E2E7C046F494020054E202000826030036
:2046C000014B58687047C046582B0020014B18687047C046582B0020F0B5194F87B03B685B
:2046E000050000200C0001931CF0C4FC3860009020681DF044FE019B06003B60114F022D5E
:2047000003D0A068FFF730F80700210063680831A81E03930FF0C0FE009B04900593002272
:2047200003AB0321380002F033FA074B04009E4203D0010030001EF00BFE200007B0F0BD7B
:20474000582B002070D6020054E202001FB5694602F014FB0400200002F072FB002802D134
:20476000044804B010BDFFF721FA0028F3D10248F7E7C046E4D00200DCD002001FB569465A
:2047800002F0FCFA0400200002F05AFB002802D1044804B010BDFFF709FA0028F3D00248D0
:2047A000F7E7C046DCD00200E4D0020010B5FFF75BF8034B002800D1024B180010BDC04624
:2047C000E4D00200DCD0020037B5FFF7B1F8030001A87F2B05D8012103700122FDF7E6FB2A
:2047E0003EBD80219A0909018B420BD2402149420A4302703F221A4080235B421343437017
:204800004231EAE78024190B6402A3420ED2202464422143017080215F344942224023401E
:204820000A431943817042700321D6E788246403A34212D210249D0C64422C4304703F25A5
:204840008024294064422A402B40214322432343417082700421C370BFE7014802F0B2FE15
:20486000E62C03007FB50B00012803D100211868FEF7ACFF102102A820F0DEF90C4902A8E5
:204880001DF00AF8032804D10A481EF057FC0BF099FE039B0193002B03D1042801D1064847
:2048A000F3E702A90548FDF74BFB07B000BDC0461181030080AA0200DCA802002899020068
:2048C000F0B589B0019202900D0000222F4901980393FDF7C7F80090002801D04368009385
:2048E000029B012B15D000273C000197029B9F4225D0009B2E68002B04D0310018001DF016
:2049000045FD0600002C38D12C68019601370435ECE70024286804A902F030FA2700029075
:20492000029802F08DFA051E0CD1002C07D1220017490198FDF796F800281BD044682000E4
:2049400009B0F0BD009B2E00002B04D0290018001DF01CFD0600002C09D03A0031000398B1
:2049600002F038FE0B4B834201D025003E002C003700D5E7084802F025FE3100019A0398D5
:2049800002F028FE034B8342C0D1BDE7861300004E110000E4D00200072D030037B501A93C
:2049A0000500FDF759FF1E4B04002B40062B05D0AB072BD11B4B2A689A4227D12000019994
:2049C0001CF0A8FF0190012823D10023E3562078002B04DB012023785B0018433EBD7F2369
:2049E000013418403F3B034208D13F22237819009143802905D020F054FBEFE798435B10B0
:204A0000F1E78001134001341843EFE7019B012BE0D0019A0449054803F0FCFB0BF0D2FD23
:204A2000070080FF28990200202D030014AD0200F0B5150087B0002202900391280023494D
:204A4000FDF710F80022040021492800FDF70AF8012305001F4E04930593002C07D060681C
:204A60001D4B984203D004A9FDF7F6FE06001B4C002D07D06868184B984203D005A9FDF799
:204A8000EBFE04000025029B154F9D420AD1002321003800059A019300930FF011FE0E48A3
:204AA00007B0F0BD002D07D0002331003800049A019300930FF004FE0399AB00002238009B
:204AC000C958FEF769FE0135DDE7C04606160000B6110000E42E030054E202005B45030086
:204AE0007CE4020010B5040086B06A4602A8102109F080FF012221006846FEF74DFE02A975
:204B00000248FDF71DFA06B010BDC0462899020070B50C68E30726D4A30703D1174B22680D
:204B20009A4220D0012820D94868FEF701FF06002000FEF763FF051C300016F0B5F9011C43
:204B40000F4818F05DFD011C041C281C15F0A2FE18F048FB211C15F0D5FC032302249843F1
:204B6000084B0443E418200070BD2000FEF746FF18F038FB06F0DCFA0400F4E7F8CA02004E
:204B8000000020410000808030B50B00140085B0012802D9094802F0DBFE09480121C268BE
:204BA0000192019D0022A8472200039003A9012007F0FAFA039805B030BDC0465A2D030079
:204BC000A0D0020013B504000800FDF711FA6A460100200002F054F8009B0248002B00D1A0
:204BE000014816BDE4D00200DCD0020037B50024022800D98C6848680D68FDF7F9F90A4BCE
:204C00000100002C00D0094B6A4628009847009B002B07D001991C00002903D0180000F035
:204C2000E3F8040020003EBDE56C0000816C000070B5040008001500FDF7DAF92A00010004
:204C4000200002F077F8014870BDC04654E20200F8B50327060004003E40022E16D10E4B50
:204C60000340062B12D0FF23DB05C518BD430021281C15F07DF9002806D080231B06ED1858
:204C8000BD43064B3543EC182000F8BD20000AF049FE0400F8E7C046070080FF00008080A2
:204CA00010B502F0A5F8002804D103481EF046FA0BF088FC10BDC04660AC020010B50228BB
:204CC00003D0044904481DF0A6FB0B2006C902F081FC10BD852D030070AB02007FB50D4D24
:204CE0000400A84213D00C4E012201003000FEF753FD0A49300021F040FE04230293084B0F
:204D00000321DB690748039402AA01939847280004B070BD54E202007CE402005B450300E0
:204D20002CDE0200509B0200F8B504000E0000280ED1284B1D68002108001FF070FB0027F2
:204D40000600BD4232D10025AC423ED13000F8BD0868830714D103681F4A93420DD120F0CE
:204D6000FCFB05003068FEF7FFFC1C4BC26800249A42E0D134680434DDE7194A934201D0CC
:204D8000FEF7F2FC856B002DECD0164B2A689A42E8D00025E6E7EA68FB009958002904D0A3
:204DA000042902D0300007F0A1F90137AB68BB42F1D8C8E7A268EB009958002904D0042963
:204DC00002D0300007F092F901356368AB42F1D8BCE7C046582B00202CDE020085E20000D9
:204DE00070D602007C94020070B505000C200C001CF03DFF024B45600360846070BDC04643
:204E0000389E0200F0B5036899B001909868079121F094FE431E019A0493031D9B00D3185C
:204E200002931300800014331B180F210393D368012206A81A4009180A70032293430A9371
:204E40000CA80BF099FB031E01D000F04BFD019A55689468079A002A00D197E22A785E2A52
:204E600000D193E20798079302F0C6FA04000AE0D64B63600434D64B9A6C002A00D184E26F
:204E800000229C6C9A640BF095FB0D9400F02AFDD04BEEE7D04BECE77F216B785B06DB17F3
:204EA0003A78DB01100052B2084003430137002AF6DB01225B001343DBE700237F213A7884
:204EC000DB01100052B20840C3180137002AF6DB0622DB00EFE703220337974308CFC8E7F4
:204EE0000023C6E700237F213A78DB01100052B20840C3180137002AF6DB9B005B42029A53
:204F00009858002800D006E3B449B5481EF023F9ACE700237F213A78DB01100052B208405C
:204F2000C3180137002AF6DB029A9B005B4298581EF00CFAE5E700207F223B78C001190071
:204F40005BB2114008180137002BF6DB251D01F04DFD60603EE000207F223B78C0011900F6
:204F60005BB2114008180137002BF6DB251D01F00BFDEEE700217F223B78C90118005BB20B
:204F8000104041180137002BF6DB20681DF016FA206070E700217F223B78C90118005BB254
:204FA000104041180137002BF6DB220001CC01F099FE60E700207F223B78C00119005BB2FB
:204FC000114008180137002BF6DB21000839251F09F080FC2C004EE7251D01F01FFDB8E7C2
:204FE000251F042221682868FEF72AFE2860F1E700237F213A78DB01100052B20840C31829
:205000000137002AF6DB9B005B42029A21689950F6E000237F213A78DB01100052B2084094
:20502000C3180137002AF6DB029A9B005B4221689858251F1EF08CF9CCE700207F223B7817
:20504000C00119005BB2114008180137002BF6DB2168251F01F0F8FCBCE700207F223B78FB
:20506000C00119005BB2114008180137002BF6DB2168251F01F000FDACE700217F223B78E1
:20508000C90118005BB2104041180137002BF6DB231F1A68206801F04DFE083CEBE6220085
:2050A000231F083A216812681868FEF7C9FD0C3CE1E600237F213A78DB01100052B2084072
:2050C000C3180137002AF6DB029A9B00D31A1A68002A00D118E700221A60CCE600257F220E
:2050E0003B78ED0119005BB211404D190137002BF6DB029BAD005D1B28681EF027F9002856
:2051000000D101E7002128681EF022F9B3E600207F223B78C00119005BB21140081801375F
:20512000002BF6DB01F09CFCA5E600207F223B78C00119005BB2114008180137002BF6DB5F
:2051400001F0A6FC97E6230004CB62601C0092E62368A360231F1B68636008348BE6231FF2
:20516000196822682160B7E7221F1368216823602300083B1868106019607CE67B783A7867
:205180001B021343ED18174BEF1874E67E783B78206836021E43FEF709FDEF1C251F2C0094
:2051A000002800D167E6104BF618BF1963E67E783B78206836021E43FEF7F8FCEF1C251F1D
:2051C0002C00002800D056E6EDE7C046DCD00200582B002054E20200E4D002009F2D030087
:2051E00034AB02000380FFFF0080FFFF7E783B78360220681E43EF1CFEF7D8FC0028D2D166
:20520000043C38E67E783B78360220681E43EF1CFEF7CCFC0028C6D0F2E7E621276822004F
:2052200038002600FF3101F05DFDE421083638003200FF3101F056FD0021320008001DF00C
:20524000ADF80A9AAB7869780C320A921B020A9A0B43EF1CFB1813600F2206ABD21815782E
:20526000231D1D4302230A992B434B6000230A9913708B60A0603400FDE525002668B64BAF
:20528000083D9E4208D12A00002103206660A6601DF084F82E609DE60123334005930123E9
:2052A0001E4228D0231F1A6876100592012E0ED1A94A0C3C1A600021E260226103202200C7
:2052C0001DF06CF8059B236003232B6082E626002A68103E0692A04A00212A6003201A6051
:2052E000226032001DF05AF8069B0C3C3360059B23600523E9E730006660FEF735FA964B09
:205300002A0005992060A36003201DF047F8FEF74DFC00280DD001228F4B06A92B600A9BB4
:205320005B6813400E32521813700A9B0C3B0A9350E66368C9E77B7839781B02874A0B4310
:20534000EB189B186360EB78083423600F267F210220012506AA2368B6180B4206D1221F27
:205360001768002B00D198E6183C84E50A9A013B5268024270D0220008C20523636014006E
:205380000A9B1F680A9B0C3B0A933D00019B6F1C5D602B78180010385A2800D90BE314F0E7
:2053A00017FC67FD77FD79FD0A037BFD0A038CFD9AFD9FFDA1FDB8FDCAFDDAFDE9FDF9FD71
:2053C00009FE1BFE1FFE27FE38FE4CFE5CFE6CFE7EFE88FE9DFEB6FEC4FE0A030A030A03ED
:2053E0000A03D2FED7FE2FFFDEFEE3FEEDFEF5FE06FF25FF31FF0A030A030A033CFF6CFF0C
:205400006300630080009400A500BC00BC00CAFF99000A030A030A030A030A030A030A03D8
:205420000A03C800DF000A03F20001010A030A0138011D015A017001200251027C0269021E
:205440000A0385018F019901A701B301CF01E9010702E102F30204030A9A52682A40327027
:205460000A9A0C3A0A9278E70A9A7B7839780C320A921B020A9A0B43EF1CFB1813602B78E2
:2054800006A9403B5A4253410F22521810785B000A99034323434B6000230A9913708B6006
:2054A000E9E423682C4A934200D1A9E6DA0707D55B10DBB2043C012B00D047E70222B6E10F
:2054C0000BF078F823680D930CE20021206801F055FC5DE52500210020680C3501F04EFCD1
:2054E000844200D176E50023236032E520007E783B7836021E43019B0C389C600368EF1C49
:20550000002B02D12300083B186801F071FC002801D1103C49E66060ACE401220A9B06A90D
:205520005B6813400E32521813700A9B0C3B0A93A1E400207F223B78C00119005BB211406E
:2055400008180137002BF6DB01231B1A9B00E41821000EF0A1FF1BE554E202000380FFFF8F
:2055600000207F223B78C00119005BB2114008180137002BF6DB01231B1A9B00E41821001A
:205580001EF04DFF04E500207F223B78C00119005BB2114008180137002BF6DB251D1BF07B
:2055A00069FDD6E42500231F083D1A68216828681BF089FD0EE500207F223B78C0011900B2
:2055C0005BB2114008180137002BF6DB01231B1A9B00E418210006F019FAD9E400237F217F
:2055E0003A78DB01100052B20840C3180137002AF6DB251F28682168022B03D1D14AFBF748
:205600000BFAF3E4083C0A0001002068FBF704FABEE400237F213A78DB01100052B2084098
:20562000C3180137002AF6DB9A08920052421E001059032221681640251F134202D106F0A7
:2056400055FDC7E4012E03D12A681BF03CFD24E51EF09CFCBEE400257F213B78ED011A00A3
:205660005BB20A4055190137002BF6DB22002900206801F07BFDB44B5D19AD006419FFF760
:20568000FAFB00257F213B78ED011A005BB20A4055190137002BF6DB22002900206801F0D8
:2056A000B5FDFF222B0A13401540E5E7032203379743002201CF1100251D1CF088F948E437
:2056C000032203379743251F2268296801CF1CF07EF98BE40322FB1C93431979023A521A24
:2056E00092005F1DA418220018681CF08CF94FE40322FB1C934318798021C2434900920056
:205700005F1DA4180143EEE700207F213B78C0011A005BB20A4010180137002BF6DBFF2216
:20572000FF250100C3095200294013405B189B00E41A020A231D20682A4001F029FA27E401
:2057400000217F223B78C90118005BB2104041180137002BF6DBFF207C4BCAB29A1A4000B2
:20576000CB090340D31A9B00E4182200002001F0A7FB0DE400237F203A78DB01110052B263
:205780000140CB180137002AF6DBFF211800FF266D4ADD09084076002E40121A921B920021
:2057A000A4181B0A220019401CF0F8FDFFF7F0FB00217F223B78C90118005BB2104041189E
:2057C0000137002BF6DBFF20614BCAB29A1A4000CB090340D31A9B00E418FE382200FF3830
:2057E000C5E70F2206ABD2181378002B00D165E601210A9B5B680B4013700A9B0C3B0A937E
:205800005CE60A9B5B6813420ED003220A9B21685B6893431C0059609A600A9B08341F6888
:205820000A9B0C3B0A93B0E50A9B0C3B0A930A9B03998B42E5D20AF0BDFE0020019B9C608F
:2058400019B0F0BD6B78022B03D1043C2068FFF70BFB002BFAD10A9B039A934203D23D49C2
:205860003D48FFF753FB9868002801D0FFF7FCFA0C3BF1E7079E231F18680593002E1BD043
:20588000079E0021320007910BAB01F03DFD03000B98012B14D12F0020600AF08BFE019B12
:2058A00006AA5F609C600F239B181A780A9B01201343019AD360C3E7320021680BABE4E736
:2058C000002B2ED1002800D11E48043C2060002E34D0300021491DF048FC00282ED00AF042
:2058E00069FE0D960D9B1E49186809F003F8002800D1ACE0019B5A68002A00D1A7E013782B
:20590000432B00D090E0937850781B02D11C0343019ACB18536093680593103B9360FFF7BE
:205920008FFA0F491DF021FC002803D00B9802F03DFCCAE70AF03EFE0B9BC4E5059CFFF7C6
:205940009AFAC04654E20200FFFFFF3FFEFFFF3FFDFFFF3FE52D030024AC020054A90200DE
:2059600060AC020000207F223B78C00119005BB2114008180137002BF6DB251F2A682168BA
:2059800001F058FDFFF732FB00217F223B78C90118005BB2104041180137002BF6DB250038
:2059A00001CD01F059FDFFF7D4FA2068251F1CF011FDFFF70FFBAF2B05D80120803B5B003A
:2059C0000343FFF756FABF2B04D8B022D31A9B00FFF795FACF2B04D8C022D31A9B00FFF760
:2059E00014FBD62B06D8D03B1800216801F05CF8FFF7CEFAFA2B08D8251FD73B180022680D
:205A0000296801F0E7FDFFF7F1FA4C494C481DF0A2FB04000AF0CEFD0498019B04308000B7
:205A20001818446002200BE75E2B10D1019B019A9C680D98231D936002F0B8FB019B606000
:205A40005B68019A059301335360FFF7F9F90D9B3C4A93422ED03C4A93422BD0019B1F2748
:205A60001B68986821F070F821F06EF8019B051D5B6828005E1B059321F060F80400280064
:205A800021F062F8050021F059F80590280021F05BF8341B060021F051F80500300021F01E
:205AA00053F801220378002B09D12900059B0D9802F01EFC0F2306AA01219B181CE059B2C0
:205AC000002908DB1900013039405B098C42ECD3641AD218E6E70F21E0261940F6001B0130
:205AE0003340467802303343F0E70A9A52680A401A700A9A0C3A0A921A78002AF5D10A9919
:205B000003980D9A814211D3012119700A9B1B6805930599019B596003210A9B5B688B43E4
:205B20000A9904338A601A60019AF7E60498019B043080001818426074E7C046CB2D030095
:205B400070AB0200CCA70200DCA7020010B5034B186821F0BEFB1FF0A4FA10BDA42A002069
:205B600010B5034B186821F0BBFB1FF09AFA10BDA42A002010B5034B186821F0B8FB1FF007
:205B800090FA10BDA42A00201FB5002103200EF083FC0A4B0400196801A821F08DFB019876
:205BA0001FF07FFAA06002981FF07BFAE06003981FF077FA2061200004B010BDA42A0020D4
:205BC0001FB50B4B01A8196821F076FB0198029A039B524340435B438018C01815F064F994
:205BE00017F066FD15F040F91FF05BFA05B000BDA42A0020064B70B51C68080023689D69A6
:205C0000FDF796FE01002000A847024870BDC046A42A002054E2020010B5FCF7E9F90300AC
:205C20000020064A81008958994205D001300C28F8D1034801F0C6FC10BDC04674A00200CD
:205C4000042E0300094A70B51378002B0DD1084C2378DDB2002B08D1013313702370054BE7
:205C6000186803685B689847257070BD6F2F0020702F0020A42A0020080010B5FFF7CCFFDC
:205C80000400FFF7DFFF0123A340064A064811880B4200D105481188994311800022044B0C
:205CA0001A7010BD282F0020E4D00200DCD00200792F002010B50800FFF7AEFF0400FFF780
:205CC000C1FF054B186821F033FB044BA04200D0034B180010BDC046A42A0020E4D0020017
:205CE000DCD0020010B5FFF7ADFF054B186821F01FFB044B8000C3580620DB00184310BD81
:205D0000A42A002074A00200F8B5FFF79BFF144C14482378002B22D020780021C0B20EF0A5
:205D2000BBFB01260022104F2378934215D9010008310D0011005308FB5C314089000B4157
:205D40000F210B4009499B005B580621DB000B43290095004B510132E6E700232370F8BD13
:205D6000792F002004E40200712F002074A0020070B54488631E0A2B1FD801252B00A340C9
:205D80000F4A11880B439BB20E4913800B780F2B13D80B780C48EB40C35C0E780F22DBB27F
:205DA0002E420BD0134024010A782343DBB2520883540B780133DBB20B7070BD9343F3E7DE
:205DC000282F0020792F0020712F002010B5FDF715FE044914F05EFD14F012F91BF0B9FC7D
:205DE000014810BD00007A4454E2020010B5FDF79FFD002801DD1BF0ACFC014810BDC0466D
:205E000054E2020010B504000800FDF791FD64102018034C400020400124204310BDC04601
:205E2000FEFFFF7F10B5FDF783FD002801DD1BF08CFC014810BDC04654E2020010B51BF0F1
:205E4000A0FC034B400018400123184310BDC046FEFFFF7F10B51BF090FC034B40001840B1
:205E60000123184310BDC046FEFFFF7FFF230322DB05CB1810B59343042804D813F09EFE09
:205E800006030F0416000021080010BD0021181C14F068F80A490028F6D00A49F4E7181C7E
:205EA00014F0E2FF012140000143EDE7802109065B18022193431943034BC918E4E7C0460B
:205EC000E4D00200DCD0020000008080FF23DB0510B50400C81803239843002386B00193C5
:205EE00006331022009302A9613309F083FA02A9200020F042FD2E2102A822F03DFE002867
:205F00000FD1652102A822F037FE002809D16E2102A822F031FE002803D12000024920F037
:205F20002CFD06B010BDC0461764030030B50C001100002285B01D002000012300920AF0EB
:205F400061FB002C23D02868124B0340062B06D0032420420ED1104B02689A420AD103A9FF
:205F6000FCF77AFC002203991300009206F01CFC05B030BD03002340022BF9D0FDF73EFD1A
:205F800003000220A3431843044BC018F0E70448EEE7C046070080FF28990200000080802D
:205FA0000200808070B5050086B010000191FDF725FD041C0390681F182800D9B9E013F0D8
:205FC000FDFD0D121F24333E6B7DB8B8B8B8B80D121F24333E6B9BA4A9AEB3000198211C17
:205FE00014F0F2F803E00198211C14F079FD019003230198504A9843013B03439B1878E02E
:206000000198211C14F046FCF1E70021201C13F0A9FF002803D0494949481CF0FCF903A9B9
:2060200001A81BF057FEE3E70021201C13F09AFF0028F0D10198211C14F064FAD7E7002194
:20604000201C13F08FFF0028E5D1211C019817F08DFA0021051C019013F084FF002807D0D9
:20606000039A0023002A01DA80231B060193BFE70021281C13F07CFF431E9841039E04009B
:206080000021301C13F074FF431E9841E4B28442AED0311C281CA3E7019D0021281C13F0E8
:2060A00061FF002805D00021201C13F061FF0028B1D1211C281C17F0A3FA98E70021201C18
:2060C00013F050FF0028A6D103A901A81BF002FE03220220019B1849934303435B18049305
:2060E000039B934303435B1804A905930EF0D4F90300180006B070BD0199201C13F04CFF41
:20610000104B0028F5D1104BF3E70199201C13F02FFFF5E70199201C13F024FFF0E70199B1
:20612000201C13F043FFEBE70199201C13F02AFFE6E70023DDE7C04600008080142E03000B
:20614000C8AD0200E4D00200DCD002000300203B5E2B00D93F20052320384343014A10687C
:20616000C0187047680000200300054A08000A605A689B684A60CB6000238B607047C046DF
:2061800068A2020070B50500080068430130401008300C001BF06BFD0122044B8571036013
:2061A000037944719343037170BDC0467CA5020010B50379DB0702D5014801F0C9FB10BD49
:2061C000252E030070B5050020201BF050FD05210B4B040003600800FFF7D4FF6B68EA68CE
:2061E000A060236162602A7C2000A276AA689B1863616B7CE3761BF001FE200070BDC04655
:20620000C0A5020070B50D000400FFF7D1FF2800FDF78EFB0100092802D9044801F0D2F961
:2062200020001BF056FE024870BDC046522E030054E20200F7B5C3684269040093420BD170
:20624000037E052B08D1C37E181E43D020001BF0D5FDA0681BF04BFE00260025A768731CE8
:206260002A001900380001931BF0FFFD2A0003003100380001351BF005FE052DEED1019E9E
:20628000042EEAD100252A0000230421A06801351BF0F8FD052DF6D1227E637E9A421AD2FA
:2062A000207FFFF753FF002506000427227E735DBA1A1341012213400832534304212A0074
:2062C000A06801351BF0DEFD052DEFD1237EA06801332376FEBD9A42F8D1E36861695A1C47
:2062E000E2608A4205D120232377A023DB002383ECE75878A67E2077002E01D0074BF6E70D
:20630000FFF724FF310005001BF054FD4042207628001BF061FD01306076D7E7FF05000060
:20632000F0B50C000F688BB005003800FFF740FF66683000FDF718FA1E4B834202D01E481E
:2063400001F006FB072D01D11C48F9E7A068FDF7EFFA0890E068FDF7EBFA09902069FDF74D
:20636000E7FA06906069FDF7E3FA069B0790002B01DB002802DA124801F024F900200590AC
:20638000062D06D0A069FDF7D3FA0590E069FDF7CFFA059B03900293079B30000193069BC0
:2063A00039000093089A099B1BF0CEFD05480BB0F0BDC0467CA502006B2E03007E2E0300CC
:2063C000982E030054E2020070B5040008001600FDF7AEFA05003000FDF7AAFA0600002DD9
:2063E00001DB002802DA0C4801F0ECF820001BF096FDA84204DD20001BF09FFDB04201DC75
:206400000648F1E73200290020001BF07BFD43000120184370BDC046B02E0300C92E03008B
:20642000F8B50C000F683800FFF7C2FE6068FDF77FFA0500A068FDF77BFA0600002D01DB84
:20644000002802DA0F4801F0BDF8E068FDF770FA0400092801D90C48F5E738001BF05FFDB7
:20646000A84204DD38001BF068FDB04201DC0748E9E738003200290023001BF003FD0448AE
:20648000F8BDC046B02E0300522E0300C92E030054E20200F7B50D0025490400019220F0DD
:2064A00032FB019B002B03D12000224920F02BFB2000214920F027FB002628001BF03DFD04
:2064C000B04225DD002728001BF029FDB8420CDD3900320028001BF015FD184B18491A5C7B
:2064E000200020F010FB0137EDE72000154920F00AFB019B002B09D128001BF01EFD01389A
:20650000B04203DD2000104920F0FDFA0136D4E72000094920F0F7FA019B002B03D1200009
:206520000A4920F0F0FA2000094920F0ECFAF7BDD92E0300E02E0300EC2E0300EE2E03009B
:2065400087250300F17B0300E62E03005B450300652B0300F0B50E0000248BB011001F008E
:2065600022000323300000940AF04CF8012E0FD005D9B31E012B00D88DE0674889E0052165
:206580000800FFF7FFFD050028001BF0B0FC18E03868624B0340062B07D0830700D077E0DC
:2065A0005F4B02689A4200D072E007A9FCF754F9079B05900493012B06D100781BF0D3FEB4
:2065C000050028000BB0F0BD00221300160002920499914216DD0599895C0A2901D03A29FA
:2065E00008D19E4200DA1E00029B0133029300230132EDE701332029FAD03929F8D949484F
:2066000000F0E0FF002B05D0029A013202929E4200DA1E0030000299FFF7B4FD00230500D6
:206620001F001C000393049B039A934223DD059B9B5C0A2B01D03A2B0FD1A64207DD2100A9
:2066400000233A0028001BF01DFC0134F5E700240137039B01330393E5E7202B07D10023AA
:2066600021003A0028001BF00DFC0134F1E7392BEFD8303BF4E7029BBB42A2DDA642A0DD87
:20668000210000233A0028001BF0FCFB0134F5E7254801F05DF93868FDF74AF90290786844
:2066A000FDF746F9010003900298FFF76BFD0500022E00D168E70122B86807A9FDF7F2FAF3
:2066C000029B002B0BDB039B002B08DB089B029A0493039B27005343049A934204D013488D
:2066E0008EE7029B0134FF18039B9C4200D168E70026029B9E42F4D0079B0493DB199A5D15
:20670000131C092A00D90923310022002800DBB21BF0B8FB0136ECE7572F0300070080FF33
:2067200028990200F92E0300222F03003A2F0300F0B585B0019105000021019813F018FC6A
:20674000041E02D0214800F03DFF28001BF0E7FB060028001BF0F1FB01003000FFF712FD40
:20676000070028001BF0DBFBA0422BDD00263200210028001BF0C6FB14F096FB019914F07F
:2067800089F816F0C3F90022114B14F01DFC114B00220290039113F0B1FB0923002804D0A0
:2067A0000298039916F04CF903003200380021001BF068FB280001361BF0B1FBB042D6DCA2
:2067C0000134CEE7380005B0F0BDC046762F03000000E03F00002240F0B587B00600039190
:2067E00005921BF0AAFB070030001BF098FB019003981BF0A2FBB84202D01A4800F0E2FEAB
:2068000039000198FFF7BEFC00240290019B9C4224DA0025BD421FDA2A00210030001BF025
:2068200071FB2A000490210003981BF06BFB059A002A0BD0049A1318092B00DD09232A002D
:20684000210002981BF01EFB0135E3E7049A131ADA43D2171340F2E70134D7E7029807B018
:20686000F0BDC046A12F0300F8B5040008000D001600FCF779FF174B0700984201D0002017
:2068800006E0072C10D004D8053C0020012C13D9F8BD092CF3D13000FDF7B0F8011CFE20F4
:2068A000800513F02FFE02E03000FDF7A7F8011C2800FFF73DFFEBE73000FCF755FF8742F5
:2068C000DDD163425C4131002800E2B2FFF784FFDEE7C0467CA50200F7B51C0008AB1B7866
:2068E000070014200E00150001931BF0C0F9044B47600360019B8660C56004744374FEBDF8
:20690000FCA5020070B505000C201BF0B0F90521044B0400456003600800FFF733FCA0601C
:20692000200070BD1CA2020070B502F049F90F4C0F4B0025A3620F4BE56263632300032164
:20694000A8330D481D60A5642563F9F7C3FF0B4E01213000F9F7BEFF3000094A09491AF010
:20696000B2FB26606660E56570BDC046582B002080AA020004E40200902B0020A42B00201E
:206980008E0F00009E0F000070B50624134EC3001C437368002205002100181DFBF762F837
:2069A000021E18D1F06D002807D021000430FBF759F8002801D0406870BD00222100084879
:2069C000FBF750F8021E06D12A000649064801F021FC09F0F7FD5068EEE7C046582B00208E
:2069E0005C9B0200BE2F030034AB02000A4B10B5040009CB98420AD00621E300002219439F
:206A00000430FBF72FF8002801D0406810BD2000FFF7BAFFFAE7C046582B0020074B10B54B
:206A2000D86D002801D1064810BD002205490430FBF718F80028F6D04068F5E7582B002041
:206A4000249A0200F60E00000A00062110B5034BC000014318681AF036FB10BD582B0020FF
:206A6000062110B5034BC000014318681AF035FB10BDC046582B00200A00062110B5034B64
:206A8000C000014358681AF01EFB10BD582B0020062110B5034BC000014358681AF01DFB7F
:206AA00010BDC046582B002037B505000C00062806D10800FDF77AF800281DD02D483EBD6B
:206AC000012001421ED04B10032D08D80800012DF5D8002D0ED0DB435B00012010E0042D30
:206AE000F9D1C0221206934208D18020C0051EF0D8FAE4E7002BE1D01F48E0E75B425B0012
:206B00001843DCE7022D1AD11C4B0B40062B08D08B0714D10A681A4B92699A420FD14868CD
:206B200002E0C8081CF068FB002806D101A92000FBF776FA019902F031F84300CDE720003D
:206B4000FCF712FE4369002B0DD10E4B2000AD00ED581AF01BFE2A0003000B490B4801F02A
:206B600059FB09F02FFD2100280098470028A6D1EBE7C046DCD00200E4D00200070080FF13
:206B8000012E0000ACD60200D72F030014AD0200F7B5040015001E000191FCF7E5FD0769BC
:206BA000002F09D120001AF0F1FD06490200064801F030FB09F006FD33002A0020000199E6
:206BC000B847FEBDF52F030014AD0200F8B50E0015001C00930714D113681E4A934202D11B
:206BE0006B682360F8BD1C4A934207D1002802D0FCF7BAFD06006B6848C4F3E7174A9342DE
:206C000001D12560EEE702275968154A8A18BA4302D0144A9142F4D1002817D1124A934257
:206C20000BD0124A934208D0114A934205D0114A934202D0104A934208D10C201BF017F81B
:206C40000E4B4660036085602060CBE725606060C8E7C046F8D50200BCD5020070D6020017
:206C6000B6FDFFFF1E02000000CE02003CCE020078CE0200B4CE0200F0CE020040A60200F3
:206C8000F8B500231360536006000D001400FCF76BFDF623FF3307009D4205D1836A002B5D
:206CA00002D00F4B48C4F8BDFB69002B04D02200290030009847F6E7B86B0028F3D0E90056
:206CC00006251A0029430430FAF7CCFE0028EAD04268230039003000FFF778FFE3E7C046BF
:206CE000EC9A020070B5160004000D00FFF7C8FF3368002B15D10B4EA3070BD10A4B226899
:206D00009A4207D12B0062680849300001F082FA09F058FC20001AF039FD2B0002000449B5
:206D2000F3E770BD64A8020070D60200113003003830030073B504000D001600FCF714FDF4
:206D4000C369002B09D004222900009220006A4601969847009B002B0AD020001AF016FDFF
:206D60002B0002000349044801F054FA09F02AFC73BDC0463830030064A8020073B5050014
:206D80000C00FCF7F1FC174B426A06009A4226D0002C03D110201AF06AFF0400736A002B72
:206DA00012D1F4216A4628004900FFF769FF009B002B0FD128001AF0E9FC0B4902000B48F6
:206DC00001F028FA09F0FEFB2100280098470028E7D076BD2100684609F03AFAF9E7280070
:206DE000F7E7C046B91702005A30030014AD020037B50400FCF7B8FC856A002D02D02000E8
:206E0000A8473EBDF6216A462000FF31FFF738FF009B002B05D06A46290028001BF0BEFAE5
:206E2000EFE720001AF0B2FC03490200034801F0F1F909F0C7FBC0467630030014AD020003
:206E400030B505008FB0F9F7A7FA2800FCF78CFC846A002C05D02800A047040020000FB0F4
:206E600030BDF6216A462800FF31FFF709FF009B002B16D002A809F07FFB002807D16A468F
:206E800001001BF08BFA040009F094FBE6E7039B0849186807F02EFD0028DFD1039809F00B
:206EA00091FB28001AF072FC03490200034801F0B1F9F4E760AC02007630030014AD02001D
:206EC000F0B513688FB0041E079300D075E0131D0393FF230A00090A19401A404B000693D6
:206EE00013000192069A05919B18039A9B00D2580492039AD3185F68381E09D00020BB07AB
:206F000006D1954B3A689A4202D138001AF0D8F8059B1818049B4500002B53D1019B581C44
:206F20004519A8001AF0A3FE02940600002C02D0012304600293029B03999800019B301834
:206F40009A0021F0C1FD019A029B944663440293029B9800059B3018DA00019B9900039BB0
:206F6000591821F0B1FD029A069B944663440193002F12D0032403233C401F4200D0AAE0FA
:206F8000754B3A689A4200D0A5E038001AF0B0F805006B689C4200D280E0019B029A0299B9
:206FA0009A1A520833000798FFF7F2FD040030001AF08CFE20000FB0F0BD130008335468AE
:206FC000039386E7049B9B0733D1049B634A1B68934202D0624A93422BD104980AAA09A974
:206FE000FCF74AFD099B581C019BC0184519A8001AF03DFE02940600002C02D0012304605E
:207000000293029B03999800019B30189A0021F05BFD019B029A0A999818099B80009A00DA
:20702000301821F051FD099A019B9B18029A9B188DE7019B181D4519A8001AF018FE029467
:207040000600002C02D0012304600293029B03999800019B30189A0021F036FD019A029B44
:207060009446049863440AA90293FFF787FE04900498FFF7E5FE041E00D169E7029B9D4268
:2070800005D83000E9001AF010FE06006D00029B9B009C51029B01330293E9E7AB68E7001A
:2070A000D859002815D0042813D00323184205D12C4B02689A4201D11AF029FB019B019A39
:2070C0009B00F05002320192AA68F318D7197A685A6001345DE7380023490AAAFFF702FE9E
:2070E00000210AAA08001BF059F90021FFF746FE03900398FFF7A4FE041E00D14DE7019B72
:2071000001339D4208D86D00042D00D204253000A9001AF0CAFD060003231C4207D1114B7B
:2071200022689A4203D120001AF0F1FA0400F42138000AAA4900FFF7D5FD0AAA00210120F4
:207140000C941BF02BF9019B019A9B00F4500232F31801925860CCE77C9402000CE4020009
:20716000A0D00200289902007102000070B50C00150086B083071AD103681F4A934202D0FB
:207180001E4A934213D102AA01A9FCF775FC019BA34229D319D8029BA4001C19211FA3420B
:2071A00001D106B070BD0A680C0004C5F6E702A9FFF7E4FD002306000193019B3000A34206
:2071C00006D3FFF73DFE0028EBD022000C490DE0FFF736FE002807D0019AD3431B199B00B5
:2071E000013258510192E8E7019A0649064801F011F809F0E7F9C0460CE40200A0D00200DC
:20720000B8300300953003008CAD0200F7B5FF260D00090A354014000E4083072BD10368C7
:20722000354A934202D0354A934224D1694601AAFCF722FC0098AB19834255D80199830009
:20724000B200CB18A218043B94420DD1AF00401BC919801B1DF0E3F8019B2060DF193A1F10
:207260000434BB4203D1F7BD1F6880C4EBE7116817002160F3E70021FFF780FD002307000B
:207280000093009BAB4219D3002108001DF0C7F805003800FFF7D4FD011E1CD1AB68B342DA
:2072A00022D3B200A418991B25608A009B00043C9A4214D128001DF0CEF8D4E73800FFF728
:2072C000BFFD002810D0009AAB1A9B199B00013218510092D5E7280004F008FFD9E7E8681F
:2072E000805804322060E2E7009A0549054800F091FF09F067F9C0460CE40200A0D00200BF
:20730000953003008CAD0200F0B591B01D0006000C001700FCF728FA334B984207D12B00CE
:207320003A0021003000FAF7CFFA11B0F0BD826A2E4B002A08D09C4230D1300090472860C5
:207340000028F2D00120F0E79C4227D1F621300001AAFF31FFF794FC019B002B0DD1B22155
:20736000300001AAFF31FFF7BDFC03940021012001AA1BF013F82860E4E704A809F0FCF8CD
:20738000002807D1010001AA1BF008F8286009F011F9D7E7059B2B600220C6E7002CDED118
:2073A0003800FCF7E1F9124907F0A4FA01AA00280ED030000F49FFF763FC019B002B11D0A2
:2073C0002100200001AA1AF0E9FF28602000ACE7B72130008900FFF753FC019B002B01D026
:2073E0000397C3E72F60D7E7A495020054E2020054A902001D02000010B5040000F052FF61
:20740000002808D0002320001A001900FFF7C0FB0400200010BD20001BF0A1FE0028F8D199
:20742000024903481BF097FEF2E7C046E030030014AD02007FB5C30006201843054B019008
:207440000491052001A902930393059208F03CFF07B000BD54E202001423F0B58DB000AF5F
:20746000FA1805000C00FFF70BFCBB69002B06D022002C492C4800F0CDFE09F0A3F878698C
:2074800000284BD128001EF044F80028F0D01423F421FA182800FF31FFF7F2FB10227869A2
:2074A000B918FBF7D9F9B86020001BF0AAFE6A463E69B968731C7B60C318FB600733DB0817
:2074C000DB00D31A9D466D463200280021F0FCFA2E23AB557B682000EE181BF097FEB860DB
:2074E00020001BF08EFEB9680200300021F0ECFAF968280001F0A6FBC300062018430B4BD6
:2075000010223B627B620A4BF861BB620123FB620B339B180520D91908F0D6FEBD460DB0DF
:20752000F0BDC0460A31030090A9020054E20200E4D00200F0B5174C0F00616895B0039178
:207540002168060008A804916260236009F014F8051E06D0039B09986360049B236009F0F7
:2075600031F833683A00310005A8019308F03CFC2B002A00019905A80BF01CFC1AF0FFFEB5
:20758000050009F017F82800039B6360049B236015B0F0BD582B002010B5040009F06AFBF7
:2075A000031E054802D005491AF035FF2200044900F030FE09F006F8F8AA02002031030083
:2075C00049310300010010B501481AF024FFC0468CAD0200F0B58BB00F0004900392202851
:2075E00003D191420FD0B04DC0E0049B1B2B01D01E2B0DD138000399FCF748F9049B0028BC
:2076000003D01B2BEFD1A94DB0E01B2BFBD1EAE7049B212B40D1039800F044FE002806D061
:20762000380003991BF0A1FD0028ECD1DBE70323039D039A1D401A4204D112689C4B05923D
:207640009A4223D0049B98009A4BC55838001AF09DF8040003981AF099F8230000902A0034
:207660009549964800F0D6FD48E1039BAA0008339C58200000F016FE002800D159E1210073
:2076800038001BF072FD0028BDD10135039B5B680593AB42E9D8A6E70123194200D117E1D0
:2076A000039A4E101A4200D1E9E0049B54101D2BC8D8180012F08CFA1E0028002A002D00B1
:2076C00045004C004E0050005D0066007B008300B6001E0028002A002D0045004C004E0088
:2076E00050005D0066007B008300CE00D200C6FFD600DA0026433700780003007B4000D5B9
:20770000B8E00125054331E06640F4E734402700F2E7002C02DA6A48FFF754FF1F2C0ADC29
:20772000684B2341B34206DBC02337001B062341A740B342E0DD3000F1171DF0A3FC070039
:207740004BE0002CE7DB1F2C00DD1F242641D2E73719D1E7371BCFE7210030000CF09EFC8E
:207760000028E8D1012574436400254328000BB0F0BD002C00D1DEE0210030001FF037F8A5
:207780000700B9E7002C00D1D5E0300013F08CFB051C200013F088FB011C281C12F0B2FEFC
:2077A000032302259843484B0543ED18DEE7002C00D1C0E0210030001FF00AF8E0E701270E
:2077C00035000597002C2ADA300013F06DFB0323FF1998433C4B0743FF183800FBF7C4FF1F
:2077E0008369002B00D12DE73900039A0498984756E0059B1C4206D0290038000CF04EFC8B
:20780000002898D16F43012C00D175E72900280064100CF043FC002800D08CE76D43002C84
:20782000E7D169E7002C00D185E0002102200CF033FE2100050030001EF0D9FF01274000CA
:207840003843A860210030001EF0C2FFB8400743EF608BE7A64200DAD5E6C4E6A64200DD96
:20786000D1E6C0E6A64200DCCDE6BCE6A64200DBC9E6B8E638001DF014FC050076E70323A5
:20788000039A1340022B23D1104B1340062B1FD0300013F009FB039A011C0498FEF782FB0A
:2078A000051E00D062E7CDE6DCD00200E4D002000CE4020024D502008C31030014AD020005
:2078C00077310300FFFFFF3F00008080070080FF049B1F2B00D080E70398FBF745FF83695E
:2078E0000400002B0CD1636A002B11D1039819F04DFF13490200134800F08CFC08F062FE29
:207900003A00039904989847051E00D02EE7EAE7039806A9FFF732FA04002000FFF790FA2D
:20792000002800D15FE63900FBF7B0FF0028F4D069E6039486E6044904481AF06CFDC046DF
:207940005A30030014AD0200142E0300C8AD0200010010B501481AF05EFDC04614AD0200DE
:20796000F8B504000D0017001E00002908D01868FBF7FAFE6368834202D00548FFF7E8FF1D
:2079800033003A002900A068FFF702F9F8BDC046B131030001214000014310B502481BF0F8
:2079A000D3FB08F00FFEC046ACAB0200010010B501481AF030FDC04670AB0200F0B587B050
:2079C000002807D1614B624819681EF0D6FF614807B0F0BD0C68604B9C4251D10021080098
:2079E0001CF01DFD0024050003905C4B5A680192944215D300265A4A03A9012004F0D4FB91
:207A0000039805AA04A91CF021FD049B03339B080193019B4E4DB34210D128005149D4E7AF
:207A20009B680193019AE3009958002904D0042902D0280004F05AFB0134D6E73700059A0B
:207A4000BB009858FAF7F2FE010028001EF095FF019BFF18049B9F420CD212231C1A002C27
:207A600006DD013CEBD328003F491EF086FFF8E71234F4E728003D491EF07FFF0136C8E7C5
:207A80002000FBF771FE842342689B009A4200D164682000F8F73AFC061E98D12C4D344938
:207AA00028001EF06AFF31002000FBF78FFE200019F06CFE2F49020028001FF024F8A3074D
:207AC00032D123682C4A93422BD120001DF045FD19F00EFB00260400B04200D177E763683A
:207AE0009E4200D373E7A268F300D3181F68002F15D05B682149280001931EF03EFF0021A1
:207B00003800FBF763FE1E4928001EF036FF00210198FBF75BFE280014491EF02EFF01360C
:207B2000DDE7184A934203D02000FBF71DFE0400A06B002800D14AE7830700D047E7124B2C
:207B400002689A4200D042E7C2E7C046040000207CE4020054E202007614000058DD0200B8
:207B60001C960200C9310300E42E03005B450300ED310300F53103002CDE0200E32E030032
:207B80000532030070D602007C940200C3790248002B00D101487047E4D00200DCD002006B
:207BA00010B50BF043FD014810BDC04654E2020010B508680BF03AFD004810BD54E20200BD
:207BC00073B50E00022837D10124706801A9FAF743FE64422500019BC318834212D16342D5
:207BE0005C416A42554101A93068FAF735FE0199E3B2EAB20BF08CFE002821D11149124822
:207C00001AF009FC0278722A01D0772A06D1691C0FD1723A554255410130DEE7622A01D065
:207C2000742A06D1611C04D1743A140062425441F2E70648FFF7C6FC012464422500CEE7FE
:207C400076BDC04617320300ACAB02000A320300F0B50E0049680500170085B0002901D058
:207C6000002A05D1310028001AF0F6FC05B0F0BD0F321309C91800930F241AF061FC3800AA
:207C80007368AA68B16801932040274200D11020009C019BE718224C23003C1964001219D4
:207CA0001C00019B03921A1952008A189446039A1024029219000022241A00291FD1E2405D
:207CC0000124019B03985B00C31A1A80009AA41A64001C19013A2000520020F011FF023C7A
:207CE000002F03D07B00E35A002B17D001216F6032782B780A408B4313432B70B6E760462E
:207D00000088029B02431000E040023B5880029302235B42120401399C44CEE7013FDFE772
:207D2000FFFFFF7FF0B54B681500526806000C0089B0934201D22C000D00012122786368ED
:207D40000A4201D12A781140C91830001AF0F8FBB36822780193A368170002936368297898
:207D60009C46AB684F400393012318001F408B436146904302000693019B04936B685B1AF0
:207D80000793002917D163465900019B5918002F02D001230B80023101981AF046FB012140
:207DA00070602B7822785A4033780A408B431343337009B0F0BD029B12481B8801391B18F3
:207DC0009B180593079B5B18994219D3039B039A1B8802321B180392069A9B18059A5A4016
:207DE00092B21B0CD7190693049A059B17801A0C049B3F0C02330493029B02330293C0E7D0
:207E0000004BE9E7FFFF0000F0B5050000270C0093B0059353680492591C00931AF090FBA3
:207E2000049B00215B68A8685A1C5200009320F067FE049B6F605B682000591C00931AF07C
:207E40007FFB200004991AF007FCA36866680193059B31009B6801980293059B029A5B6870
:207E60000393AB680693039B1AF0A3FBB84223D10123069A606013806B60049B1A78059BD9
:207E80001B785A4001231A4214D02A7813432B706368002B0ED001210FA849421AF0FAFB87
:207EA000290028000FAA1AF0EEFD21002000059A1AF0E9FD13B0F0BD002801DA6F60DCE7EE
:207EC000824A039B00979B185B009C466246029B63440793029B9B5A1AB2002A61DA002147
:207EE000019A7300D718721C1026398008926260019A0233D3180993009BF31A0A93099B6C
:207F00009A4255D3079B009A1B8893400793039B012B0AD91022029B00996344023B1B8875
:207F2000521AD340079A1A430792039A089B9B1A664A6B609B18069A5B00D3180A936346DC
:207F400002330D9363680B930B9A039B93423AD313005E4A102194460026019A63445B0035
:207F6000D318009A891A019A9A4200D8A0E06B68002B07D0554A06999A185200525A002A1D
:207F800000D19FE06368002B00D176E74F4A01999A185200525A002A00D06EE7013B63603C
:207FA000F0E7009F5B000137BAB29BB2009293E71088009E0300B34019430A9B1180D8401D
:207FC000023281B29BE73888BB1E1B8800041843079911F007FE00220D9B8446FB1A1800B6
:207FE0000C93029B09920893874212D83B889A4235D3D01A010C80B29B1A421E90413B80EB
:20800000091800292DD0029B0C98089300231E0043E0099B190C089B1E88009B9E406B469D
:208020000E430996998C634659430388994202D25E1A96420ED8D31ACB1859421A0C9BB298
:208040005E1EB34189B2D218089B0180023302300893C9E79B1A591A002289B2F4E79B1AA0
:208060003B8062460A9B023F1A80023B0A930B9B013B636066E7320C0992089A009E12889E
:20808000B240099E16430288D318B2B2D318089A038002321B0C023008928742EBD83A8890
:2080A000D3183B801B0CC91A01235B429C44A8E71A88009F100038418A403043188096B2F9
:2080C000023B50E7013B6B6051E7C046FFFFFF7FF7B50D00110000220600009228001F00A0
:2080E0000B4B08F08FFA102019F0CEFD041E08D1084B094A094C5A62002320002660A36027
:20810000FEBD390028000CF0C7F9E060F4E7C046FFFF0000582B002004E40200702B002020
:2081200010B5013810C90CF0B7F9E060004810BD54E20200F8B57F2553B204000E001700B0
:208140001540002B1BDB6B1E012B18D80B6858681BF05CF8010020001EF00FFC022D12D126
:20816000200010491EF009FCF368002B02D05A68002A0ED120000C491EF0FFFBF8BD022DEF
:20818000EED0002DF0D03A002000F1680CF028F9F4E7012AF7D1002220009968FBF7FCFA6B
:2081A000ECE7C046C875030011810300C36803485A68002A00D098687047C04654E20200EA
:2081C000136810B51400002B0BD0FF235B00994206D10C4B52689A4202D10023C38023606D
:2081E00010BD094B994201D1C368F8E7074B02689A42F5D1064B9942F2D1FFF7D7FF20600E
:20820000EEE7C04654E202000602000060AC0200F30200000EB4F0B5060086B010200B9DC5
:2082200019F032FD041E0BD11A4B1B4A1B4C9E6118625A62200006B0F0BC08BC03B018474A
:2082400000210660816001200CF026F92521E0600600280020F090FC071E09D1280020F0F3
:20826000A3FC3A0001002800F9F7A0FEB060E1E7102102A81CF0E0FC29000CAA02A80192B7
:2082800006F0C4FB064802A9E568F9F759FEA860D0E7C046582B002004E40200702B00208F
:2082A0002899020010B5830708D1074B02689A4204D1064AC1680123914203D0044906F0E0
:2082C00019FB0300180010BD70D60200D1800000A0A8020010B50400FBF746FA034BC2684C
:2082E0009A4200D024690023A36010BDD1800000F8B516001D0004000F00FBF735FA154B8D
:20830000C2689A4200D02469A068002811D10C3019F0BAFCA06000280AD003236360E28898
:20832000A1689300CB180332E2801F605E609D60F8BDE388A18802338B42F0DB0331012280
:20834000890019F0BFFC0028F2D0A388A0600333A380E4E7D180000070B5150004000E00FA
:20836000FBF702FA064BC2689A4200D02469A368002B02D133602B6070BDE2883260FAE72A
:20838000D18000000048704790AE020010B5010083880120A0229840054BD205D0500A7AF6
:2083A000CB8809315A4392B21EF002FE014810BD0C05000054E20200F0B50C000500C188E3
:2083C000160000232200006885B0FBF78BFB2F7A78430400002E18D0042E19D101232C182B
:2083E000A27A694652001A430092627A38009A401A430192E27A9A401A430292227B9A40F5
:20840000134303930CF048F80600300005B0F0BD30006A463900FBF751FB00262B7AB34285
:2084200013D9009BB700F858FBF782FAFF2802D90748FFF7C7F8074B0F223B4113402A19A5
:20844000D31801365872F6B2E8E7034EDDE7C0469F3203000132000054E20200F0B50800B2
:2084600087B011001A001B4B03AC0093019403231DF05AF803981CF0A3FD049F46B2059D54
:208480001548002F03DDEB1E012B02D91348FFF799F8280078430C3019F0E9FB104BBAB2AB
:2084A00004006A4303608680C78005720021093020F026FB3300A0220321C133FF33D20543
:2084C0009B00995001232000B3400649535007B0F0BDC04638AF0200AE320300C7320300BD
:2084E00058AF02000C05000010B50400037AC28800215A43093020F003FB2000FFF746FF72
:20850000004810BD54E202000139C9B2054B40188030054A197003781370044AD25C044B60
:208520001A7070477B2F00207C2F0020924403007A2F00200131C9B2054B40188030054A6F
:20854000197003781370044AD25C044B1A7070477B2F00207C2F0020924403007A2F002051
:20856000074A0B00904206D906490918C918064BC9180878704705490918C918044BF7E7B7
:20858000A4920000D34203005B6DFFFFE73203000083FFFF030020228033F0B51A707F255F
:2085A00000234F265F27040089B08130E15C0A002A406F2A23D90A003A40C25401337F2BF1
:2085C000F4D1C04A137023001B22FF331A70FF230093BD4D5A1CD2B203922A70A2188032D9
:2085E0001278BA490A705B2A0ED1009B40320133DBB22B700A70E254012009B0F0BD5F2AE7
:20860000DBD90A003240D8E72E2A13D10233DBB22B70E31880331B78AA480370AC48C35C19
:20862000012003400B7005D1009B1B18DBB20093E254DCE102200226A24B1A70A44B9B5CFD
:208640001840334200D097E0002B0AD01E007F255BB2AE430E70002B18DB9E4B9E4A1A605A
:20866000CBE720222B780A70E31880331A70009B0133DBB200932B70782B05D99B23009A4E
:20868000A354039B0B70B7E7009BD1E7934B413AD2B293499B5C8A5C1B021A430192019B9A
:2086A000002101339BB218000193FFF759FF0306F5D5012300271D00824E337029000198AE
:2086C000FFF74EFF2B0005950135EDB2282859D1002F00D0337033780493049E0198731C95
:2086E000DBB219000493FFF73BFF2928F5D17F27049B0293029B019807930133DBB2190072
:208700000293FFF72DFF38403D28F3D16E4B039A1A706C4B06921D70069B2900E3188033CD
:2087200001981F78FFF71CFFB84228D16B1CDBB2B54229D1654B039D1870059B0198013BB3
:20874000DBB20593059A5F4B11001A70FFF708FF030600D5F9E05E4B5B4F1B5C38707F2B40
:2087600018D9013DEDB2631980331B78574A3D7013709842E1D092E75A4B01938FE7534B47
:2087800018708CE7012799E7069A1D000132D2B20692C1E74D4E307020280FD129002000D6
:2087A000FFF7B2FE33787F2219005BB291433170002B00DA73E7444B1D78BEE7232809D1DF
:2087C00029002000FFF7A0FE4022337813403370F1D164E72E2806D129002000FFF794FEAE
:2087E00008223378F2E726281CD129002000FFF78BFE102233781342DDD13B78E218803289
:2088000012783270482A00D049E7013BDBB23B70E31880331B78383A33709343432B00D0DC
:208820003DE7C8E7402806D129002000FFF76CFE04223378CAE75E2806D129002000FFF75F
:2088400063FE20223378C1E72B280ED1013DEDB23D70651980352B783370452BABD01022D0
:208860009343492B00D01AE7A5E73A2804D0194B1D4A00201A60C0E629002000FFF744FE8F
:208880002021124A13780B40137000D155E70E4B1D78F1E7492A00D001E7AA1CD2B2A218E0
:2088A000803212781A704E2A00D0F8E60335EDB20D70651980352A781A70472A00D112E1E4
:2088C000EDE6C0467C2F00207B2F00207A2F00209244030008000020D332030018450300F8
:2088E000FE440300A5920000DD32030060460870100052381A70012800D8F4E0442A00D194
:20890000F1E04C2A16D0462A00D0C8E6EA1CD2B2A218803212781A70552A00D0BFE6043505
:20892000EDB20D70651980352A781A704C2A00D1D9E0B4E60335EDB20D70651980352A78F9
:208940001A70592A00D1CEE0A9E6069D28E005990198FFF705FE6E4B6E4F1B5C38707F2BE2
:2089600011D86D4E3070202843D129002000FFF7E1FD33787F211A005BB28A433270002B2E
:2089800000DBB0E08BE60135EDB2631980331B78614A3D701370984200D080E6059B049342
:2089A000049B5E4E0133DBB205933370079A049B9342CCD100257F27029B3370029901987F
:2089C000FFF7CEFD03003B403D2B04D0009A0132D2B20092A354029B0133DBB2020600D408
:2089E00092E0002D01D0029B3370069B0393039BEFE5232809D129002000FFF79BFD4022C0
:208A00003378134033706ED149E62E2806D129002000FFF78FFD08223378F2E726281CD166
:208A200029002000FFF786FD102233781340337059D13B78E118803109783170482900D0B7
:208A40002DE60133DBB23B70E31880331B7833709343432B00D022E645E0402806D129000A
:208A60002000FFF767FD04223378CAE75E2806D129002000FFF75EFD20223378C1E72B281B
:208A80000ED10135EDB23D70651980352B783370452B28D010229343492B00D0FFE522E062
:208AA0003A2823D0252800D0E1E61A496B1CDBB20B70E31880331A78174B1A70452A00D020
:208AC000E8E6A81CC2B29446A21880321278134E7F2032700E4EB65C370076B287431F70F8
:208AE000002E00DA02E70B4B1D7857E729002000FFF720FD2021084A13780B40137000D143
:208B00004CE7044B1D78F1E70125029356E7C046924403007B2F00207A2F00207C2F002031
:208B2000074A03005069002806D042689A4204D89B1A04339B00185870470068F3E7C046D2
:208B4000582B002070B5144D04006B699868DB68834215D30230C00019F096F86B6900289F
:208B600003D198684000FEF717FD5A68D96803609B6852185B00836000234260C360686116
:208B80006A69D3685068591C04339B000138D16040189C5070BDC046582B0020074B411899
:208BA000884204D3D8B2002800D1013070475A01D318027801305340F2E7C046051500002C
:208BC000034B044A5A6100229C331A607047C046582B0020ECAF0200F0B585B007000E00E7
:208BE000FFF7DCFF164B02905C69002C01D1200021E0230010330193019AE36815009B003D
:208C0000D3180393039B9D4201D32468EDE72868029A0378934210D14378B3420DD1320005
:208C2000390002301FF042FF002806D1019B6068ED1AAD10281805B0F0BD0435E2E7C046A8
:208C4000582B0020F0B585B003900191FFF7C4FF021E56D1304F019B9C373868DC1C0028C4
:208C600015D02D4D2C4EA4352B68A0363168E3188B4229D9611819F025F8029000281DD12F
:208C800002002968386819F01DF8029B3B602600802C00D28026300018F0F6FF1E4D2F003A
:208CA0009C37386000282FD1200018F0EDFF26003860002828D12000FEF76EFC33681B19E0
:208CC00033603B68002BE2D0134A1349A4329C3113680D680398ED180199E3181360FFF797
:208CE0005DFF019B03991A0028706B70A81C1FF0EBFE019B2800E91800238B70FFF722FF9D
:208D00000200100005B0F0BD2B00A0331E600023A4352B60D8E7C046582B0020F7B51D00AB
:208D200000230F00160003600B6013602B60164B00905C69002C02D0144B9C4204D13368BE
:208D40002A68D3182B60F7BD009B009A1B68019301331360E2683B689B1822003B60E368BC
:208D600010329B00D3189A4207D3200008F084F92B68246818182860DCE702CA3068497821
:208D8000033009183160EEE7582B0020ECAF02000C4B70B55C69002C02D00B4B9C4200D195
:208DA00070BD2600E36810369D007519AE4201D32468F0E704CE0549023205481DF0A3FE2E
:208DC000F4E7C046582B0020ECAF0200324503007CE40200054B10B518681EF020FB044B89
:208DE000002800D1034B180010BDC046A82A0020E4D00200DCD0020010B5034B18681EF04A
:208E000016FB024810BDC046A82A002054E2020010B5034B18681EF078FB1CF042F910BDD2
:208E2000A82A002010B5034B18681EF075FB1CF038F910BDA82A002010B5034B18681EF092
:208E400072FB1CF02EF910BDA82A002010B5034B18681EF01DFB1CF024F910BDA82A002012
:208E600030B593B007F06EFC184C20001EF015FF174D28680DF0DCFC20001EF013FF07F0C3
:208E800051FC1BF07DFD1AF0CEF90400296803A81EF0BBFA0F4B20000A93039B0B93049B3A
:208EA0000C93059B0D93069B0E93079B0F93089B1093099B019311931EF067F8200020225C
:208EC0000AA90CF043FF044813B030BDB02A0020A82A002055BA11C054E20200F7B5114C98
:208EE000050020681EF09BFA002802D12800FFF7B7FF0D4E3378002B0ED10C4D2B78DAB2DB
:208F00000192002B08D1012720682F7003685B689847019B2B70377020680DF065FD1CF08D
:208F2000C0F8FEBDA82A00207D2F00207E2F0020F0B58DB01AF077F90E4B02689A4217D150
:208F40000469826808944469C368416809948469C0690A9484466C4605910692079308A858
:208F6000E0C8E0C460462060034800681EF037FA0DB0F0BD55BA11C0A82A0020F7B506009F
:208F8000194D0C00280017F0B5FA3100174817F025FA174817F0AEFA164817F0ABFAFF2391
:208FA0009B00E61821787F2901D0A64206D1280017F0A0FA104817F09DFAF7BD6278A378DF
:208FC00050290CD80D48475C0D48405C019300923B0002000B4817F001FA0434E2E70A4840
:208FE00017F0FCF9F9E7C0468F610300BC610300C46103009A620300B8620300D52303003D
:2090000084230300E561030008620300F0B51D008BB007901B4808920E0017F06BFA2900BC
:20902000194817F0DBF9194817F064FA184817F061FA0024A54204DC124817F05BFA0BB010
:20904000F0BD0898A300005D0799F718BA78095D04903868F35C0003400E0390F8789B0604
:209060009B0E0993030902933F880007FF04000F7F0E0090099B07481209019717F0AEF9B9
:209080000134D7E78F610300296203005662030088620300BA62030001220020074B0849AF
:2090A0005A600860A821DA60064AC9005A5006495A5004315A5005495A50704700A0004061
:2090C0000CAC0040FCFF0000440500004C050000034B04481B78002B00D103487047C046D2
:2090E000802F0020E4D00200DCD00200F7B5A827A925324B042019689C46314B314E1A6873
:20910000FF008A18891819602F4B00911B7812110193019C2D4B0911ED00002C47D0002AB6
:209120003ADA821AD8515A5181229200002937DA27481A50521A9A510122264CDA602378A2
:20914000002B23D03F212448244B02688C331B68013211405D5C019B002B01D0803D6D000B
:209160001C236B430160009908335B1A61469B100B601F23110019401A4207D1184B1A78C6
:20918000002A03D01748197007F010FC01232278042053402370FEBD04325851DA51C3E770
:2091A0009A51812292008918094A9950C4E70432D8519A51812292005A51F4E73C020020A4
:2091C0002C02002044050000D800002000A000404C0500007F2F002030020020582B00200C
:2091E000D90000209D3202001FB501220400080001A9FAF757FD029A202A00D9202200238F
:2092000001980434934203D0C15CE1540133F9E7014804B010BDC04654E2020070B504003E
:2092200008001500FAF784FB1F2802D90C48FEF7C9F9002D02D10B48FEF78AFB2418042D3A
:2092400004D1012023795B00184370BD2800FAF76FFBFF2801D90448E9E720710348F4E742
:20926000DC620300F06203003F26030054E202000A4B8000C018A223DB0010B5C258084C38
:2092800009022240F824C250C258640121401143C02292021143C15010BDC04600600040B1
:2092A000FFE0ECFF0123A022834010B50C000E49D20553500300C1330C49FF339B00995097
:2092C00001002000FFF7D4FF094BA100C918A2230322DB00CC58074822432043C850C046B0
:2092E000C046C046CA5010BD0C0500000303000000600040031F0000A0221E21114BD20073
:2093000070B59C58104D8C439C50A324E4001D510E4C0F4D0F4E5C5104355E510E4D800080
:209320005C51A5240D4DE4001D51084C0C4D00190C4C185104341D510B4C185198580143EA
:20934000995070BD00F0014040A10040006000401C05000044A100402405000048A100406D
:209360004CA100402C0500003405000010B504000A4902F005FD0A4BA0211C6001236079B7
:20938000084A8340C9058B500021FFF78BFF0020FFF7B2FF0022044B1A7010BD60CD0200B0
:2093A000340200200C050000D800002070B50C000500134E2000310002F0E2FC310028003D
:2093C00002F0DEFC0F4BA0221D600F4BD2051C6068790125290081402E000C4BD15061790A
:2093E0008E400021D650FFF75DFF29006079FFF759FF2800FFF780FF054B1D7070BDC04609
:2094000060CD020034020020380200200C050000D8000020F8B50024FFF73EFE1D4B2000D9
:2094200090331C6007F090FAA0221E2001251A4B1A491C701A4BD2001C601A4B1A4F1C60F5
:209440008B58A02683438B5020001F21FFF710FFA2232A00DB00FC50144BF60518684379B1
:209460009A401300124AB35002F074FC114B1B78A3420DD028001F21FFF7FAFE0E4BFC5092
:209480000E4B186843799D40094BF55002F062FCF8BDC046582B0020802F002000F0014013
:2094A0002C0200203C02002000600040340200200C050000D800002014050000380200208E
:2094C000F0B53E4E0500330090331B688DB0002B03D1FFF79FFF0DB0F0BD002801D007F0B3
:2094E000B5FB684607F048F8002822D1330090331868FDF77DFC040007F05CF8002D01D08C
:2095000007F0AEFB2E4B20221D6833006D118C3301351B686D0115405D19002C2DD1903619
:209520002100280034601FF0EBFA0122254B1A70D1E7002D01D007F093FB019B224918687B
:2095400005F0D8F900240500A042DBD1019F3800FAF70AF91D4B83420BD1290001200AF075
:209560009BFF2A000400F8601F211948F8F71EFDA060019B0024B364C4E72000FAF7F4F8A1
:20958000144B834209D0330000229033124913481A6019F0E0FDB0649DE763682B60A368A7
:2095A0006B60E368AB602369EB6063692B61A3696B61E369AB61236AEB61B6E7582B002012
:2095C00030020020D900002060AC0200F8AA0200156303003CC602003563030014AD0200B1
:2095E00010B5FFF717FF014810BDC04654E20200F0B589B00593754B0D001B7814000490C8
:20960000002B01D0FFF706FF714E8C363368002B06D16F4A40209032136018F028FB30602C
:20962000802201276B4BD2006B4EDA676B4BF750FFF732FD00236A4AF021B3500432B35098
:209640000832B350C22209039200B150093AFF3AB350644B9D4200D0A6E0AC4200D0A0E0A9
:20966000614D07AC280002F07FFB002804D028005E49277002F084FB5D4D280002F074FBEF
:20968000002805D0012328005849637002F078FB584D280002F068FB002805D0012328003D
:2096A0005249A37002F06CFB534B019300235A1C039207AA9B5C002B3BD1019B039A0433F4
:2096C00001930123022AF2D1474805F079FEFFF74DFE00210498FDF751FB002501243F22FF
:2096E0003B4B802190331860444B1D70444B1C70444B1A60364B12198C3318681FF000FAD4
:209700002800FFF7DDFE404B50221C6034602F4E28003E49347007F0E3F8059BAB4252D0F2
:209720002B4B3278002A4ED09A6C002A4BD120BFF7E7A0220321019BD2051C68039F63795D
:20974000C133FF339B00995007ABFB5C002B24D0294BBA00D5580423029301226379A02160
:209760009A40A123C905DB002800CA5019F068FD012812D16379A0219840254BC905C8501B
:20978000280019F05DFD002807D1029B013B0293002BE2D12900200012E0022F8DD0022700
:2097A000D2E71C48FEF7D4F8280005F009FE0D4B05009C428BD0200005F002FE01002800D3
:2097C000FFF7F4FD85E709B0F0BDC046802F0020582B002004E100E000A00040FC0F0000A8
:2097E0000405000054E202000CD9020030CD02005CD902006CD9020008C602007F2F002026
:20980000D9000020300200200CAC0040ED9000000C0500004763030010B5084B86B002ACCE
:2098200000930194042306F01DFF02982379059A0499FFF7DDFE024806B010BD14C60200DB
:2098400054E20200014B1878C0B27047802F002010B5242018F00BFA0400044B20228021B0
:2098600008C01FF04DF9200010BDC0463CC60200F8B5060008000C001500F9F775FF2D4B1C
:20988000834255D1701F0F2852D810F097F908082F51515151515151515151111138FFF7A4
:2098A000D7FF0700211D202204301FF016F93C002800F9F759FF1F4B834239D10121052EBF
:2098C00002D0122E00D002390422FF20AB5CA65C803B4B439B19FF2B02D9DB17013343436F
:2098E000A3540132242AF1D12000F8BDFFF7B0FF0600211D202204301FF0EFF834002800A8
:20990000FAF77CF80F2119F0CEFC2100FF25221D24311378803B4343DB138033FF2B02D994
:20992000DB1701336B43137001328A42F1D1DBE70024D9E73CC6020037B50400A068FDF779
:209940007FFA019000280ED06568074B9D4205D000220121280001ABFDF71AF9FAF726F9F5
:209960000028EBD001983EBD54E20200F0B508C98DB00593244B06AC013800930194062342
:2099800006F070FEE068214F214EB84202D005F017FD06001F4B20690393B84202D005F017
:2099A0000FFD03901C4B60690493B84202D005F007FD0490194D3000290002F0E1F9290034
:2099C000039802F0DDF92900049802F0D9F901200523049A0399059D52794979043540422E
:2099E000F35652B2009049B228000FF013FE00232800A26861680FF09BFD280006990FF0DC
:209A0000C7FD38000DB0F0BD20C7020054E202002CD902003CD9020034D9020078CD02004B
:209A200010B5002802D10248FDF7CCFD10BDC04669630300F0B50C000E6887B00700706880
:209A4000FFF7EEFF6068F9F773FF010002A81BF003F90025032F03D1A068F9F769FF0500B7
:209A60000024039B0193A34208D92900301D0FF0BDFE049B185501930134F2E702A90248F7
:209A8000F8F75EFA07B0F0BD7C960200F0B50E00140089B005004068FFF7C2FF3000012250
:209AA00002A9FAF7FFF820000024022205A9029FFAF7F8F8059E039B0193A34206D9395D4C
:209AC000281D0FF093FE30550134F4E7014809B0F0BDC04654E2020070B50C0086B00500C3
:209AE0004068FFF79DFF20000024012203A9FAF7D9F8039E049B0193A34205D9315D281DED
:209B00000FF074FE0134F5E7014806B070BDC04654E20200044B054A05481A60054A5A60EB
:209B200000221A817047C046440200202003070054E2020074696275F7B51600324A0B00E6
:209B400088321568002D02D13048FDF73BFD02222F49304CCA67A321C90064582E4FE4B285
:209B6000063439682C19A14205D12C4B1A602C4B01930198FEBD2578002832D1601C002B4D
:209B800004D12900F8F72AFA01900BE05A68AA4200D92A00010018681EF09FFF01236800CE
:209BA00003430193002E0ED0621953785B423360D37811791B0209040B43917852790B43DA
:209BC0001206134373603E68A91D6118721A20001EF083FF0223114A761B063E3E601360BD
:209BE000C7E7022D06D80023037043708370C3700E33D6E7210004221EF066FF0022E91E5A
:209C0000201DF8F7D3F9BFE7582B00207D63030004E100E0001000405002002000E100E0D8
:209C200054E202007FB5002101AA0800FFF784FF0A4B98420FD00121019B03905A00029B15
:209C40000A438B400492064A032013400B4303A905930AF021FC07B000BDC04654E2020035
:209C6000FEFFFF7F002213B501AC11002000FFF763FF094B98420ED02378022B08D96378B9
:209C8000012B05D1A378002B02D1E378012B02D00248FDF797FC16BD54E20200926303007C
:209CA00002220B4B10B5DA6700220121094B5A61094A11615A69002AFCD0084C88342068BB
:209CC000002803D018F002F80023236010BDC04604E100E0FC10004000100040582B00200A
:209CE00010B5FFF7DDFF014810BDC04654E20200F8B5FFF7D5FF364C267865780636013593
:209D00007543280017F0B3FF324A861916600022314B451988331860304B01211D60304B55
:209D20005A608022D20511605A68002AFCD003212C4B61562C4A00259950A178043A9950B1
:209D4000617A083299506168284A08269950217A274A284F99500121274A9D5004329950A8
:209D6000264A9E508122247892042243A324E4001A510224224A9C50224A9F50224F043AAD
:209D80009F501827214A9F50214AC0279850C12292009E501F4ABF00D0591F4E0640C020BA
:209DA00000023043D051C020400014501460102280301C5822431A50184A55605960516867
:209DC0000029FCD00021116101229A60F8BDC0464402002050020020582B00204002002046
:209DE000FC000040001000400C0500001C05000024050000FFFF00002C0500001405000034
:209E0000340500003C05000021100100540500000405000000E100E0FF00FFFFFC1000402A
:209E200010B5FFF765FF014810BDC04654E2020010B5FFF76FFEFFF75BFF014810BDC0461B
:209E400054E20200F0B58DB016000490002802D06A48FDF77DFD6A4B09AA190031C931C2B6
:209E600003251A7806925A7805929A7803925A685D5701921F7A5B7A02937368049A934226
:209E80004DD9D3000793079AB3689B181A68002A1BD0042A19D05868F9F776FD079AB36833
:209EA00004009858F8F7A4F80200B638FF3806282FD80FF083FE040E151B21272900631E13
:209EC000FA2B00D998E0E3B20693049B01330493D3E7631EFD2B00D98EE0E3B20593F4E7C2
:209EE000532C00D988E0E3B20393EEE7072C00D982E0444B1D57E8E7022C00D97CE0E3B26A
:209F00000293E2E70194E0E7FF2C00D974E0E7B2DBE73D493D48FEF77DF906F053FB3C4B93
:209F200009AC88331B68002B11D1069BE5702370059B27726370039BA370019B6360029BDF
:209F400063722F4B07CC07C332480DB0F0BD069B2B4E2370059B6370228833889A420ED0F2
:209F6000FFF79EFE039BE570A370019B27726360029B63720ECC0EC6FFF7BAFEE4E7022294
:209F8000254BDA67254B264A9C46002361464B610133136163465B69002BFBD0039809AB7E
:209FA00098700198DD700A9002981F725872144852CB52C01B4B0398D550043BD05002987A
:209FC0000833D0500198184B6146D050174BD75000234B600133536063465B68002BFBD0C3
:209FE000002361460B610133C02193600222104B49005A501A60A7E70E498BE7B2630300C8
:20A00000440200200C640300CD6303008CAD0200582B002054E2020004E100E0FC1000400D
:20A02000001000400C0500001C0500002405000000E100E0E3630300214BF7B55A68214D23
:20A04000002A03D000225A600132AA601A69002A34D000221A61A323DB00E8581A4BC2B2E2
:20A06000883319680C78A24201D2140008708023DB00EB58012B1FD1144E154A3768A31DE0
:20A0800012680193FB189A4216D3621C38001EF01BFDA923DB00EB58621CBB540FF0E2FCAA
:20A0A0003368020A1C19E270020C2271019AA0709B18000E607133600123AB60F7BDC04618
:20A0C000FC10004000100040582B00205002002040020020F7B5314F00933B008833019225
:20A0E0001A680D00002A02D12D48FDF76BFA02212C4B2D4CD96700232C4E6361013333618A
:20A100006369002BFCD0A323DB00F3580099DBB26918994203D9AB423DD35B1B0093009B91
:20A120008837EB1813703B680100013318002A001EF0CAFC009B002B06D0386801351A0060
:20A14000019940191EF0C0FC00236360013333606368002BFCD00123B36000232361236969
:20A16000002BFCD000236361013333616369002BFCD000236360013373606368002BFCD0C7
:20A180000023C021022223610133B360084B49005A501A60F7BD1D000023BFE7582B0020CF
:20A1A0007D63030004E100E0FC1000400010004000E100E007B501A9F8F74EFB02000321D6
:20A1C0000248019BFFF786FF01480EBD0864030054E202001FB5012201A9F9F763FD00234F
:20A1E00001981A000299FFF775FF014805B000BD54E2020010B50400082017F038FD024B3A
:20A200004460036010BDC04664C80200030010B50548002B03D118F091FF06F0D3F9096857
:20A2200018F092FFF9E7C046D8AC020010B503480968F9F7D5FA024810BDC0467CE402005A
:20A2400054E20200F0B5040000258BB01A4B1B48E958FCF76DFA03AB585104351C2DF5D1BB
:20A2600014230025634301930026154FB30003AA3800D1581AF0FEFA0136200017F069FA3A
:20A28000072EF2D1013EB30003AA3800D1581AF0F1FA200017F05DFA013EF4D20135082DE3
:20A2A00003D103F0A3FE0BB0F0BD01231D42DBD1019817F04EFAD7E7A4C902007C9F02006D
:20A2C0002000002010B51920FFF7BCFF004810BD54E20200F0B585B00C00F7F789FE03AA3A
:20A2E000050002A92000F9F7C7FB029E039B300010308000019317F0BAFC04002C220021EA
:20A3000010301EF0FDFB65600025114BE6632360104BA360104BE360104B6361104BA3616B
:20A32000104BE361104B2362104B6362104B6363AE4202D1200005B0F0BD019BAF00D8599C
:20A34000F7F756FE23004033D8510135F0E7C04670D6020075A30000D9A300003D4401008B
:20A36000D544010099A30000C9450100C54301000CE4020070B50C0005000B6805495A68C4
:20A380001CF0C1FB21682800220040310AF0DAFD70BDC0461D310300136870B5002B12D1AE
:20A3A0000468E56B4034AB4205D09E00A659B14202D1591C02D170BD0133F4E702339B00F4
:20A3C0001B581360F7E70249024818F024F8C0461A64030064A80200F0B585B003930B00F0
:20A3E000029201910299C26B5F180500974206D03B0026492648FDF70DFF06F0E3F800213A
:20A4000038000AF049F8019B04009E0032000399056008301EF058FB3000029B08309A0020
:20A42000002120181EF06CFB029BFF18039B9E19019BBB4202D3200005B0F0BD3068F7F7CF
:20A44000D7FDEB6B0200029340239C460021AC44029B994206D060468B00C058824206D1B3
:20A46000013106D10B490A48FDF7D4FEC5E70131EEE7E3189968002901D00749F3E77268BA
:20A4800008369A60019B02330193D1E72E64030014AD02006764030088640300F8B50500A0
:20A4A00010200C001F00160017F0E1FB054B44608460A4190760C4606B60034B2860AB607C
:20A4C000F8BDC046553302006B33020010B5402834D02DD8022398433C2829D1532922D88D
:20A4E000412925D942390800112921D80FF066FB5920202020205615202015202015152398
:20A5000020150F2814D80FF059FB4C13161308134908131308131313131601230420002A9A
:20A5200000D0136010BD6239CBB208000F2BE8D91D48FDF747F801230820F0E7532918D8C9
:20A54000412904D8012318009942E8D0F0E7423908001129ECD80FF027FB24EBEBEBEBEBB2
:20A560001F09EBEB09EBEB09091DEB0904231800D5E76239CBB208000F2BD9D80F28D7D8EF
:20A580000FF012FB0FD608D6F4D60AF4D6D6F4D6D6D6D6080823EAE70223E8E701230220EE
:20A5A000BDE70123E3E7C046B764030010B5512812D8412803D8012823D000231DE04238C3
:20A5C0000F28FAD80FF0F0FA1DF9F9F9F9F92225F9F925F9F94D50316238C3B20F2BECD864
:20A5E0000F28EAD80FF0E0FA08E932E928E90F40E9E940E9E9E9E91A8B5601205B00184395
:20A600000BE08B5CF9E75200535EF6E75200535AF3E7920050581AF05FFD10BDD2008A18EE
:20A62000106851681AF02EFDF7E7D2008A18106851681AF042FDF0E70323920050589843D6
:20A640000300022018430B4BC018E6E7D2008A181068516812F0A2FA032302009A43130024
:20A66000EFE792005058D8E7920050581AF019FDD3E7C04600008080F7B51700156801AA06
:20A6800004000E00FFF722FF402C05D1019B043C5A1EAA185D4215405A212B183E3C3B6072
:20A6A000B142894163425C4149422B00E2B218F068FE04000D004F2E08D0532E07D11EF016
:20A6C00073FA002201002000F7F770FCFEBD0323662E05D0642E09D112F060FA0323040034
:20A6E00002209C43134B2043C018EFE75A2E13D980220023D20512196B4120001100002BA7
:20A7000006D180231B06994202D21AF0CAFCDDE729001AF0B7FCD9E7002906D18023DB0532
:20A72000984202D21AF0D8FCD0E729001AF0C5FCCCE7C04600008080F0B589B0160005AA86
:20A740001F001D6801900291FFF7C0FE019B0400402B06D1059B5A1EAA185D423C2315406E
:20A7600001932B193B60019B3E3B03935F425F41029BFFB2642B12D0662B0BD04F2B2CD1D8
:20A780002000042C00D9042033002A00390018F024FE2EE03000F9F731F90600F0E7300047
:20A7A000F9F72CF912F0B2F91026BB00069007919B1904AA9B18083B2A001B683900042056
:20A7C00018F00BFE039B04355A1E93419B009B1904AA9B18083B1E68D2E7B3070BD1114B21
:20A7E00032689A4207D12B002200390030001AF025FC09B0F0BD3000F9F79AF80600042CDC
:20A80000BED9029B00215A2B02D9884200DAFF31220028001EF074F9019B3E2BB0D1231F22
:20A82000ED18ADE7F8CA0200F7B506000F0014001D0064280DD0662804D04F2813D194000F
:20A84000E35105E0940018000F19F9F7D7F83860F7BD1800F9F7D2F812F058F9E4003F199F
:20A8600038607960F4E703232A001A4001921D4211D10E4B2A689A420DD10100019A40206D
:20A88000FFF724FE23004343020001992800FB181AF0D4FBDCE72800F9F74AF82200030005
:20A8A0003900300018F0AEFDD2E7C046F8CA0200F0B50E00002485B0110007002200300083
:20A8C000039300940C4B05F09DFEB01C800017F0CEF9050007604660B44202D1280005B095
:20A8E000F0BD039BA700D8590021FCF747FA2B000833D8510134EFE7FFFF0000052302001E
:20A9000070B5094C094D20682260434308489B189B0018582B68C0180F2319400901286041
:20A9200009F086FB70BDC04654020020A401002014CA0200A83910B50400080006292FD867
:20A940000FF03CF9040A10161B212800E223A218DB00D218107810BDC4329200105D8006D7
:20A96000800EF8E7C4329200105BC004400EF2E7C432920010590003F8E7C4329200A21877
:20A9800090780009E7E7C4329200A218D0780007000FE0E71300C4339B00E318D878F0E7AA
:20A9A000024B034A00201A60D5E7C04608000020C4640300A83910B504000800062946D84F
:20A9C0000FF0FCF8040A131E29333D00E221A218C9005218137010BD3F20C4329200115D17
:20A9E000034081430B431355F5E7C43291007F2219481A400B5B9201034013430B53EAE71A
:20AA0000C43291007F2208591A40144B5203034013430B51DFE70F20C4329200A218190159
:20AA2000937803400B439370D5E70F20C4329200A218D178034081430B43D370CBE70F2088
:20AA4000C4329200A218D1781B010140F4E7044B044A1A60BFE7C0463FE0FFFFFF1FF0FF46
:20AA600008000020CF640300F0B587B005930723D4B21A40013AD2B20391042A02D92E4927
:20AA80002E4D0D609C4313020293002C2BD12C4BC35C1B09DB43DBB20193039B1D78019B55
:20AAA0002C005B1BDBB204930826264B029A1B199F5C3B007F005BB2FFB2002B38DA1A2176
:20AAC0000320013EF6B2FFF719FF002EF1D1049B0134E4B2E318DBB2002BE5D1019BED1AF8
:20AAE000039B1D701AE0E443174BE4B29F5C0825144B029A1B199E5C330076005BB2F6B263
:20AB0000002B0EDA05210220FFF7F8FE013DEDB2002DF1D10134E4B2002CE8D1059807B01E
:20AB2000F0BD39000120FFF7E9FE002FEAD0EDE706210420C5E7C04608000020DB6403000D
:20AB4000190700005A6A0300B5700300F0B500228BB0050001910F20FF2108AB644CDA7150
:20AB60000B00C4339B00EB189A781609A65D0240360132439A70DA781607360FA65D82438D
:20AB8000064016431209A75C32003F0102403A43DA700139E4D2E223DB00EE5CB308F31A9B
:20ABA000DBB20593534B1B68002B0BD0E222C4218120D20089000001019BAA186918281844
:20ABC000FEF724FA00244823270004930394029481222B1912019B181B78180006930723CD
:20ABE000984322D008A9230007312800069AFFF73BFF01990230C4B20239CBB20193019B5A
:20AC0000002B73D02B780493013EF6B2002E44D1E22200272B19D2009B181E780397B30883
:20AC2000F31ADBB205930297D2E7334B029A9C469A5C2300C4339B00EB18997809090A4376
:20AC40002E498A5C039907926246DB78525C1907090F0A4329491B098A5C2949C95D0B43D2
:20AC6000079952182549C95C01238918FF2A00DC031CC918882309061B06C9180020090F79
:20AC8000FFF73CFE049B013BDBB20493002BBBD101990134E4B20139AFE7059B013BDBB230
:20ACA0000593002B02D1069B002B16D12200C4329200535D02999B069B0ECB18DBB2029307
:20ACC000535B0399DB045B0ECB18DBB2039353591B035B0EFF18FFB27AE708A92300280084
:20ACE000069A0731FFF7C0FE040091E70BB0F0BDDE65030068020020AA6F0300B6670300D8
:20AD00005A6903000300074A0800D25C002A05D0054AD15C4843C011C0B27047034AD05C6A
:20AD2000FBE7C046066903007F6703003F6603000300074A0800D25C002A05D0054AD15C23
:20AD40004843C011C0B27047034AD05CFBE7C04606690300BA7003008F660300F0B5037A54
:20AD600004008DB07F2B00D137E10300070000250933FF330837069301953E787F2E00D0C1
:20AD800088E000230593019305998B00E3181A7A0393481C1B7BC0B205907F2B00D1FBE057
:20ADA0008F49CE5C8D5C8F49AE4200D0D4E08D5CCB5C039A517A019A5118CAB20192EA18CF
:20ADC000D2B20692023A1206DED4019A9B18DBB2551B0793EBB2A8250493A82D00D0C3E023
:20ADE000039B039A5B7A527B5B08520899180291019901988A18E221C31AD2B2DBB2C900E6
:20AE0000A218E31852185B1816781878361AF6B27F22330076B293430893F317F018584073
:20AE20000299C0B20FF04EF83000CBB2029909930EF062FF0026C3B2049F0A93029BDB1911
:20AE4000DBB20B933A0029002000FFF773FD0A9B01370B9AC018FFB2C3B2974200D195E03F
:20AE6000099AB618029AF6B2B2420DD8B61A20216A4652181278F6B252B2002A00DA83E07C
:20AE8000002B01D00133DBB23A0029002000FFF791FDD7E7012E59D12B003100019A2000C0
:20AEA00018F013FBBA78504B30009B185B78A1780193FB780593FFF725FFE1780890300006
:20AEC000FFF736FF494B995D494B9A5D494B9B5D0293494B9B5D0393484B9B5D7E780493D7
:20AEE000AE19F3B27F2607933F23304086010898184030437F263140490308430F21029B69
:20AF00000A4016050B401B0606431E43039B059A1B071E43019B9C4662442B008121C4330E
:20AF20009B001E5104986319090159180870E221C9005B181A700135079BEDB29D42ECD120
:20AF4000069B0437BB4200D017E71AE7022EA9D12B00FF21019AA2E72948AE4201D9C55CD4
:20AF600026E78D5C835C24E72900079A2000FFF7E1FC29000600049A2000FFF7DBFC069BD9
:20AF8000361AF6B2029343E7013B7CE70135EDB2AF2D00D021E7F7E6023189006118019B24
:20AFA000497859186368C9B2002B13D1E22381221448DB001201E318A518001B1A18C4321D
:20AFC0009200125D1E789206D20EB21A1A7001339D42F3D12000FFF7B9FD0DB0F0BDC046F9
:20AFE000EF650300B6680300AA700300DF660300EE6403003E6503008E6503005A6F0300B7
:20B000002F670300F0F8FFFF10B5034A034904481BF079FD034810BDF17003003E240300A5
:20B020007CE4020054E2020010B5034A034904481BF069FD034810BD357203003E24030034
:20B040007CE4020054E20200F0B5486887B00F00F8F76EFC041E02DA0020FCF7B3FABB6881
:20B06000164A01939D186B1E9D41010002A819F0F3FD049E2200002130001DF041FD38681C
:20B08000EDB2C3070AD433002200290019F0D6FF02A90B48F6F754FF07B0F0BD43102000F8
:20B0A000042C00D904200749019F00228F4200D0221A2900B21818F090F9E9E72AECFFFF0C
:20B0C0007C960200D6130000F0B50C0087B00122606803A9F8F7E6FD039AA368124914000B
:20B0E00001268B4204D10499023E4C1E01911419049900200D00002D02D119F0EDFF0BE0D7
:20B100008027013DFF03B84208D308481B18581E8341D8B219F083FF07B0F0BD277800029C
:20B120003843A419E7E7C046D61300002AECFFFF70B546007508041C291C281C0FF07EFEFA
:20B14000002811D11949281C0FF078FE00280ED11649281C0EF016FF002808D11449154852
:20B1600017F0F9FF05F02EFA1348FCF72BFA002C10DA002E06D0FF23DB05E3189C22D20594
:20B1800093420AD8201C0FF06FFE012540000543280070BDE30DDB05F0E704F087FB211CF3
:20B1A0000500043017F0B9FAF2E7C046FFFF7F7F0D730300E8AB020026730300F0B50D005B
:20B1C000002685B0110028001C0032000223009605F018FA0120B5422ED0854234D1206861
:20B1E0000540E9B2B14227D1032302001A40184203D11C4B016899421ED01B4B0340062B61
:20B2000006D0002A0DD10268184B92699A4208D103A9F7F721FB00231A00039901F046FA13
:20B220000AE0032302001A40022A07D1FF22D20580189843FFF77CFF05B0F0BDF8F778FBFE
:20B24000012340001843F7E703A92068F7F704FB05006068039FF8F76BFB330002003900FE
:20B260002800DBE7F8CA0200070080FF012E0000F8B51F000C4B15005B18013B19780EF0F5
:20B28000B1FC00260400B74204D0032101300EF0A9FC06002B1E03D028001DF085FC030037
:20B2A000E01C8019C018F8BD3F730300F0B58DB00A9214AA177815AA127805000C000792F9
:20B2C000DA0744D55A100492002B5CDB002306932020079B139A1299FFF7CAFF236805903D
:20B2E000834204D216F0C3FC059B2860236000222E68059BF418631E1A70049A002A47D0F5
:20B300000A3F099308930B97049F129938000EF0EFFC0B0004903033092901D90B9B5B1875
:20B32000089A541E2370079B002B4DD0129B9F4231D3A6422FD2099B1B1B032B05D1079B81
:20B34000013C2370A64226D209940894DCE79A0712D1274A196891420ED1079A21000392C2
:20B36000139A02970192129A00920A9A19F02DFE040020000DB0F0BD00232A6813700A9A74
:20B380002C681360F5E7049B5B4204932D239EE73023023C2370139B002B05D018001DF02B
:20B3A00003FC201A864220D3069B002B04D0B44202D9069B013C23702868059BC018001B94
:20B3C0000A9B01381860D4E7A642E4D2129B9F42BBD2E0E7C2540133139AD25C002AF9D1C3
:20B3E000069B0400002BE4D1E6E70023F4E7C046F8CA0200134B10B5140001229C421CD00F
:20B40000114B03229C4218D00023072818D10F48204006280ED0A20712D120680C4A9042AB
:20B4200008D00C4A904205D00B4A904202D00B4A904205D10A0007202100FCF7CBF8030036
:20B44000180010BDDCD00200E4D00200070080FF289902007C9602000CE40200A0D00200E2
:20B4600070B51500040018F0B4F82A002000024918F06EF870BDC046B735020070B54379D5
:20B480000D000024032B06D9836A074C9200E41AC369D358E418032118F08DF844702412B0
:20B4A0000570847070BDC046FD7F00000023F7B5836083710361013304000E00150041715D
:20B4C000C2604361032906D8012183694942C0699A001DF015FB0023A3622362AA8BEB8BCB
:20B4E000D218002A00D10132384F2000390018F02FF82A8C3900200018F02AF8E368200081
:20B50000197D18F051F8E3682000997D18F04CF8E3682000197E18F047F8E3682000997EAC
:20B5200018F042F8042E27D1636A226A390020009A1A18F00DF839002000EA8918F008F858
:20B5400039002000AA8918F003F80027AB8CBB4217DCFF21200018F03CF8042E35D1EA8AE6
:20B560002B8B0627D31801930023019A9A422CD0AA8C0021009223E00221200018F008F89C
:20B58000D9E7AA6AFB00D118D35C032B03D12000897818F01EF80137D8E70126A86ACA0089
:20B5A0008218507830420AD05088984207D15268606BD20099003A430A500133D5E701316A
:20B5C000009A8A42E9DC0222F2E7F7BD91350200F7B5234B0500A8331B680191022B29D88A
:20B5E00047698F4226D2836A0269CF1B9C1A062F01D90F2C1FD900941F2C01D91F2300930A
:20B60000009B0026A34203D33E00032F00D903260121280017F0BCFF009A73011343037059
:20B62000009BBF1BE41A23003B43E0D1AB6A2B61019B6B61F7BD80233E001B019F4200D3D7
:20B64000084E0221280017F0A3FF7022330913402343F03A1343037046700094E0E7C0460F
:20B66000582B0020FF07000070B50D000121040018F02DF80E2D0AD00F2D0DD010210D2D03
:20B6800006D017212000054A17F0B4FF03E01121200017F09EFF70BD1221F9E7C0E30200B5
:20B6A000F8B5174F05000C0016000F40002A1AD1110018F00CF823040FD53221280017F042
:20B6C00088FF3221280017F084FF3221280017F080FF3221280017F07CFF3A003521280028
:20B6E000FFF7CCFEF8BD3A004621FFF7C7FE7F23210A994331432800C9B217F06AFFF1E771
:20B70000FF7FFFFF030000209A0708D11B68044A0130934203D00348181A43425841704714
:20B72000A0CB020064CB0200044B88600B60044B08004B600023CB607047C046D0E2020008
:20B74000473F020030B585B0050008006946FBF715FB04002000FBF773FB011E02D10548C6
:20B7600005B030BD0022281D15F0ADFD0028F1D00148F5E7E4D00200DCD0020070B5050075
:20B78000102016F074FA0400074B696808C015F090FDAB68E968A3606B68E0689A001DF05B
:20B7A00093F9200070BDC046A0CB020010B5830707D1044B02689A4203D10349034816F010
:20B7C0002AFE10BD64CB02004F73030064A8020070B50D000400FFF7E9FF29000122201DD3
:20B7E00015F071FD004870BD54E2020070B50D000400FFF7DBFF29000222201D15F063FD34
:20B80000004870BD54E2020070B5060008680C000125FFF7CBFFB54201D3044870BDAB00FF
:20B82000E158206818F026FB0135F4E754E2020070B50D000400FFF7B9FF28000021FBF7B6
:20B840009DFA05002800FBF7FBFA011E01D1034870BD0322201D15F036FDF3E754E2020028
:20B8600010B50400FFF7A2FF201D15F0D8FD014810BDC04654E2020010B5012218F02AFBE8
:20B88000004810BD54E2020070B504000D00FFF78DFF02222900201D15F015FD002804D105
:20B8A000034817F04BFC04F08DFE024870BDC04644AA020054E2020010B50400FFF776FF97
:20B8C000201D15F08DFD002803D10249024816F0A2FD10BD7173030044AA0200F7B5040012
:20B8E0000E0000258B0704D10B68214D5D1B6B425D41B368002B0AD1002D03D020001D4963
:20B900001BF03BF81C4920001BF037F8F7BD002D03D0200019491BF030F8200018491BF035
:20B920002CF80123002701937368BB4207D8200014491BF022F8002DE8D01349E3E7390067
:20B94000F06818F0F8FA00280FD0019B002B03D120000E491BF011F8F168BB005958012280
:20B960002000F7F719FF002301930137DCE7C04664CB0200877303008E73030094730300AD
:20B9800089210300D6770300652B03003A210300F7B503000C0001280AD002280CD00020D5
:20B9A000834204D18B681648002B00D11548FEBD886840001843FAE703230E0000201E406A
:20B9C0001942F4D1104B0D6830009D42EFD14B680193019BB34203D101206D002843E6E736
:20B9E000E7683100380018F0A6FA002806D0B3000220D959FBF758F840102D180136E8E705
:20BA0000E4D00200DCD0020064CB0200F7B505001020019116F02BF907000A4B040008C7C5
:20BA20002900380015F045FC0026AE4201D12000FEBD0199B30001223800C95815F043FC8F
:20BA40000136F2E7A0CB0200F7B505000E00171E2CD0FFF7ABFE194CB5422DD00021080058
:20BA6000FFF7D4FF002104003000FBF787F901900198FBF7E5F9061E0CD1002F1CD0E868D0
:20BA800016F024F963686B60A368AB60E3680B4CEB6011E000223100281D15F014FC002824
:20BAA000E6D031002000FFF793FEE1E78842D5D1280018F0F1F904002000FEBD54E202008F
:20BAC000F0B589B004000390029101920027FFF719FEB84207D13A000121224803AB18F049
:20BAE0005BFA04000137029D00262800FFF70AFEB04207D1320001211A4802AB18F04CFA4F
:20BB000005000136019B002B05D00023AA680193A36893420DD0144B06940493134B059341
:20BB20000023079304A818F00EFA011E12D101230193002F02D02000FFF792FE002E02D02B
:20BB40002800FFF78DFE019B0948002B00D1094809B0F0BD0022281D15F0B5FB0028E1D1A6
:20BB60000190E6E7A0CB0200D0E20200473F0200E4D00200DCD0020073B503000C0015000E
:20BB80000026009101928A0704D10A68394E961B7242564132001F2B00D969E018000EF04C
:20BBA0000DF82810176767671C676767676767212D346767673B676767676740464A535806
:20BBC000675D2900200018F078F90400200076BD2900200018F0D5F9F7E76946022018F0B2
:20BBE000A5F9F2E7002E04D069460220FFF70CFEECE72900200018F056F9E6E72900200072
:20BC0000002EE0D0FFF714FEE0E729002000FFF71BFF002EDAD1D8E76946022018F05AF95A
:20BC2000D3E7012229002000FFF74AFFCDE7012221002800F8E72800FFF764FD002815D014
:20BC4000A368AA68934211D12900200018F0D5F9BBE72900200018F0C8F9B6E7201D002241
:20BC6000290015F030FB044C0028AFD1034CADE70024ABE7A0CB0200E4D00200DCD0020009
:20BC800073B51500174A0B0050CA01281AD94A6815498A4207D0940711D1144C1668A642CF
:20BCA0000DD11400160002280CD09A688A4209D0910704D10D4910681400884202D00020C4
:20BCC000FBF746FE01A91868F6F7C6FD0100019A002310201BF051F8320029002300FBF7A1
:20BCE00029FC76BD582B002054E202007C94020000B58BB005F00EF8684618F08DF9054B88
:20BD0000D968091A890804F0BFFF05F01BF80BB000BDC046582B00200379044AD35C002B2F
:20BD200000D18379D800024B18187047812F002028CD020010B50400FFF7EEFF22790368B1
:20BD400002490348FCF766FA04F03CFC9F7303008CAD0200002803D001210379014AD15475
:20BD60007047C046812F002010B5FFF7D5FF034B4068C01A431E9841C0B210BD35BD00006C
:20BD800070B505000C00FFF7C7FF0C4E030032002832904204D132001032002094420BD0DC
:20BDA0000020A34208D028005B68984701202B79034AA41BE410D45470BDC04628CD0200C5
:20BDC000812F0020F0B5060087B000AFBA607B60F960F4F7E1FAB0681AF0B0FE3861B0686D
:20BDE0001AF0B2FE1AF0AAFE032343433A699B189B001D007B6114352C2B2CD86B460735B0
:20BE0000ED08ED005B1B9D4600236C467B6100232000BA68F968266063607B6808F024FF29
:20BE2000154D00216B682000236173686B60F8F7E9FF2369061E6B6013D1A3681D687B69B8
:20BE4000002B04D0200015F041FF002E11D12800BD4607B0F0BD280015F016FF041ED6D1D4
:20BE6000CCE738697B690330800020184568002BE8D1280004F0A6FB582B00200123020088
:20BE800030B51A40040085B04510184216D126491500884212D0254988420FD0244A1D00C2
:20BEA00090420BD0032302001A40184209D1214B0168994205D119F031F90500280005B084
:20BEC00030BD1D4B25002340062B05D0002A08D11A4B22689A4204D1200001A9F6F7BCFC6D
:20BEE000EBE72000F7F740FC154B984207D1FF23DB05E018032398430EF0B6FFDDE7114B46
:20BF0000984202D0104B984206D16946200001AAF7F7B2FD019DD1E70222200001A915F009
:20BF20004CFC0028CAD0F5E754E20200DCD00200E4D00200F8CA0200070080FF2899020072
:20BF4000CCA102000CE40200A0D00200F7B505000F00061E0092019300D046683800431EED
:20BF6000984130180430800015F081FE0C4B040003600C4B5B684360009B8360019BC360B0
:20BF8000002D05D02900B200083110301CF09CFD002F02D00436B60037512000FEBDC0464C
:20BFA000C4CD0200582B002070B5060010200D00140015F05CFE034B466085600360C46010
:20BFC00070BDC04688CD020070B50D00F7F716FD041C2800F7F712FD211C0EF081FD051C85
:20BFE00018F0F1F8011C281C0EF054FC211C0EF0EBF80323020002209A43024B1043C018E4
:20C0000070BDC0460000808010B518F0DCF80323020002209A43024B1043C01810BDC046DA
:20C020000000808010B5074C002802D00868A04203D109F093FF200010BDF7F7A5FC09F0C8
:20C04000ADFFF8E754E2020010B50400F7F7E2FDF7F76EFC002803DC0021064816F0DBF9DF
:20C0600009F054FF19F01DF8042201002000F7F7E7FD10BD08AA0200002803D0012807D0C1
:20C08000002070478B680448002BFAD10348F8E78B685B001843F4E7E4D00200DCD0020082
:20C0A000044B88600B60044B08004B600023CB607047C046D0E20200A74202000021836826
:20C0C00070B5DA0FD21852109B00043B8A4201DC054870BDC5688C002C19ED5826682560B3
:20C0E000C4680131E650F0E754E2020070B583680D00416804008B4211D3C900C06815F02C
:20C10000D4FD6368E0605A00A3686260D21A0133013A9B0000219200C0181CF0F1FCA36897
:20C12000E268591C9B000248A1609D5070BDC04654E20200F8B50700150083684C100029C9
:20C1400000DAE418002C0EDA00240C4E38003100FFF7CCFFBB68013BFA689C4207DBA40028
:20C160003000A550F8BD9C42EFD91C00EDE798001118043909681150EDE7C04654E202006D
:20C1800070B50025040085601021C06815F08DFD042329001022E06063601CF0B1FC0148FD
:20C1A00070BDC04654E2020030B50C0085B0104B02AD0431009301380223019504F052FAE8
:20C1C00023680C4C996801290FD9D8680A4B029AC91889004118A24200D100222D79074BA6
:20C1E000002D00D1064B18F06CF8200005B030BDC4CF020054E20200FFFFFF3FDCD002000B
:20C20000E4D0020070B50C680B00A1680200002903D11949194816F0FEF82068012A27D053
:20C220005A680023F7F75EFC0600E168A2688300C818013A04330568A260921BC918920014
:20C240001CF04BFC0021A368E0689A001150616804290BD95B00994208D94908E068890009
:20C2600015F023FD6368E0605B086360280070BD01225242D5E7C046B173030008AA0200BF
:20C2800007B5009001910220694618F083F8694601900220FFF7B6FF00480EBD54E2020014
:20C2A00070B50E000D49040000251AF066FBB368AB4204D820000A491AF05FFB70BD002D4C
:20C2C00003D0200007491AF058FBF168AB00012220005958F7F760FA0135E8E76F74030093
:20C2E000017803003A21030070B503230E0004000D001E40194229D1174B0A689A4225D1A1
:20C3000083688A6899184368994210D904318900C06815F0CAFCAA68A368E0609B181A1D28
:20C320009B00626031001022C0181CF0E9FBA368E9689800E3681818AB689A001CF0C4FB8E
:20C34000AB68A268D318A360044870BD2900200018F029F8F8E7C046A0D0020054E2020058
:20C360000B4B70B5050003600C000800042900D204206860AC60800015F079FC6A68E860BB
:20C38000121BA4000021920000191CF0B9FB70BDA0D002007FB50E001500122847D01ED803
:20C3A000052824D0002407281ED1100003A9F7F7FDFA041E18D0039B002B01DA0023039312
:20C3C000B3680398584318F007F8C368040000930421039BB268F06818F0C9F904E003005D
:20C3E000193B0024042B28D9200004B070BD032300241A401D42F7D11400194B2A689A42E3
:20C40000F2D18B68AA68981817F0E6FF0400B368F1689A00C0681CF057FBB068E36880003D
:20C420001818AB68E9689A001CF04EFBDCE711003000FFF759FF3400D6E793070DD1084B6B
:20C4400012689A4209D1AB6800938A68EB68C96801F00CFA034C0028C6D1034CC4E7C0468B
:20C46000A0D00200E4D00200DCD00200F0B5032704000E0010008BB00F40002A33D1002F0E
:20C480002AD1654B0A689A4226D1A06804AA01F07DF9002802D16148FBF788FA0599049B3A
:20C4A000A268E0685D1A521A9B00890041189200C0181CF012FBA368AA00E818E3688000C7
:20C4C0001818390052421CF01BFBA3685D19A560534D28000BB0F0BD07A90220079408967C
:20C4E000FFF790FEF4E7042A2CD1A068002F1FD1494B0A689A421BD107AA01F047F90028B3
:20C5000006D1E168A06807AA18F044F90500E0E7079B0898C01A17F05FFF8368E1689A00E2
:20C52000079B05009B00C918C0681CF0CDFAD0E70023010032002068F7F7D4FAE3688000C1
:20C54000C558C6E7364D002F60D1334B0A689A425CD103AA02A9F7F78FFA3100A06807AA7C
:20C5600001F014F9002896D0079B029A08999E18E0680191761A002E27DDA368F11863681F
:20C58000994206D9890015F090FBA368E0609B196360079B029A08999818A368E768321AD1
:20C5A000D218890080009200791838181CF095FA029B03999A00079B9800E36818181CF0E6
:20C5C0008CFAA3689E19A66083E79B000399C01892001CF079FA0899A268E368521A890098
:20C5E000019307985918029B9200C018019B800018181CF072FAA368B200F018E36880003C
:20C600003900524218181CF07BFADAE702003100200017F022FF5CE7F494020011810300FE
:20C6200054E2020070B5050000291ADB032912DC00240D4B5E5CB52109022800314317F0A6
:20C640001AFF002C04D009492800214317F013FFAE61EC6170BD0123023999430C00FE26D6
:20C66000E9E70024F226E6E7C573030080B00000054B10B59A6C002A04D00022986C9A6439
:20C6800003F0A0FF10BDC046582B002010B50400002906D0044B8A6B036009680023FBF79D
:20C6A00027FE200003F08EFF9CAC0200F0B5040087B01000039202936618002A06D0023899
:20C6C000222803D93548FAF77DFF0134B44229D22078F7F727FE071EF7D123782B2B1CD1AE
:20C6E00001342000311B03AA15F081FA23181C0000250193B44217D3002F00D06D42680066
:20C7000001250543019B9C422FD12549039A2548FBF780FD0299FFF7B9FF2D2BE1D10127CF
:20C720000134DEE70027DCE723781A00303A0092092A07D9202213431A00613A192ADBD80E
:20C74000573B00930399009B9942D5D9280007F0A5FC002816D1039B5D43009BED186B00DC
:20C760006B400FD40134C5E70134B44205D22078F7F7D8FD0028F7D1C7E7B442C5D128009B
:20C7800007B0F0BD019B3A000593F11A05A8039B18F0ADFC059C0500B4E7C046C97303003A
:20C7A000EC7303008CAD0200F0B504008BB0079209934718BC4200D303E12078F7F7B2FD7A
:20C7C0000290002837D123782B2B36D1030001340593BC4200D3F6E0202623783343692B3D
:20C7E00032D1A31C9F4200D8E4E0637833436E2B00D0DFE0A3783343662B00D0DAE0E31DD5
:20C80000E51C9F4214D9E3783343692B10D1237933436E2B0CD163793343692B08D1A379A0
:20C820003343742B04D1E3793343792B00D10535FF26F6051AE00134BCE7029A05922D2B10
:20C84000CAD101342C3BC3E76E2B1AD1A31C9F4200D8AFE063783343612B00D0AAE0A3781A
:20C8600033436E2B00D0A5E0614EE51C059B002B02D080231B06F618AC4200D082E05D496F
:20C8800092E00023089303935B4B2500069300230193002304936B1C00932B7818003038C0
:20C8A00009282BD8019B022B09D1039A083353431B180393009B9F424DD9009DEBE70EF05B
:20C8C00041FB019B051C012B0DD106990DF0E2FF011C04980DF078FC4749049006980DF0EF
:20C8E000D9FF0690E6E7454904980DF0D3FF291C0DF06AFC002304900193DBE7019A002A8A
:20C9000003D12E2B04D10123F6E7019A022A19D032001A43652A15D1009B9F4259D96B78CF
:20C920002B2B06D1AB1C0093009BBB42A7D00223E2E7022201922D2BBFD1AB18009301235A
:20C940000893F1E7079A002A07D0202213436A2B05D1079B0293009D01E0079B0293089B30
:20C96000002B02D0039B5B42039303980EF09CFA011C224810F044FE04990DF08BFF061CAB
:20C9800074E70135BD4205D22878F7F7CBFC0028F7D174E7BD4200D071E7099B002B02D1C7
:20C9A000029B002B1BD01649164816F0D4FB1099FFF76CFE059B002B00D160E725000026FB
:20C9C00057E70023059300230493002325000293CAE7009B1D009F4200D150E7BFE70323A9
:20C9E00002209E43084B3043C0180BB0F0BDC0460000C07F31740300CDCCCC3D000020413E
:20CA0000147403008CAD02000000808010B50B790349002B00D1034919F0AFFF10BDC046E9
:20CA20004B7403005074030037B50C00110000221D0020000123009203F0E4FD002C05D07A
:20CA40002868F7F7B3F8034B002800D1024B18003EBDC046E4D00200DCD00200002803D0A1
:20CA6000012807D0002070478B680448002BFAD10348F8E78B685B001843F4E7E4D0020046
:20CA8000DCD00200034B48600B60002308008B60CB60704738D102007FB504000122080021
:20CAA00001A9F7F7FFF8002221794020FDF70EFD0100050002980DF095F8636806001A0AAD
:20CAC000824218D2A368C1186943E06815F0EDF86368E060DBB22A00A06863606843E36863
:20CAE0007243019918181BF0EFFFA36804489E19A66004B070BD121A1202DBB21343EAE7D5
:20CB000054E20200F7B5FF27466804000191BE431DD1320001794020FDF7D8FC6368050034
:20CB20003B408027A1683F011F43083141436760E06815F0BAF86368E0601A0AA368013A30
:20CB400001336A435D43310040191BF0D9FF2079019BA268E168FDF767FEA368034801337C
:20CB6000A3606368013BFF3B6360FEBD54E20200F8B5002206000D0001004020FDF7A6FCE2
:20CB80000700102015F073F8084B0400012E00D0074B28002671236063687843DBB2A560EC
:20CBA000636015F064F8E0602000F8BDD0D1020094D1020070B50500140086B0002A2ED096
:20CBC00003230E0080681E4019422DD1214B0A689A4229D103AA00F0D9FD002802D11E48FA
:20CBE000FAF7E4FE042C1DD1320029794020FDF76DFC049B06000093039B28790193019A0D
:20CC0000009B991AFFF7B4FF0399049A0400521A72434E43E968C06889191BF055FF200093
:20CC200006B070BD3400FAE70A00002301002868F6F758FF02002879042C04D1E968FDF70D
:20CC4000B5FC0400EBE72300E968FDF7EDFD034CE5E7C046F49402000826030054E20200E7
:20CC600070B506000C0015008AB01B2800D172E007D8052826D0122855D0002420000AB069
:20CC800070BD1F28F9D10122280007A914F095FD00284DD0A30713D1394B22689A420FD128
:20CCA000012204A9200017F0BDFC0123079A00930599089B049814F0D4FB324C0028DDD168
:20CCC000314CDBE704A90122200017F0ABFC280007A90122F6F7E6FF069B002203936B46A0
:20CCE0004020197BFDF7F2FB0600010008980CF079FF069BA16803936B4605004118187B62
:20CD0000FFF736FF059B04001A000499C06803931BF0DAFE2A000598E36872430799181855
:20CD20001BF0D2FEAAE711002000FFF7B5FEA5E7EB070DD403231D4203D1144A2968914233
:20CD400006D02B40022BBBD1114A1540062DB7D01048FAF72BFE012204A9200017F062FCA8
:20CD60000122280007A914F028FD0028A8D0089B30000093059A079B049917F02EFD9CE7F6
:20CD8000D0D10200E4D00200DCD00200F8CA0200070080FF11810300F0B505000E0087B0BE
:20CDA000012808D08B0726D10B68264A934202D0254A93421FD10122300003A914F0FDFC2F
:20CDC000002818D0002229004020FDF77FFB0100070004980CF006FF060001002800FFF760
:20CDE000C7FE320004007A430399C0681BF06CFE200007B0F0BD3000F6F7B4FE071E00D0FA
:20CE0000471039002800FFF7B3FE002104003000F9F7B4FF002600900098FAF711F8031E52
:20CE2000E6D0002F04D119002000FFF76BFEF3E7721C019228003200E168FDF7F5FC019E7E
:20CE4000EAE7C0467C960200D0D1020070B50E7904000D00012E0DD1194919F08EFD330051
:20CE60002000AA68E968F5F707F82000154919F084FD70BD3200144919F045FEAB68002BF6
:20CE8000F3D02000114919F078FD0026AB68B34204D820000E4919F070FDE6E7002E03D012
:20CEA00020000C4919F069FD3200E9682879FDF77DFB012201002000F6F76EFC0136E5E760
:20CEC00056740300652B0300627403006D740300017803003A21030037B50C001100002230
:20CEE0001D0020000123009203F08CFB002C05D121000120FFF73CFE040016E02968CB07F4
:20CF000005D48B0713D10C4B0A689A420FD10800F6F70EFD010005000120FFF729FE2A00CF
:20CF200004000021C0681BF0EBFD20003EBD0120FFF732FFE0E7C046F8CA02000F2310B5C6
:20CF40001940012905D0022909D000290AD1030003E0064B002800D1054B180010BD18F004
:20CF6000A0F8F4E718F0B8F8F1E7C046E4D00200DCD0020010B50C00F6F7F6FB006B002802
:20CF80000ED0E30702D50368002B09D0A30702D54368002B04D0630706D58368002B03D129
:20CFA0000249034815F037FA10BDC04671740300ACAB0200F0B50F008BB0040001213868DC
:20CFC0000292FFF7D7FF0600012C21D13B68012118000393FFF7CEFF802180240027060024
:20CFE000490006A817F028FE089B6400029305AB2200029903983568A847431C24D10598EC
:20D000000B2800D0A5E0002F31D157480BB0F0BD7868F6F78DFC0500431CD7D00122337B1E
:20D020000400010006A813427DD017F005FE0026002C6ED0210006A817F03DFE011E1DD1E3
:20D040004A494B4815F0E7F9002810D03F18844204D9029B241A1B180293C8E7802106A822
:20D06000490017F015FE802402906400BFE7337B40480797DB0774D43F4872E00023009380
:20D08000220005AB386817F008FB059B0290002B0ED006A8210017F0C3FE05980B2858D149
:20D0A000079B0293002B34D106A817F0E6FDACE7029B9C4225D8089B079C0293029A029B52
:20D0C0009157B44601229B5D002912DA19001F2092188143C0290CD019001038013281435B
:20D0E000E02906D004329343F03B1A00531E9A4104329619A64211D8013DA642DED12C00FD
:20D1000096E7029B06A8E11A17F08AFE029B002BD1D1184806A9F4F713FF77E7E443A41905
:20D120006419664684E717F097FD029B2A000093089905AB386817F0B0FA059B002B0AD01F
:20D1400006A817F09AFD059B07480B2B00D15DE71800FAF71FFC0122337B0790054813421B
:20D160008AD006A9D7E7C04654E2020090740300F8AA0200289902007C96020030B50C0037
:20D1800087B0012105002068FFF7F4FE0222606803A9F6F787FD049A022D06D9A068F6F717
:20D1A000C7FB049A824200D90200002303990093206802AB17F071FA029A002A05D005488F
:20D1C0000B2A05D01000FAF7E5FB01234000184307B030BD54E20200F0B589B00191019BBD
:20D1E000040001211868FFF7C5FE0700012C18D9019B5B685C10631C13D0210004A817F0AA
:20D200001BFD631C03D0631E002C2FD01C00012104A817F050FD061E0AD11B491B4815F0EF
:20D22000FAF80124102104A817F006FD6442E8E70100019803AB012200683D68A847431CB5
:20D240000ED103980B2809D1059B0193012B09D104A817F012FD0E4809B0F0BDFAF79AFB09
:20D2600000280CD1012104A817F0DAFD3B7B0948DB0700D4084804A9F4F762FEECE733787A
:20D280000A2BBED1F2E7C04690740300F8AA020054E20200289902007C960200F0B51F006D
:20D2A00004000D00160085B00221FFF763FE320029002000009703AB17F0EFF9039A002A22
:20D2C00005D005480B2A05D01000FAF763FB01234000184305B0F0BD54E20200044B054ACC
:20D2E00098331B6804481A60044A9A807047C046582B00207800040054E202000404000096
:20D30000054B010098331B6810B51B69002B02D05879F3F749FC10BD582B0020074A10B5A2
:20D32000130098331B689979002906D0916C0029F9D000209871FFF7E3FF10BD582B00201B
:20D3400010B5054C983423681869FEF703FD002223681A6110BDC046582B002013B5084C30
:20D3600098342368188817F09CFE23680090588817F097FE69460190022007F08DF816BDCD
:20D38000582B00201FB50C4B02AC00930194022303F068F9029A002A03D0084B98331B6836
:20D3A0005A806268002A03D0044B98331B681A80034804B010BDC0467CD30200582B0020CF
:20D3C00054E2020010B5182014F051FC064B98331860064B0360064B8380002383710361B0
:20D3E0004361044810BDC046582B0020780004000404000054E20200094B70B5094C984263
:20D4000004D10022983423681A6170BD01F0D8FF050005499834FEF7B3FC23681D61F4E7A7
:20D4200054E20200582B002058CD020010B5094B002800D00B681800FFF7DEFF0020FFF765
:20D440005FFFFFF77DFF0022034B044898331B689A7110BD0CD90200582B002054E2020058
:20D4600070B5214B88B004AC00930194042303F0F9F81E4D1E4A2B0098331B6804989A80FE
:20D480001C4B0340062B06D0830728D102681A4B92699A4223D1012303940293002698357B
:20D4A000FFF74EFF2B689E716068FFF7A5FF134A2B68126802999A60227B9981DA71DE81C5
:20D4C000039A012900D112685A6101229A71237A002B01D0FFF722FF094808B070BD03AABE
:20D4E00002A9F6F7C9FAD9E73CD30200582B002004040000070080FF012E000084020020FA
:20D5000054E20200F0B5274B89B004AF00930197042303F0A7F8244C0022230098331B68E9
:20D52000059D9A71049EFFF70BFF0698FFF764FF3B7B80200393FFF7E3FE002E0AD12700B2
:20D5400098373B681B69002B22D1002E0AD01748FAF738F8310016480CF044FBF3F700FB80
:20D560000028ECD198342368002D18DB114A1268AD180022DA71DA605A6102329D609A7117
:20D58000039B002B01D0FFF7C9FE0B4809B0F0BD5879F3F77DFB00223B681A61D5E700222A
:20D5A0001A61F2E75CD30200582B00209E74030040420F008402002054E20200F0B56A4D63
:20D5C00085B02C0098342368002B13D09A79002A10D0664E9968326891420BD89A79022A24
:20D5E0000AD10020FFF78CFE336822680A3393600123937105B0F0BD9A79012AFAD19A89A5
:20D60000D989914205D3D979002900D182E00021D9815869012A02D0DB899B001858544B08
:20D620000340062B08D0830700D094E00268514B92699A4200D08EE003A9F5F70DF9009087
:20D640008020039EFFF75CFE009B98351F781F232D68494829881F400CF04EFB69880CF090
:20D660004BFB7C1EE4B20190012E60D9009B5B78232B53D0622B56D1002C51D0023FFCB26C
:20D68000621E53425A41524233000121022E08D002230098C05C3A2803D00F273840287194
:20D6A0000133287984469E420ED90098C05C3A280AD1581C864207D9009F0233385C0F2759
:20D6C00038409E4237D86871092C40D86346043B9A1852B2294B6400002900D1284B185B67
:20D6E000002A31DB1041F3F73BFA1F4B019A98331B685879424310001C4A0A3812680A2877
:20D7000000DA0A208018DA8998600132DA8102229A716FE79971FFF713FE6BE70022B3E7E0
:20D7200022000624B0E7002101230A00B1E7002101230A00B5E70A26464300986E71C05CE8
:20D740000740F6196E71BFE752429040CBE70020FFF7D6FDC9E70B490B48983519F0D3F9F6
:20D7600000222B68D4E7C046582B002084020020070080FF012E000060EA000082F5020072
:20D7800074F50200AC7403007CE40200F0B585B005001600080003AB02AA01A913F0AAFCEF
:20D7A0000398304FB84209D0032807D0F6F7C0F8B060002804D12C48F9F704FF0123B3602A
:20D7C0000198B8421FD10024B368A34200DC6C1E0298B8421BD10023B2689A4200DD2B009B
:20D7E000B068002C1BDA2C1900D5C417002B22DAEB1801D501235B4200282FDA01339C42F7
:20D8000021DA631C1FE0F6F793F80400E0E7F6F78FF8031EE4DBB268D20F8318E0E7002873
:20D8200003DDA542E2D22C00E0E70028DED0A542DCD86C1EDAE79D4200D22B0000280ADDD3
:20D84000A34200DA23000138736043425841C0B2346005B0F0BD0028D1D1F4E70028EFD1C7
:20D86000F1E7C04654E20200D1740300F0B506000C00170085B01B2805D10A9A974209D0D8
:20D88000002005B0F0BD19281AD01C281AD00A9A0A9717001A00230014000A9A0192BA42CD
:20D8A00000D901971D0000230093009B019A93420AD10A9BBB4221D00020BB4240411BE012
:20D8C0001A26EAE71D26E8E70295039401CD02CCF5F7DCFF002802D0009B0133E4E71B2EB7
:20D8E000CED0039B30001A68029B1968F9F772FE054BC01A43425841C0B2C2E730001A38D7
:20D90000431E9841F8E7C046E4D00200F0B51E0085B0039018680D000192F5F725FF73689C
:20D9200007000293019B0024022B0FD901232900B268F6F7D7F8019B0400032B06D0290086
:20D9400001233800F268F6F7CDF80500A54202D80848F9F737FE039AA3000299D058F5F735
:20D9600095FF002801D10134F0E701206400204305B0F0BDEB7403000200012108400A42A9
:20D980000BD1930709D11368044A0800934204D003481B1A5A425341D8B27047F8CA020008
:20D9A000ECD002000023FA21094A89001360094A1370094A1360094A1160094A1370094A93
:20D9C000111D0832D3670122CB67074B1A7070475C020020A12F0020580200201C00002099
:20D9E000A22F0020582B0020A32F002010B5084B084A1978002907D1916C002902D0FFF7B7
:20DA0000D1FF10BD30BFF4E700221A70F9E7C046A32F0020582B0020837F0248002B00D130
:20DA200001487047E4D00200DCD002000023A022E02110B58377104BD2050902D1500F4828
:20DA4000FEF788F90E48FEF785F90E48FEF782F90D48FEF77FF90D48FEF77CF90C48FEF7F7
:20DA600079F90C48FEF776F90B48FEF773F90B48FEF770F90A4810BD0C0500007CD9020090
:20DA800084D902008CD9020094D902009CD90200A4D9020014D902001CD9020024D9020076
:20DAA00054E20200F8B5164C2368002B07D148201AF09BFF0500134909F076FC25601248DA
:20DAC000124902680B68D21A0123312A04D9623393429B415B420233002201260C4D2E706E
:20DAE0002F78032FFCD101329342F8D1036820680B601AF03AF9430001201843F8BDC0469A
:20DB000060020020D4D302008402002064020020A42F002030B50D4C87B02378012B13D19B
:20DB20000B4B02221D680621002302A819F0ACFA082204A968461AF0C7FF039B2800029A8C
:20DB400009F0AEFB0223237007B030BDA42F002060020020A02010B51049C0054B7F5A1C6F
:20DB6000002B09D14C8C0E4BA3430E4C03510E4B4A775200D05A0FE010335B00CB185C88F1
:20DB8000A123DB00C450092AF1D1012002F0DCFEFFF7C0FF0120404210BDC0462000002085
:20DBA000F01F00000C05000090F5020073B5041E09D11A4D2B78002B2CD01949194816F0A0
:20DBC00059FE2C7073BD184D2B1DDE6FF5F7CCFD164B2100834214D0154B2340062B05D07F
:20DBE000A30712D1134B22689A420ED1200001A9F4F732FE019B012B0CD1007814F0B3FB41
:20DC00000100300016F036FEDCE70B490B4815F0A2FAA864FFF7C6FED4E7C046A22F002016
:20DC20001CA5020020000020582B00207CA50200070080FF289902000275030014AD020095
:20DC4000F8B5A021A1231F4AC905DB00CA500123C27F1D4D0D3293404B51C37F040001336F
:20DC6000DBB2032B2BD0200004261422E377002122301AF045FFE07F144A4300D318052142
:20DC80001A785F784A43124906338A18D2190127B740BC466146127901365200A218578CF4
:20DCA0000F4357840D2EEAD101210D30A023A1228140DB05D2009950A28E5A51F8BD00234D
:20DCC000D1E7C046F01F00000C0500000F7503002000002070B5394B8CB01A78022A07D124
:20DCE000A0223749D2008A58012A07D003221A70344DAB7F002B03D1FFF70CFF0CB070BDE9
:20DD00002800FFF79DFF304A304913680968063313608B4207D300242D4B14601B78012B48
:20DD20000FD0022B45D000232A8C6B77FF33FF331A42E1D0E1222749D200012002F0D0FD71
:20DD4000DCE7254E331DDB6F002B04D033000833DB6F002B02D1FFF725FEE4E702F076FFF3
:20DD6000684602F009FC00280CD11C4B1868F9F73FF8040002F01EFC02F072FF2000FFF762
:20DD800015FFD0E702F06CFF019B1549186800F0B1FD0028F2D10198F5F7E6FC114B8342D0
:20DDA00003D11149114818F0AEFE019B0024B364E4E728000E4916F05DFDCCE7A42F002001
:20DDC0000070004020000020580200201C000020A12F002055DB0000582B00205C0200205C
:20DDE00060AC0200F8AA0200156303007CE402001CA50200F0B5002485B0154D02930AAB27
:20DE00001B782F1D08350190FC670800EC67210016000393F8F7B2FF0E4B029A18600E4B64
:20DE2000E8671E600D4B1A70019BFB670C4B1C70F8F7DEFFFFF7BAFE01220A4B1C600A4B8F
:20DE40001A70039BA34201D0FFF7D0FD05B0F0BD582B00205C0200201C000020A22F002071
:20DE6000A32F002058020020A12F0020F0B50024384B8FB01D1D0833DC67374BEC6709AD78
:20DE800080C9013801950093052302F0EBFB099C0A9B079404932B7B2E7A05932B7C2000AE
:20DEA0000393FFF769FD2D4D002806D103232340022B09D12C40062C06D00022012128483F
:20DEC00007ABF4F7BDF8079007980540062D05D0830730D1224B02689A422CD108A9F4F796
:20DEE000BBFC089B002B23D0012B0DD1002E0BD1039B002B08D1007814F035FA079038007A
:20DF0000079916F0B7FC13E00798F8F7FBFC079009AB1B7C002B03D0079807F0C5FD079061
:20DF2000059B38000093049A33000799FFF762FF0C480FB0F0BDF5F717FC0B4B8342E7D11C
:20DF4000002E02D1039B002BD9D007A9012006F0A3FADCE7582B002080D40200070080FFA8
:20DF60002899020054E202007CA5020070B51B4B8AB005AD40C9013800930195052302F087
:20DF800071FB059C20000494FFF7F6FC002807D103232340022B0AD1114B1C40062C06D083
:20DFA000002201210F4804ABF4F74AF8049003A90498F4F751FC2A7C2B7B03990092059ABD
:20DFC000F8F78AFC2B7A01000093300000236A68FFF710FF04480AB070BDC046A8D40200B2
:20DFE000070080FF2899020054E202000022074B10B51A70064B02321A70064B064A1B68AA
:20E00000063B1360FFF7F2FC10BDC046A32F0020A12F00201C0000205802002010B5FFF742
:20E02000E5FF014810BDC04654E2020010B51400042901D8042A02D90848F9F7C3FA092B8F
:20E0400001D90748F9E705224A4382181219137101229A40038C1343038410BDDC62030043
:20E06000522E0300F8B548680C000F68F5F760FC0500A068F5F75CFC0600E068F5F758FC16
:20E080003200030029003800FFF7D0FF0048F8BD54E2020010B5042901D8042A02D90448D0
:20E0A000F9F790FA0523594340188018007910BDDC62030070B5164C050021001548FDF7AD
:20E0C0005FFE21001448FDF75BFE21001348FDF757FE21001248FDF753FE21001148FDF726
:20E0E0004FFE21001048FDF74BFE21000F48FDF747FE21000E48FDF743FE21000D48FDF756
:20E100003FFE16F03DFC01230B48AB7770BDC04648CD02007CD9020084D902008CD9020083
:20E1200094D902009CD90200A4D9020014D902001CD9020024D9020054E20200F8B5124A54
:20E140000E00124B124990421AD0C4688C4203D0012430602000F8BD406B002812D00468C5
:20E160009C42F0D10500002447680835BF00EF19BD42EFD2310001CDFFF7E0FF2418F7E776
:20E180000024E7E70400E5E794E202000CE4020085E20000F7B505000C00AB68002B0AD017
:20E1A000344AE168914206D0E358002B03D00422EB681A60F7BDA06B002820D06B680022F7
:20E1C000D900062304301943F3F74CFC002816D0297C4268EB682868002904D0010000201D
:20E1E000F8F7F4FCE6E7002807D02249E5688D4203D021498C4200D000692100F0E72B681E
:20E20000002B16D1646B002CD4D01C4B22681A4F9A420BD126006368194A08369B189B005B
:20E22000F3180193019B34689E4216D3BC42B4D1C0E72A7C002AE5D10E4AE1689142E1D069
:20E240000D4A9442DED01869EA686968F8F718FDEB681B68002BD5D0ACE7BC4201D10436F8
:20E26000E0E721002800FFF795FFEB681B68002BF5D09FE785E2000094E202000CE40200E7
:20E28000FFFFFF3FF0B58FB00F0005A9019202930500FFF753FF061DB600300013F0E7FC3D
:20E2A0000400002120C012F0B2FF320020000021103A10301AF024FC012F05D1029B1B6859
:20E2C0000393042B00D189E007AE0822002130001AF016FCFA22002352000A92E93A09A8F2
:20E2E000FF3A290082600374C6600993FFF752FF079804282FD105983900C668029B019A53
:20E30000B04720612000F5F72FFA854266D1F62200235200290009A8089307930B9309947B
:20E320000A92FFF737FF079B002B57D00198384336D1010007AA14F031F80500294B9D42CF
:20E340004CD0280013F022FA274902002748F9F761FF02F037F90028D4D0019A3A4306D14C
:20E36000012106AB0695F8F713FC0400CAE7019B5C00E4190134A400200013F078FC02997C
:20E380000390221F20C01AF09FFB039B019A3068791CF8F7FDFB0400039813F097FCB1E70B
:20E3A000019B5D00ED190235AD00280013F05FFC2A000600079B029903600393089B083AA9
:20E3C000436008301AF080FB32003800019913F0E5FF0500300013F079FCAFE720000FB0D0
:20E3E000F0BDC04654E202007B75030014AD0200F0B51468160089B0002C0ED1436882686C
:20E400005F6B03AD03922C746960AC60EE60002F05D128001049FFF7BDFE09B0F0BD0F4B33
:20E420003A689A4210D17B680193019B9C42F0D03B00A200083399582800FFF7ABFE336861
:20E44000002BEAD10134F0E739002800FFF7A2FE3368002BE1D1DCE794E202000CE402002E
:20E4600010B54A68014918F04EFB10BDA375030070B58AB005000E00140000210822684623
:20E480001AF03EFB0021102206A81AF039FB202307936B46296808930595F123002C02D094
:20E4A000042C10D1F4235B0005A80693FFF772FE0221009804280ED1220031002869F5F797
:20E4C000BFFB0AB070BDFC2305A8FF330693FFF761FE0321EDE70028F3D0002202AB029566
:20E4E00003960494F8F754FB042CEAD00048E8E754E20200F0B5154B89B015008200D75870
:20E500000C000C220021060068461AF0F9FA18230497059300276B4603A821680774C360D7
:20E520000394FFF737FE0098042806D12A0030002169F9F74FF809B0F0BD0028FBD06A465A
:20E5400039000120029513F029FFF4E724D50200F0B5214B89B08200D4580D000822002179
:20E56000070001A81AF0CCFA1423059301AB0693002303AE30002968746003953374FFF769
:20E5800009FE019C042C07D138002969F8F78CFA0400200009B0F0BD002C0CD020002900B5
:20E5A00013F0F4FE0400022FF3D1F5F7EDF9012440000443EDE7022FEBD1F22330005B008E
:20E5C00029687360FFF7E6FD019B002BE1D101246D002C43DDE7C046ACD602001300F0B57E
:20E5E0005E425E4103238BB00C000192002108220700764203A81E401AF082FA082307937E
:20E6000003AB0893002305ADFA3628002168FF362B7405940696FFF7BDFD039B002B0BD19D
:20E62000019B002B08D1FA23FF330693019B280021680793FFF7AEFD039804281DD120698C
:20E64000F5F792F8164BC2689A4214D1019B002B07D02368586814F0D9FD0100380018F0F4
:20E660008CF98022019B13431A0021693800F5F793F80BB0F0BD019AF7E7002805D021002F
:20E6800013F084FE00220100F0E7200013F07EF8230002000349380018F035FAE9E7C046AC
:20E6A000D1800000B075030070B504000D000B4918F063F9696800222000F5F76DF820006F
:20E6C000074918F05AF9A96800222000F5F764F82000044918F051F970BDC046C2750300C8
:20E6E0003A210300AE75030010B5C468002C06D1426804490448F9F78DFD01F063FFA047AB
:20E7000010BDC046CB75030014AD0200F0B51600E0228DB004000393002307A8FF324260E7
:20E72000D03A05AFFF3A0D0021688260C7600374059307947B60FFF72DFD0598002809D1FF
:20E74000200013F023F80C4902000C48F9F762FD01F038FF039B042806D1320029002069D4
:20E76000F8F716FA0DB0F0BD00932A003300796813F0F2F9F6E7C046F52F030014AD0200A4
:20E78000F0B50D0085B001A907001600280002AA18F0E4F800230199029899422CD13C2088
:20E7A00013F077FA2B4B019A03602B4B040083602A4B4760C3602A4B03612A4B43612A4B6E
:20E7C00083612A4BC3612A4B03622A4B43622A4BC362002A06D0029B1968096B0163012A0D
:20E7E00018D045632000A66303A9FFF7A7FC012813D92248F9F7ACF89A008258D468002C2C
:20E8000006D152681E491F48F9F704FD01F0DAFE0133C2E71B684363E4E7A36B00221A497B
:20E82000181DF3F71FF9051E10D0436803211A000A400B420AD11968144B4968994205D101
:20E84000031D0121124816F048F96860200005B0F0BDC04670D60200DDE5000085E2000014
:20E860000DE7000051E50000F5E400004F4A020071E40000F7490200274B02001176030065
:20E88000E875030014AD0200A60F00004A020000F8D5020037B50D001C00002311000093A9
:20E8A00001222800033301F0ADFE012D04D0032D06D00748F9F74CF82068F4F755FF3EBDEE
:20E8C0002068F3F795FBA2686168FFF759FFF6E73F7603001FB5064B0A0001934B68029375
:20E8E0008B68010001A80393F8F7FCF905B000BD34D60200F8B50E0003271449144AB042F1
:20E900001DD003003B4038421BD104688C421AD1406B002814D003689342F0D10500446898
:20E920000C4B0835E418A4002C192868A542E4D23100FFF7DFFF002802D10435F5E70120FB
:20E94000F8BD0020FCE71800FAE7C04670D602000CE40200FFFFFF3FF0B585B00500019119
:20E9600008008B0717D10B68134A93420BD10123029301AB03930024029E039FA6420DD16D
:20E980000E4805B0F0BD0E4A934204D103AA02A917F0E4FFEFE70B48F8F7DAFFA300F95896
:20E9A000094B994206D02800FFF7A4FF002801D10134E3E70548E4E770D60200DCD002008A
:20E9C0000CE402005B76030094E20200E4D0020010B5830703D1054B02689A4202D004486C
:20E9E000F8F7B6FFFFF7B8FF10BDC04670D602009476030070B50500140016F01DF9024BF7
:20EA00002560636070BDC046014C020007B5034B00906846019305F0D1FF07BD014C020078
:20EA2000F0B5040085B00D00100003A9A26A1E0016F0DEFC002809D12A000B490B48F9F762
:20EA4000E9FB636A1860002005B0F0BD0398F4F79BFF0300B343F7D003002A00044900961B
:20EA60000248F9F7D7FBECE7B77603009CAC0200CF76030070B5137804000A3B1000DAB260
:20EA80000F2A09D90A0011481149F9F7C3FB0025636A1860280070BD00251A0243781A43D8
:20EAA000E36A9D420AD1238C0025042BF2D109490648F9F7AFFB636A1860EBE7206BA90004
:20EAC00009589142E6D00135EBE7C0469CAC0200FB7603001077030010B50400024814F0DF
:20EAE0003AFB206010BDC0469CAC0200F7B50D0007001100280016F095FC0026040014492D
:20EB0000042807D8A64209D028780A38C3B20F2B06D91049786AFFF7DFFF00242000FEBDAB
:20EB20006B780002184314F071FB023501901AF03BF80228EDD1019B1B78722BE9D1019B16
:20EB40005A78330030339A42E3D10136DAE7C046277703005A770300F8B51E0013780D00E7
:20EB60000A3BD9B204001B480F2904D818025378184314F04BFB0378174A1F0000235178D9
:20EB8000B9421DD141788C4691788C4518D181788C46D178614513D100290ED10E4A9B00A5
:20EBA000D05CB04208D933002A000C490C48F9F731FB636A18600020F8BDC1780029EDD0FB
:20EBC00001330432152BDAD12A0006490448F9F721FBEEE711810300B27803008C77030072
:20EBE0009CAC0200A5770300F0B5137805000E00100085B0462B46D101A916F029FC019B2B
:20EC0000834240D003781A000A3A0F2A0AD802000F2331002800FFF79FFF01248440200001
:20EC200005B0F0BDB32B2ED116F00DFC040016F005FC02900378B62B25D12200A73B310062
:20EC40002800FFF789FF012403A98440029816F0FFFB039B0290984203D09D2102A816F094
:20EC600006FC0127029A039B9A42D8D00F2331002800FFF771FF3B00834002981C4316F0BE
:20EC8000DDFB0290EEE7320003490448F9F7C2FA6B6A00241860C2E7BD7703009CAC020024
:20ECA000F0B50F0087B0040004A938001E00019214F0B1FA019B0500002B0ED1BE4B9F428B
:20ECC00005D1BF210902200015F0D5FBBCE0BB4B9F4200D081E0BA49F5E7019B012B00D053
:20ECE00094E00C23FF339F4210D1010032682000FFF7C0FE0100200015F006FC002800D0EE
:20ED0000A2E0B049606AFFF7E7FE9DE0AE4B9F4209D1010032682000FFF7ACFE0100200026
:20ED200015F049FCEAE7A94B9F420AD101000F2320003268FFF710FF8E21C000C901014399
:20ED4000C1E70378622B31D1049B032B07D0052B2CD1C3785F2B29D103796E2B26D101273D
:20ED6000002269789A4B7F425878884205D1A87884469878844500D11F78013203330E2AAE
:20ED8000F2D17B1C29D0290032682000FFF772FE049902000023052903D12B79773B594222
:20EDA0004B413900200015F0CCFBA7E7894B9F4201D1894987E7894B9F4201D1884982E78C
:20EDC000884B9F4212D1290020003268FFF70CFFFF231B02B421184216D0019B2A008249D3
:20EDE0008248F9F717FA636A18602DE0AA239B009F42F2D1290020003268FFF7F5FEFF23FC
:20EE00001B021842E9D1BC21090298E7019B022B00D022E17368764A1B780A3B0F2B4CD8ED
:20EE2000974213D101000F2332682000FFF794FE2900070072680F232000FFF78DFE39008A
:20EE40000200200015F04AFB07B0F0BD81239B009F4215D18027FF01290032680723200028
:20EE6000FFF77AFE29007268019007232000FFF773FE39000300019A200015F028FBE3E7F6
:20EE800000275C4B0133029303222800029919F092FE00280AD1EB78002B07D1554BBF0092
:20EEA000DF5D80233F01DB011F43D5E7029B0137043302930F2FE7D18FE7974219D18027C2
:20EEC0000723290032682000FFF746FEFF232900019072682000FFF7A3FD019BBF010743D9
:20EEE00019023943EFE6A027EAE7C027E8E7E027E6E788239B009F42F5D03F4B9F42F4D069
:20EF0000D3339F42F3D0603B9F4253D03B4B9F4200D17DE03A4B9F4200D17BE0394B9F421C
:20EF20007AD001339F4279D0374B9F4200D054E70523364A9B009B5A29003268029320000B
:20EF40000723FFF709FE766803903378452B67D1300016F0B8FA002862D1300016F073FAE0
:20EF60000378A62B5CD105A916F072FA0599060016F058FA022853D1300016F05FFA0723F5
:20EF80003200070029002000FFF7E6FD029B0600DB044DD51F233A0029002000FFF740FD7A
:20EFA000F100039B029E80011E433143F826F6003040C4E60023BCE796020000F602000048
:20EFC00030BF0000387803000E020000120200004C7803002602000072B60000270200002B
:20EFE00062B60000AD020000037803009CAC02008F02000076780300010200007502000086
:20F0000077020000CF020000D2020000A2F5020001238EE7019B8CE703238AE7042388E764
:20F020002A003F493F48F9F7F5F8636A1860D4E66B4608229B5E002B07DA3E233A00290017
:20F040002000FFF7EDFC4008AAE77C233A0029002000FFF7E5FC8008A2E7019B032B00D034
:20F06000BBE6314B9F4221D100270723290032682000FFF771FD0723290072680290200029
:20F08000FFF76AFD1F2329000190B2682000FFF7C7FC029B81013B431943019BD8004EE683
:20F0A00080273F01E1E780277F01DEE71F4B9F42F6D01F4B9F42F6D01E4B9F4229D1C02768
:20F0C0000723290032682000FFF746FD07237268019029002000FFF73FFDB2687F011378B5
:20F0E00002900A3B0F2B0BD8072329002000FFF733FD029BD900019B19430F438101F0E66B
:20F100008023DB001F43290007232000FFF788FCEFE7B5239B009F4200D05EE6D027CFE737
:20F12000D87703009CAC02007E0200007F0200000A0200000102000070B504000800F4F707
:20F14000F7FB0500431002D00F48F8F73BFA20000E49FCF715FE002807D0A02203216379DA
:20F16000D205C133FF339B009950012362799340A022D205002D04D0A121C9000448535028
:20F1800070BD0449FAE7C0460679030040CD020054E202000C05000070B505000800F4F717
:20F1A000C7FB0B2303410400DB0702D40948F8F709FA28000849FCF7E3FDFF20A0226B790B
:20F1C0008000C133A400FF3304409B00D20503489C5070BD1B79030038CD020054E20200F5
:20F1E00010B50C490400FCF7CBFDA022D205002805D004216379C133FF339B00D150A223F8
:20F20000DB00D0586379D8400123184015F049FF10BDC04638CD020010B50400FCF77CFD1F
:20F220000A4B984205D00A4B984202D02000FCF781FDA0226379D205C133FF339B00985812
:20F240000007800F15F02DFF10BDC04638CD020050CD0200032370B50B4005000800022B1E
:20F2600015D1194B0B40062B11D0F4F7C7FB0DF04DFC0022154B0BF0A7FE0DF0E1FB802356
:20F280000400DB00984205D31148F8F79BF9F4F74FFBF4E728000F49FCF772FD002807D010
:20F2A000A02203216B79D205C133FF339B00995021006879F1F778FC002C03D1280006492E
:20F2C000FCF75EFD054870BD070080FF0000E03F2879030080CD020030CD020054E2020097
:20F2E00013B50A490400FCF74BFD05216846615609F01AFD684609F03DFDA0230021044A06
:20F30000DB00D15015F0CDFE16BDC04630CD02000070004010B50800F4F70AFBFA239B0024
:20F320005843F1F71DFC002802D00248F8F74AF9014810BD4979030054E2020010B50800DB
:20F34000F4F7F6FAF1F70CFC002802D00248F8F739F9024810BDC0464979030054E2020063
:20F3600010B50400FCF7D8FC0C4988420DD00C4B98420AD02000FCF703FDA0220021637924
:20F38000D205C133FF339B009950200006F07CFC044B002800D0044B180010BD68CD0200AC
:20F3A00050CD0200E4D00200DCD00200A0230C220249DB055A5004395A507047440700001B
:20F3C00010B50400F4F7D0F9064B984208D0064B984205D0054B984202D00548F8F7B8FAC3
:20F3E000200010BDECD9020064D80200B0D8020058790300F0B58BB0089310AB80CB051C1B
:20F400001B780691062A12D8012A08D93F230B700B0001330693002306990B7001E0002A9F
:20F42000F9D101249442A44160420BB0F0BD002829DA069B06995C1C2D230B7080231B06A6
:20F44000C518FF21069BC905E01A131A08000393013B05932A0020232840884220D14E26A3
:20F46000089AE11C1A40130016436D0212D149225A402270462253406670A3700023E370E4
:20F48000069BC81AD1E7069C002BDAD0210001340B70D6E741256B4026706370A670EDE7C8
:20F4A000002F00DA0627089919430291672941D1002F00D1F6E1002A6ED0FE239B059A4208
:20F4C00000D3C9E0B349281C0AF070FD431E9841002620233030079004930196AE4B291C03
:20F4E000F0580AF059FD00280AD0049A019B944663440193A94B281CF1580BF0CBF9051CC2
:20F50000049B04365B100493182EE7D1FE232D229B0504929D4257D29E49281C0AF046FDFC
:20F52000019B002849D0002B01D12B330493FE25AD0549E0002AC0D1029B662B2CD1059A79
:20F540007B1C934201DB039F033F029B7E1C03930023049305930193FB43DB173B40079387
:20F56000039B652B00D0ECE0079B5E1C059F059BDB1B9E4200DDEEE0029B662B00D015E1EC
:20F58000019B012B00DD5AE18549281C0AF00EFD002800D153E10FE1059A7B1D934201DB6F
:20F5A000039F073F029B652B00D0BFE0002603933A3B049305960196CEE70133281C7949DE
:20F5C00001930BF067F9051C029B662B04D0672B34D1019B042B31DC079B2370029B672B46
:20F5E00002D1019B013BFF18059A7B1C934201DB039F033F002F09D101233E005B420593DE
:20F6000067330134049703930796AFE72E233E0030226370A31C01991C0001390191002999
:20F6200000D188E0002E05D1049601235B420593673354E01A70013E0133ECE7039B063B1D
:20F64000BB427CDC029A672A78D01300039F073F0026039305967FE7002620230196049391
:20F660004E4B291CF0580AF08DFC00280AD0049A019B944663440193474B281CF1580BF076
:20F6800009F9051C049B04365B100493182EE7D14449281C0AF08AFC002807D0019B281C3E
:20F6A0000133414901930BF0F5F8051C029B662B17D1019B059A93421DDAFB1801339342B6
:20F6C00006DB1300019A9B1A9F1E012B00D10027019BFE180593002301360493663303939B
:20F6E0003AE7029B652B06D0672B10D003932B2300260493AEE7039B063BBB4201DC039FE3
:20F70000073F2B230026049305963A33E7E7059A3B1D934201DB039F063F019BBB4201DBBE
:20F72000029BE3E7019B0133FF1AD1E70026029B049603933EE7019B049376E71F00029B5D
:20F7400086E7039B672B00D010E7079E002F00DD0CE7012658E7281C0BF086FB631C099360
:20F76000030030332370002F06D1079B002B03D0A31C09932E2363700BF096FB011C281C7E
:20F780000BF0AEF907490BF085F8013F099C051CEDE6C046F8FF7F3F28DA020040DA02004B
:20F7A0000000A04000002041CDCCCC3D3E49281C0AF0FCFB002832D03021631E1A781D00FF
:20F7C0002E2A67D01000303809285AD901352B78302B24D16A782E2A62D1039966295FD0CE
:20F7E0006B70049B2A702D2B56D1019B013B0193002B01D12B3304930022AC4200D3621BB8
:20F800000021AC4200D3291B01206118AC4201D32818001B201819F060F931232B70029BE5
:20F82000672B0CD1079B002B09D0621E541C1378013A302BFAD02E3B5A425341E41A049BA2
:20F84000002B19D02022089B0A2113401A00452313432370049B019863700AF04DFA0A214F
:20F860000AF030FB3031A17001980A210AF02AFB251D3031E1702C0000232370069BE01A9D
:20F88000D3E5392A02D001321A70A0E7069A19709A429CD0013B91E7019B01330193ABE71C
:20F8A0000134A9E7012706E60000A04010B5102012F0DDF90400034B08C012F0BEFE2000CA
:20F8C00010BDC046F8CA020070B50C00052804D80AF074F906030C04131C0024200070BD37
:20F8E0008B680E4C002BF9D10D4CF7E7081D13F0EEFA012440000443F0E7FFF7D7FF211DF2
:20F900000500043013F013F82C00E7E7FFF7CEFF211D0500043013F01AF8F5E7E4D00200C5
:20F92000DCD0020070B5050083070CD1104B02689A4208D1FFF7BAFF291D0400043012F0DF
:20F94000EBFF200070BD2800F3F7F2FFC0231B06984206D180200021C00515F093FB04009B
:20F96000EFE70124C317C018584040000443E8E7F8CA020007B5C30701D540100EBD04307D
:20F9800001A913F0B8FA002801D00198F6E70249024812F040FDC04668790300E8AB020046
:20F9A000F0B501230C008BB00D00170001901C4019422CD04B10022203A904A812F074FE84
:20F9C00004AEFB072ED502227B1003A904A812F06BFE04AD019B092B01D0162B42D16B6885
:20F9E000002B00D16AE0300013F0E6FA041C280013F0E2FA011C201C0AF084FD0323022467
:20FA00009843734B0443E41820000BB0F0BD0323080018401942F7D16E4B0A689A421FD1E2
:20FA20000E1DCEE703231F4205D16A4A3968914201D13D1DCEE73B40022B0CD1664B3B40CF
:20FA4000062B08D0300013F0B7FA3A00011C0198F6F7A8FA04E03A0029000198FBF7CAFCA2
:20FA60000400D1E7019B182B00D98AE0FFF71EFF040001980AF0A2F8444A3E50500D1319BF
:20FA80001F72336572444A3E50500D13191F723365002A003100201D12F0F5FFB4E72A00AA
:20FAA0003100201D13F025F8AEE72A003100201D13F04AF9A8E76B68002B03D147494848C4
:20FAC00012F0A9FC07A812F0B8FD2B003200201D07A9F8F799F907A812F0B4FD94E76B689E
:20FAE000002BEBD007A812F0A8FD2B003200211D07A8EEE72A003100201D13F037F883E777
:20FB00002A003100201D13F0ACF87DE72A003100201DF8F707F977E73800FFF72BFF021EE5
:20FB200002DA3048F7F74EFD019B3100201D032B01D0102B02D1F8F78BF865E712F042FF20
:20FB400062E76B68002B03D02B78DB0700D579E72A003100201D13F077F955E76B68002B8C
:20FB6000ACD0FFF7A3FE0700211D2B0032000430F8F74AF907A902200797089404F08CFCE2
:20FB80006EE72900300012F0ACFE0300019800241938042800D937E7134C0AF00FF803086C
:20FBA000140C1000002B00DB2EE7104C2CE7002B00DC29E7F9E7002B00DD25E7F5E7002B79
:20FBC00000DA21E7F1E7002B00D01DE7EDE7C04600008080F8CA0200070080FF142E030003
:20FBE000C8AD020077310300DCD00200E4D00200002313B5044A046A09050093890C8A58C0
:20FC0000A16B15F016FB13BD58DA0200F0B587B001931B7805000F0002922A2B07D18368FB
:20FC20005B5C002B66D0A62B64D007B0F0BD1A00213A022A2CD88468635C6018032B59D123
:20FC40006B6804A9E41815F0BEFB844205D1280004996F6015F01BFBE7E70378032B49D18E
:20FC600005A915F0B0FB019B1B78212B04D1049B059A13430493E8E7222B03D1049B059A7D
:20FC80005340F7E7232BE0D1059B049A1340F1E71A00243A022A00D989E083685A5C581894
:20FCA000032A27D16A6804A99B18009315F08BFB0400009BA342CAD0A3786678A01C032BCE
:20FCC00018D105A915F07FFB0400372E3AD1059A1F2A0FDC4349049B114199420ADBC021A9
:20FCE000090611418B4205DB93400493049A53005340DED56B68029CDE1B0023009300989D
:20FD0000E409030001330093002CF8D133000134DB09FCD1831C1A1939002800039315F050
:20FD200050F80500019B029A1B7800991A330370013015F001FA039B32002100E81815F02B
:20FD4000FBF972E7392E08D1059B1F2B01DD1F230593049B059A1341C7E72F2E03D1049B64
:20FD6000059A9B18C1E7302E03D1049B059A9B1ABBE7312E09D10599049804F08FF90028AB
:20FD8000B8D1059B049A5343AFE7332EB2D00599352E06D10029ADD0049816F019FD0490C3
:20FDA000A4E70029A6D0049816F021FDF7E7272BA0D1836858188378032B9BD144780230DA
:20FDC00015F010FB2F2C01D1049040E7302C06D1404243000490584000D438E78AE7C043A0
:20FDE000F2E7C046FFFFFF3FF0B597B00990C020002560230AAC80006360160003912570A3
:20FE0000A56011F041FF039BE06025616561A561E5612362E562A8421AD1BF49BF4813F073
:20FE20009AF90023060013930D9811F04FFF002E00D1D1E1039A039900233000926B0968C1
:20FE4000F8F756FA039816F0A5FF300000F0BAFB3822002E03D02A00022E00D13A22002641
:20FE6000AF4992005258039900962000896B330015F0DFF9102011F0FAFE1021040014F096
:20FE8000DBFE0C9B0AAD2A78002B00D181E1002AC3D1EA68013BAB60DB00D318DA78A049D3
:20FEA000920057581A689D881202120A0692D8887B7807930F23079A13400593002D20D0CA
:20FEC00004903022079B1340102B1DD0202B59D0002E00D12AE1059B022B00D00EE10023F2
:20FEE000012D19D0079A691ED20704D5BA88120B012A00D16908012900D088E0002B0FD0D9
:20FF000085E063680493DCE7002D07D10398BA1C4030059BAB4205D80126B2E7002EF5D153
:20FF20000026AEE76E00935B190B09038C46802149018C4513D106781B051B0D9E421FD172
:20FF400021000AA815F0B2F90028E9D1039B40331B78052B00D033E1724973485FE7059A29
:20FF60006B1C934206D2049A069900920AA83A0015F05FF9BE1971880AA8FFF739FECFE7D0
:20FF80000135C6E7002E0AD06B00DB5B1B0B032B44D10121200014F08EFE00230370059B64
:20FFA000AB423FD880203B000026059A40015100C919994267D1A368049A98180023079300
:20FFC000A36862689A18904268D33A78052A01D00C2A00D10126402279780A4050424241FB
:20FFE00049B252421640002900DA01260025049A059598180895079B9D4256D1002E02D19F
:020000040001F9
:20000000089B012B61D02000059914F009FF3B002000069A0499FFF7F9FD81E7012D00D824
:200020007AE793E78021BB1C6E009B5B49011A0B12038A4225D1039ADBB2403212789A42C1
:200040001BD1072A08D1039B996CD86CF8F7FAFD0100200015F0E3F8002D09D17B787F2B38
:2000600006D90E9B2000591C07930E9115F00FF9039805F06BF8013591E7002D00D14BE74C
:2000800064E76B1C6FE75A88150B2D03854203D1D2B2062A00D9012602338AE7079B01214D
:2000A0000133079315F06BF88AE7059A037801320592002B04D0089B013308930023059389
:2000C000012115F05CF8013595E7A368049D9C466544079B9E4200D122E72B78002B07D1BA
:2000E000A36801222000E91A14F0A1FE0136F0E72800012115F043F80500F7E7012D00D192
:200100000AE701232A001A401D4240D0059A032A00D1E7E61AE7C04695790300F8AA0200B1
:2001200058DA0200BD790300CCA9020001228021059B49012B4013405A00BA1852880892CF
:20014000120B12038A4215D1039A0899403212780905090D8A420BD1002B04D0039804F027
:20016000F5FF0135E2E721000AA815F09FF8F8E70135B0E6049A069900920AA83A006B1C30
:2001800015F057F808990AA8FFF732FD79E61300A8E6002A00D040E6039B40331E78002E9E
:2001A00000D0D3E66368002B00D1CFE62B692000591C15F06CF8A3686B62EB69AB6233E656
:2001C000022B01D10949C8E60A3B09480949012B00D824E6084922E6039816F0DBFD099AB5
:2001E00013AB13CB13C2099817B0F0BDCF7903009CAC0200037A03002A7A030030B58DB09B
:200200000500684600F0B8F9011E10D12A1D012012F0C4F80122EB6804005B1001335B00F0
:200220001343EB6000F0C6F920000DB030BD0198054A0368934205D0044A00249342F3D09D
:2002400000F0C0F90024EFE760AC020008AA02000300054A08000A601A684A605B688B609B
:200260000123CB607047C04604DD020010B50400431C02D00248F8F72DF8024B1C6010BDA1
:20028000802B00206C020020014B024A9A647047582B0020802B002010B5040014F018FD68
:2002A00016F0FDF901280BD02000064914F07DFD200014F00DFD16F0F2F9022800D0002018
:2002C00010BDC0467E7A0300F0B59DB00C6800AF032836D9CB68FB60042836D00B690020AD
:2002E0005D10002B2BDB1C232000F918F2F7B4FA7861002D5AD0964E96497068F0F7D8FAD5
:2003000004007068002294490430F1F7ABFB1823DB18D91906002000F2F79EFA3B6B0100D2
:20032000013DC418002E05D1A14203D2013C23782E2BF9D1013D0ED2A1420FD18748F7F74E
:2003400041F9874B0025FB60CDE70025CBE7013C23782E2BEED0A142F9D3EBE7FE69641A31
:200360003C61002E02D0731C1B193B616A463B690733DB08DB00D31A9D466D462200280068
:2003800018F0A2FB002E07D02E23601C320079692B55281818F098FB28003969F8F752FC70
:2003A00006243B69C0000443FB617D612000F1F71FFE00F08DFB061E15D02E21786918F050
:2003C000DBFB00280BD0664BFA689A4207D17B69C11A1800F8F736FC00F07AFB06003000EA
:2003E000BD461DB0F0BD182318000125DB18DA19283B1B184021D81914F036FCBE603E6146
:20040000FB69AB4205D2564BFA689A42E7D0BE68E5E7AB4204D07B695B5D2E2B00D094E032
:2004200029007869F8F70EFC7B6A3860002B17D12A00082479691833E018C01914F0E0FBF6
:200440001823E318D819FFF727FF78607B68002B14D13A6843494448F7F7DCFE00F0B2F872
:2004600018230824E2182F21D01914F04CFC3B693969EA1A7B6959181823DDE7386800F068
:2004800027FB041E4BD1386800F0F0FAFB690400AB4213D1354BFA689A420FD17B68012B9C
:2004A0000FD0334A2B49406810F00DFE182208239B182000D91915F01AF830E07B68012B59
:2004C000F4D10022796AB86AF1F770FDFB21020049002000F6F72EFC7B6A18227B60082318
:2004E0009B18D8192F2114F00EFC182208239B18D819204914F059FC182208239B18D81926
:2005000014F0E6FB16F0CBF8022806D1082318229B182000D91914F0EAFF7B687B62BB6832
:20052000002B0CD03B69E91A18007B699C466044F8F788FB22000100B868F6F7FBFB002EC5
:2005400000D126006B1C3B61BC60013558E7C046582B00209E0F0000B60F0000427A030016
:2005600054E20200617A030090A90200DCD002008E0F0000767A0300C460056146618761D3
:200580004146C1614946016251464162594681626946C1627146816000490847A505010057
:2005A0000020C046024B9A680260986000207047582B0020024B9A6812689A607047C04672
:2005C000582B00200E4A9368002B01D116F074F8196858609160181CC4680569466987691F
:2005E000C1698846016A8946416A8A46816A8B46C16A8D4681688E4601207047FEE7C04614
:20060000582B002010B51C0002AB1B78002904D0002B02D10E48F7F79BF9A24207D18242C3
:2006200014D003000B490C48F7F7F4FD06E0824206D9121A09490848F7F7ECFDFFF7C2FF67
:20064000844203D2030022000549ECE710BDC046827A03002E64030014AD0200AB7A030067
:20066000DD7A0300F0B50025170087B00C9C0D9E03900491059302950195059B9D4206D172
:20068000019B039A93423CD22248F7F761F9039B9D4211D263889B05F6D4019B049A013369
:2006A0000193AB00D058FF2263881340012B22D1F3F77CFA307015E0062321880022C900A3
:2006C00038001943F1F7CEF900280FD16388DB0506D5228810491148F7F79CFDFFF772FFDF
:2006E00063683360013508340436C6E7029B406801330293D7E7022B01D1F3F719F93060EC
:20070000F0E73B68029ADB08934201D90448BCE707B0F0BD237B03000C7B030014AD0200F0
:20072000447B03008022044B52001A600123034A1360034A1360704700E100E00C8C004046
:20074000008000408022054B5200DA67044BFF3A5A600022034B1A607047C04604E100E0A6
:20076000008000400C8C004070B5002501261E4B1E4C1D601E4B18601E4BE650C046FFF7A4
:20078000E1FF1D4B1D4AE660E25002221C4BFF20E5500433E25008339218E250C12380224D
:2007A0009B001203E250053BFF3BE550C2244022144BA400195981430A4380211A510C348E
:2007C0001A5909061202120A0A431A51C0220434195981430A431A51802212041A608022D3
:2007E00052041A6070BDC046840200200080004080020020FC0F00004C050000701700000B
:200800000405000000E100E070B52D4D2D4C6B6C002B11D000236B642B4B1B689847A8227F
:200820000121D200A3582164A15800011B185E1A360200D54318A350AB6C002B10D00023FF
:20084000AB64214B5B6898470121204A0001A3586164A1581B185E1A360200D54318A3502F
:20086000EB6C002B11D00023EB64174B9B689847A9220121D200A358A164A15800011B1873
:200880005E1A360200D54318A3502B6D002B15D0002301210E4A2B65A3580E4DE164A1581C
:2008A0005B19581A000200D54B19A3500A4A1368063313608022094B12045A6070BDC046B0
:2008C000FC8000400080004058000020440500004C0500007017000084020020FCE100E0A0
:2008E000F7B50191032823D8134B8000C758C223124C9B00E750012301190B64A8230F25D6
:200900000F4EDB00CB58A659921BD218D3172B409B181B110B4A019D01331B0185509E19E3
:20092000C122A82300209200DB00A750CE50FEBD01204042FBE7C0464CDD02000080004036
:200940004C0500005800002003280BD8074B8000C158C223064A9B00D150064B064AC25031
:200960000020704701204042FBE7C0464CDD020000800040580000205555020010B5024BF4
:200980001B68984710BDC0468002002070B50025054C2368002B02D00022226098470135A4
:2009A0000434042DF5D170BD70020020074A890003008858002805D18B508022044B52046C
:2009C0005A60704701204042FBE7C04670020020FCE100E070B5150012680C004068002A3A
:2009E0000AD1CC00062104302143F1F73BF8002801D043682B6070BD03799B070BD50C4BC5
:200A00009842F8D10B4EF36D002B03D1012010F031FBF065F06D06216A68E4002143002A11
:200A200003D110F05AFB0023E4E710F04CFBFAE7589B0200582B002010B504004868002244
:200A400007490430F1F70EF8064A002803D04068F1F7ECFE02002000034916F054F810BDD2
:200A60009E0F000011810300627B030070B50626C0000643012231000B48F0F7F3FF4468CE
:200A80000500002C0ED1082011F0F1F8074B04000360012010F0EEFA32000549606010F032
:200AA00012FB6C60200070BD942B00202CDE02009E0F000010B50C000621C0000143012259
:200AC0000248F0F7CFFF446010BDC046942B002073B50626C3001E43050000223100104899
:200AE000F0F7C0FF041E18D1020031000D48F0F7B9FF041E12D0F6216A4640684900F6F775
:200B0000BFF8009B002B08D000216A46080011F045FC28006168FFF7CDFF6468200076BD93
:200B2000942B002058DD0200F0B52F4C85B02700B43703972200FC32536C2C498B4201D874
:200B400005B0F0BD043B53642200AC321668032500221B68013299188808305C2940490040
:200B6000084128400228F5D0032503991B0109681201CB18D21802921B4A02998B42D9D09A
:200B80000F20196801422AD119480068884226D81600B83636688E4221D9091A08090190A5
:200BA0001000AC30006889094618B446465C01983100284040000141294001290FD12F00FF
:200BC000874038003043664630701600FC36706C084FB84205D2011D7164019901600433E6
:200BE000CBE71000BC30F9E7582B0020182C00200C2C0020982C00200F23994370B50500EC
:200C00000E00081A412108F0EDFF0F4C02002300B033186023002100AC331D608301F31A52
:200C2000B4310B6023002800B83300211E6017F067FF8023FC345B020122A3640023524211
:200C4000E3642265636570BD582B0020A222034952008B5A01338B527047C046582B002076
:200C6000A222034952008B5A013B8B527047C046582B0020A223034A5B00D05A431E9841E3
:200C8000C0B27047582B0020F7B50024032500900191019B9C4200D1F7BD009AA300D25808
:200CA0000F231A422AD1194B1900B4310968914224D81800B830006890421FD9521A190052
:200CC000AC310968100992098E188F5C01003A00294049000A41B4462A40012A0ED12E00AD
:200CE0008E403100664639431F003170FC37796C074EB14206D20B1D7B640860FFF714FF5D
:200D00000134C6E7BC331A60F8E7C046582B0020982C0020A22210B508485200835A010013
:200D20000133835203000022FC33BC310A60DA64034A27215A64FFF7A7FF10BD582B002062
:200D4000182C0020F8B503262E4C00252200BC321368AB4213D102221900032694462200FC
:200D6000B0321268920091422AD323000022FC335A654532FF32A35A013BA352F8BD2300D4
:200D80001560214AFC335A642300B0331B689B009D42D9D22200AC321268AB08D35C2A0052
:200DA0003240520013413340032B07D12200FC32536C191D51641D60FFF7B6FE0135E3E781
:200DC0002000AC3000688A088718825C080015003040400005413540022D09D0032D0BD005
:200DE000012D07D1330083409A433A70012301E0002BF7D10131B2E7634683409A433A70BA
:200E00000023F7E7582B0020182C0020F7B5354A13001100B833B43109681B685B1A110031
:200E2000B0321668036003220023AC3109681C0001919446190043608360C3600361436107
:200E40008361B600019D8A08AA5C65460D406D002A4165462A404568012A2ED0022A2FD0DC
:200E6000002A04D18468013301348460140001318E420DD0019D8A08AD5C62460A405200CA
:200E80001541674662462A403D4201D0012AD9D1012C19D10569013505618569A54200D250
:200EA00084618E4201D0012ACCD1C2689A4200D2C3608E420ED00023C4E701354560D5E7D6
:200EC000013545600134D2E7022CE6D1456901354561E2E743681B01436083681B018360BD
:200EE000F7BDC046582B0020F7B50F300309019302D100252800FEBDA223464A5B00D35A52
:200F0000002BF6D14733FF33D35A5D425D41002B07D0404BFC33DA6C1B6D9A4201D3FAF79E
:200F2000E7FE002430213F203A4A3A4BB0321268FC339446374A5B6DAC3217689C4505D826
:200F4000002DD6D1FAF7D4FE0135EBE70326FA5C32422FD1019E0134A6422CD89B001A1B6F
:200F6000501C012C04D12B4D591CFC358908696503218C46014049000E000121B140850858
:200F80007E5D023231437955224FAC37934233D2204B0001B4331D681E4B2D18FC33DA6CD7
:200FA000019894466044D86400212800220117F0A7FD9FE700240C26324206D1019E0134CC
:200FC000A64203D89B000133C9E700240A4206D1019E0134A64203D89B000233BFE7002457
:200FE000824306D1019A0134A24203D89B000333B5E700240133A1E7614602261140490010
:201000008E4031003E689508765D013231433E687155BBE7582B0020A22270B515495200CA
:201020008A5A002A24D1002822D00A00B4321268801A0A00FC32536D04098009984200D255
:2010400050650322AC312300160013405B009E400868A508435D0134B34343550868A30879
:20106000C35C20001040400003411340022BEAD070BDC046582B002003000F2230B51040E4
:20108000134225D1134A1100B431096899421ED81400B83424689C4219D95B1A1909032456
:2010A0000D00AC3212689B09D35C25406D002B412340012B0BD101300B189D08555D234041
:2010C0005B001D412B002340022BF4D0000130BD0020FCE7582B0020F0B585B005000F0056
:2010E0000192002807D101003800FFF7FDFE0600300005B0F0BD002903D1FFF78DFF3E00DE
:20110000F6E70F220300002613401042F0D151491E000A00B43212688242E9D80800B8309B
:201120000068A842E4D9AA1A100984460800AC3000689209845C0090624603200240520043
:2011400014410440012CD3D1A22252008A5A002ACED1B0310A683E009200029262460F36BE
:201160003609511C029A914217D200988A08825C032003920A00024003985200104102001F
:2011800003200240022A02D101340131EAE7002A03D10133E218B242F7D3B44201D12E00D3
:2011A000A6E7B44222D931002300AC206344614484460A0003260093264B9C44100037001D
:2011C000304040008740604600689408005D0132B84367463F68385500988242EED1FC3338
:2011E0005A6D89089142DAD25965D8E71B19B3421DD36346174AE318AC326146891999427B
:2012000007D8321B200100211201281817F078FCC5E703210227194049008F403900176870
:2012200098083F5C0133394317683954E5E7019E002E00D15CE700213800FFF755FE061E44
:2012400000D155E72900220117F03EFC2800FFF7E3FE4DE7582B002010B58CB005A8FFF77A
:20126000D5FD079B0A4C059A039300932000069B084915F048FC089B200001930B9B099AE1
:201280000393009304490A9B15F03DFC0CB010BD7CE40200707B0300937B0300F8B5434ECD
:2012A000434F3300B43338001A68424915F02BFC00243300B0331B689B00A34223D93F2277
:2012C00014422CD132002500AC3210680321AA08825C294049000A4103210A4202D10135E4
:2012E000AB42F3D12A1B7F2A12D938003249920915F009FC2C003F239C433300B0331B6806
:201300009B00A34204D838002C4915F036FBF8BD2B4B220138002B491A4015F0F4FB320014
:20132000AC321268A308D35C0322224052001341032213403A32022B31D03032032B2ED0AE
:201340003F3A012B2BD13300B4331B682201D3581D4954228B4222D01C49083A8B421ED004
:201360001B49083A8B421AD01A490F328B4216D019498B4213D01949123A8B420FD01849EC
:201380008B420CD0174905328B4208D01649043A8B4204D015490B328B4200D01B3238006D
:2013A000134915F0B0FB013483E7C046582B00207CE40200D87B0300F37B03005B4503000D
:2013C000F0FF0F000F7C03000CE40200A0D002007C940200289902007C960200D0D1020091
:2013E00094D10200CCA10200C4CD02002CDE02008725030010B56722014B14F0DDF910BD88
:20140000E35B020010B59722014B14F0D5F910BD79260100F8B50F0011001A000023040075
:2014200085794669837143610E4B14F0C5F9A368002B15D1E18A002908D0A38A002B05D196
:20144000206B12F011FC206B12F08EFAA38A39002000E28A14F0DAF86B1E9D416661A571D1
:20146000F8BDC0469922010010B54379C26A012B03D1100013F04EFD10BD0B00006B02495C
:2014800013F072FDF8E7C04644CB02007FB50B7805000E004C1C002B0AD0032B0BD103A9F7
:2014A000300013F090FF03990400286B12F0FCF9200004B070BD012B07D18C1C49780429A5
:2014C000F6D0006BFAF7D0F8F2E7042B0BD14B788978006B0902194312F02EFA300013F04B
:2014E000ADFF0400E4E7052B15D14379042B04D02649006B12F02CFAF0E788784B780002FE
:20150000184303A911F087FE03992C6BF0F766FD01002000EEE71A000A3A0F2A09D803A9A7
:20152000300014F026F8039904002800FFF79CFFBEE7082B0CD103A9300013F03AFF039B95
:201540002A6A9B0004009958286B12F001FAAFE703AB02AA01A9300013F0A1FF04000299CB
:20156000286BFAF735F8019B094A9B009B5821002800039A9847AB68002B04D0EB68002BE8
:2015800001D1029BEB60039C92E7C04654E2020068DE0200F7B506000192FFF777FF042717
:2015A0000400019B9C4200D1F7BDA11C30006578FFF76CFF2F3DEDB204003900082D01D8A7
:2015C000024B595D306B12F02DFBEAE71E80030010B54379C26A012B03D1100013F0ABFC6A
:2015E00010BD0B00006B024913F0BEFCF8E7C04654CB020010B54379C26A012B03D11000DD
:2016000013F099FC10BD0B00006B024913F0ACFCF8E7C04634CB0200836870B50D000400F2
:201620001100002B07D1044811F095FD2900A060200014F0EBFA70BD9CAC020010B5024AFD
:20164000FFF7EAFF10BDC046177C0300F0B50D00C162002142712B7891B005920400A04A30
:201660000161072B3FD1059B012B06D00200836B05991B68406B08329847AB681800089389
:2016800013F0DCFE63790890032B0FD140210D900DA813F0ECFEA36B02009B680D99606BC7
:2016A0009847A368E882002B00D0D6E0089813F0C5FE08900378002B52D00A3B0F2B4AD8BE
:2016C0000DA913F056FF0D9B864A934213D0013293420DD2844A93423BD00225834A93426E
:2016E0000AD0834A08992000FFF796FF11B0F0BD0325804AF3E70025089813F09FFE18211F
:20170000089008A813F0B3FE089B07900693069B079A934226D16379012B15D9A36B2900BF
:201720005B68606B98476379042B0DD10023E06A03950293C18A626B01910093936805215B
:20174000D268006910F02AF9A368002B00D084E0CCE70125D0E70100674A2000FFF75CFFA6
:201760000225C9E7069B08931B78222B04D1069813F064FE0690CAE71F2B01D05F4AB1E7FB
:20178000069809A913F064FE03780600432BF5D113F054FE099B8342F0D1300009A913F07B
:2017A00057FE037807000A3B0F2BE7D813F046FE099B06008342E1D00378472BDED113F00E
:2017C0003DFE099B8342D9D10AA9380013F0D1FE300013F038FE9F210B900BA813F047FE3F
:2017E00001000B9813F01EFE0A9B454A060093421BD1012804D10B9803780A3B0F2B01D9B6
:20180000404A6FE72669731C2361059B012B21D00DA913F0AEFEA36B3100DB680D9A606B30
:201820009847002816D1384A5CE7384A934219D1012803D10B980378032B01D0344A51E7E4
:20184000059B012B06D0666B13F0CCFD0100300014F09FFEA368002B89D02000089914F023
:20186000D5F943E78A229200934222D1012803D90B980378032B01D0264A33E7059B012BF2
:20188000E8D00CA913F09FFD01270B900B980378032B01D0204A25E70DA913F094FD013764
:2018A0000B900D9A0C99606B14F07AFEBE42EDD1D0E7059B012BCDD0032800D95EE70B9B2D
:2018C00018000D9313F0BAFD0E9013F0B7FDA36B0F901F6932000A99606B0DABB847B9E715
:2018E000347C0300970200000F0200005A020000587C0300EA020000657C03008D7C03007C
:2019000072020000B07C0300CC7C030002020000DC7C0300F87C03001D7D0300F0B51700AA
:201920000A0087B00493531E9A410C00060004993800059213F076FD251E019009D0237847
:2019400000253A2B05D102002900306B12F0FCF92500019B0097013B0393059B0293009B70
:20196000049A93421CD1002D38D1019B05999C46306B614412F0DCF9002C3CD1049B9F42E5
:201980002AD0BD423AD1280013F05DFD00220100300000F039F8380013F050FD0700EDE7E7
:2019A000009B1B783A2B07D1002D10D1039A0299306B12F0C9F9009D009813F03FFD029B06
:2019C000009001330293039B013B0393C7E730000C4A0099FFF720FE07B0F0BD002CCDD030
:2019E000A54208D1280013F02EFD00220100300000F00AF8C2E700222100F8E70022390066
:201A0000C6E7C0463F7D0300F0B517000A78040013000A3B0D0085B00F2B0ED803A9280084
:201A200013F0A7FD20000399FB0703D4FFF7D0FD05B0F0BDFFF718FDFAE7192A05D86A4A85
:201A400029002000FFF7E8FDF2E713001A3B442A00D183E02A2B05DC062B08D0292B11D00B
:201A6000624AEDE72B2B00D194E0972BF8D1002F00D0B7E0280003A913F0EAFC0200039BCD
:201A800000219BE0280002A913F0E2FC0600022F03D001002000FFF7F9FC300013F0CEFCE3
:201AA0000299060013F05BFD0028D9D13378A22B13D1300003A913F0CBFC0600300013F01D
:201AC000BDFC039A0190904207D2022F03D031002000FFF7DBFC019EF0E73378482B21D1CC
:201AE000022F06D1206B11F0CAFF206B11F086FF0EE0300013F0A7FC01002000FFF7C6FCDB
:201B0000206B012FF2D111F08EFF206B11F05EFF300013F093FC029913F021FD002800D05A
:201B200086E79DE7492B9BD1300013F08CFC03A913F01FFD012F07D1206B11F06AFF0399B5
:201B4000206B11F01BFFE3E7022F02D1206B11F07FFF0399206B11F044FFD9E703A9280008
:201B600013F076FC0399060013F0F9FC002800D076E7002F36D1350003A9280013F068FC5B
:201B8000060013F05BFC0378A92B1BD100231A00310013E0002F25D1280003A913F058FCF9
:201BA0000399050013F0DBFC021E02D03B003A0066E72B78A62BDFD0030029002000FFF791
:201BC000ADFE35E7AA2B05D103A913F041FC039B0200DDE7C12B00D142E713F02FFC3200FD
:201BE00003004DE7024A2BE7597D0300717D03008C7D0300F0B5170085B0040008000D0070
:201C000013F01CFC3900060013F0A9FC019000281FD02379002B17D0E36A1E78002E13D177
:201C2000FC2120004900FFF71FFC29002000FFF72DFC330032000121206B12F0C3F8206B4B
:201C400011F0FBFE05B0F0BD29002000FFF71EFCF5E733786D2B1DD1290001222000FFF760
:201C6000D3FE300013F0EFFB437818264E3BDBB2811C0A2B01D8234AD65C2000FFF706FC05
:201C80003100206B11F0CEFF022229002000FFF7BBFED7E76E2B2ED1300003A913F0D8FB96
:201CA00006000700039BBB421FD101992000FFF7EDFB206B11F0ADFE002229002000FFF75C
:201CC000A3FE019BB342BDD0300013F0B7FB019B0500834202D0206B11F09BFE31000022B0
:201CE0002000FFF791FE2E00EBE7380013F0A6FB01970700D6E731002000FFF7C7FB019A63
:201D0000C3E7C04627800300F0B50B788DB00A3B0400019103920F2B00D900E1080013F095
:201D20008DFB0378432B00D0F9E0019813F086FB09A913F08DFB037842780A3B1B02134342
:201D4000AC229200934200D0E9E013F077FB03780500472B00D0E2E013F0B5FB002800D011
:201D6000DDE0280013F06AFB099B834200D0D6E0280013F068FB9F210A900AA813F077FB18
:201D800001230A9D060028000B9313F057FB07000A90B04200D1B8E013F050FB0A90B04281
:201DA0000ED00378032B00D0B9E00BA913F00BFB0B9B0A90002B00D1B1E0B04200D0AEE059
:201DC0002B784533DBB2022B00D8A8E03B784533DBB2022B00D8A2E0099B1800059313F038
:201DE0002DFB039A0290904201D1002302930B9B26690493A36926830793E38B0693731C7F
:201E00006383A38BE383331D23613B780393032B03D039002000FFF739FB29002000FFF768
:201E200035FB206BF11C11F03FFEB11C206B11F007FD206B11F0EDFD002220000199FFF7F7
:201E4000E3FD05992000FFF721FB206B711C11F0F7FC0499206B11F027FD1221206B11F0BA
:201E6000E1FE206BF11C11F0EBFC039B206B032B4ED011F0D8FD206B11F0EAFD049B19216C
:201E8000206B002B00DA1A21002511F0CBFE0121206BB21C11F014FE079BA361069BE3834D
:201EA000029BAB421BD0206B11F0C7FD039B032B02D0206B11F0C1FD02992000FFF7E6FAE4
:201EC0002569206B6B1C2900236111F0EDFD039B206BD91E4B1E9941013111F0F8FB310010
:201EE000206B11F0ADFC206B11F0A7FD039B032B02D0206B11F0A1FD029B002B03D02900F1
:201F0000206B11F09DFC0DB0F0BD2F00294D57E711F07FFD39002000FFF7B8FAAEE7A36930
:201F200025690493E38B6F1C0293AB1C0593A38B0198E383204B67832B432383EB1C23616E
:201F400013F07CFA01002000FFF7A0FA06000121206B11F006FE3900206B11F071FC206BE2
:201F6000A91C11F011FE002220000199FFF74CFD31002000FFF78AFA0600206B11F0A2FB77
:201F8000002803D13900206B11F08EFD206BA91C11F056FC206B11F003FE049BA361029B85
:201FA000E383039BB342AAD031002000FFF76EFAA5E7C046397A03000080FFFFC36A70B5E7
:201FC0001B780D0004001100072B06D0022B04D00021164AFFF720FB70BD280013F0BFFAA0
:201FE000061E07D00E21206BF9F73EFB206B11F017FFF1E72B78C42B12D1280013F023FACC
:2020000001002000FFF742FA3100206B11F0A9FD206B0E21F9F728FB206B11F010FFDBE7E0
:2020200029002000FFF732FAE0E7C046B87D0300F0B589B005001F00059104920191002947
:2020400004D09F2105A813F012FA019000231E00059C03930293009316E02378BB2B2ED189
:20206000BA3B1E4206D0434A21002800FFF7D4FA09B0F0BD012320001E4313F0E4F902901E
:20208000200013F0DBF90400019BA342E5D1002E0BD0029B002B5CD1286B11F065FC039B7D
:2020A000002B5BD1286B11F05FFC049B286B002B59D033003900009A11F08DFED8E7BC2B1C
:2020C0000BD1BA3B1E4201D02B4ACDE7022320001E4313F0B8F90390D2E7BD2B29D120002D
:2020E00013F0B1F9040013F0A9F90378C12B09D128000622210013F0EFFB2000013713F090
:202100009DF9BEE723780A3B0F2B01D91B4AABE7200007A913F02DFA04000799286B11F067
:202120000BFC21002800FFF7B1F9009B0400013391E7002E01D0124A96E7009B002B01D0F5
:20214000104A91E721002800FFF7A0F9013704009AE728000299FFF799F9A0E72800039982
:20216000FFF794F9A1E733003900009A11F02AFE7EE7C046D17D0300E87D0300007E030080
:20218000217E03003C7E0300F0B589B00400039103A83D2113F06BF9E36A02905F7D00231C
:2021A00001930398029B984217D1180013F04BF9029B03901B7801003A0020001D2B5CD19F
:2021C00013F035FB0500019B5A1E019258D229002000FFF7FDF909B0F0BD05A913F038F979
:2021E0006821039003A813F042F906A90500039813F0BFF9CC22069B06005200934215D02F
:20220000019B2000013303990193FFF73FF903900398A84228D12800059913F0A0F90028D5
:202220000BD129002000FFF731F906E0854207D800212000164AFFF7EFF9059B0393B0E781
:2022400013F0FCF88542F3D1300007A913F091F98522079B9200934204D00E4A9342E7D126
:202260000427EAE70127E8E707A913F082F907990390206B11F082FBCAE713F02AFDA1E79E
:20228000002301211A00206B11F09CFD9BE7C0465E7E030009020000F7B50A780F001300F8
:2022A00008215D3B8B43DBB20400002B02D101338371F7BD13005E3B8B43DBB2002BF8D02A
:2022C00013000A3B3E0000250F2B0CD95C2A26D101A9380013F0BCF8060013F0AFF8019BC2
:2022E000834215D10025300001A913F042F9A379002D02D02A78002A19D1002BD9D1E38AE3
:20230000002BD6D0390020001D4AFFF785F9D0E713F094F8019B05008342E4D1E2E7380056
:2023200013F091F8060013F089F80500DBE7002B1ED0A38A01339BB2A382012B09D1E18A63
:20234000206B002911D011F08FFC0021206B11F0A5FC29002000FFF799F8206B019911F018
:20236000EBFA206B11F0A6FCA3E711F0FDFAECE7E38A290001332000E382FFF787F898E7B2
:202380007C7E0300F0B504000F00066987B00293731C0393B31C03613100006B150011F043
:2023A000BDFB200013F0EDF839002000FFF76EF8206B11F0FBFB711C206B11F075FB31006C
:2023C000206B11F03DFA206B11F049FD2669731C2361029B9D4218D1A38B206B013BA38346
:2023E00011F0B4FB206B11F03FFD0399206B11F027FA0C9B002B03D019002000FFF746F80A
:202400003100206B11F01CFA1BE0280013F01BF8002305932369050001930133236103789D
:20242000002B10D113F00AF813F008F8029B834224D0290020003B4AFFF7EEF8A38B013B1E
:20244000A38307B0F0BD07008B2B07D112F0FBFF070012F0F3FF05A913F08BF8206B11F0A6
:20246000D8FA39002000FFF711F82121206B11F0D9FB0021019A206B11F022FB280012F001
:20248000DDFF05990500002947D1206B11F0D5FA059F002F09D02769206B7B1C3900236106
:2024A00011F048FB200013F06CF829002000FEF7EDFF059B0500002B02D0206B11F076FB88
:2024C000206B11F098FB059B002B19D00E21206BF9F7CAF83900206B11F0B2F90E21206B93
:2024E000F9F7C2F820000599FFF772F820000599FFF780F8A38B206B013BA38311F026FBAB
:202500003100206B11F0D0FA0199206B11F098F90121206B11F0DBF85BE72000FFF758F854
:20252000B6E7C046AA7E0300F0B585B0019143790400012B07D1C36A0E001B78002B04D1CF
:20254000184AFFF769F805B0F0BD692101A812F08EFF00900198009B9842F4D003A913F08D
:2025600008F80B23039F6B441A0001903900E06A14F069FC6B46DB7A0500002B0DD03A00F8
:202580000100E06A14F08AFC2B78074A002BE1D131002000FFF740F8DCE70378042BD9D000
:2025A000024AF5E7C97E0300EE7E03000C7F0300F0B587B0039145790400012D09D10191E0
:2025C00003A8692112F053FF02900398029B984201D107B0F0BD05A90B2712F0CAFF02AB40
:2025E000059EFF1803903A003100E06A14F02BFC3B78002B08D10378012B05D02000074A0A
:202600000199FFF709F8E0E705703100E06A14F03CFC0028D9D00570D7E7C0462D7F03007D
:2026200010B5084B428B04009A4202D1064AFEF7F3FFA28BE38B618B206BD21AF9F730F8B5
:2026400010BDC046FFFF00004C7F030010B5084B028B04009A4202D1064AFEF7DDFFA28B35
:20266000E38B218B206BD21AF9F71AF810BDC046FFFF0000647F0300F7B506000C002378B7
:202680001A000A3A0F2A08D801A9200012F071FF30000199FEF7AEFFF7BD432B44D1694635
:2026A000200012F0D5FE01003000FEF7EFFE03780500A22B10D101A912F0CAFE0500280043
:2026C00012F0BCFE019B0700834205D029003000FEF7DCFE3D00F2E72B78482B16D128009E
:2026E00012F0B1FE01003000FEF7D0FE0500306B11F0CFF92800009912F031FF0028CBD115
:2027000021003000204AFEF787FFC5E7492BF7D1280012F098FE01A912F02BFF0199050066
:20272000306B11F09FF9E5E7442BE9D1200012F0CAFE0028E4D1200012F085FE050012F0FD
:2027400082FE040001003000FFF796FF200012F075FE03780400A92B9ED0AA2B0ED101A985
:2027600012F076FE019B0400834295D030002100FFF782FF200012F061FEF3E7C12B00D03A
:202780007DE72C00BCE7C046797F0300C36A70B51B780D0004001100072B04D000210B4A82
:2027A000FEF73AFF70BD280012F0D9FE002807D00E21206BF8F758FF206B11F016FBF1E749
:2027C00029002000FEF762FEF6E7C046917F0300F0B50D0004001100280085B012F0BFFE82
:2027E000071E05D00021206B11F058FA05B0F0BD2B784E2B0BD1206B012111F04FFA290066
:202800002000FEF743FE206B11F054FAEEE7B32B61D1280012F017FE050012F00FFE0290BE
:202820000378B62B4DD103A912F012FE039B0290984203D09D2102A812F019FE2B784E2BE6
:2028400020D103990298266B12F0ECFD411C300011F024FA29002000FEF718FE206B11F049
:2028600029FA0127029E039B9E4210D1002FBDD131000298246B12F0D5FD411C200011F0A5
:2028800024FAB3E729002000FEF700FEEAE73378310020000193FEF7F9FD019B0600002F27
:2028A0000BD04E2B05D00F4A29002000FEF7B4FE9CE7206B11F0FEF9D5E74E2BD3D10A4A73
:2028C000F2E72B7804224E2B00D005222900200013F002F88AE729002000FEF7D7FD0121FB
:2028E000206BCCE7AB7F0300CE7F0300F7B50D00C16A0400097D022608003040314205D0C7
:20290000344A29002000FEF787FEF7BD2978019008000A380F281DD8280001A912F029FE1F
:20292000A279E36A002A03D01A8B01321A8302E0DA8A0132DA82012601990029E5D06B4698
:20294000DF1C3A00E06A14F07EFA3B78002B3CD1214AD6E71A32914204D1280012F073FDDB
:2029600001A9DBE71A33994223D1A379002BC7D101272800A77112F0A6FD03260028DBD1E6
:20298000280012F060FD0378E26A0A3B0F2B09D82800137D1F43177512F055FD01A912F0E3
:2029A000E8FDC9E7137D28001F43177512F04BFDF2E7280012F047FD01A912F0DAFDE36A7B
:2029C0001A7D16431E750526B6E70223467003709BE7C0462A7A0300ED7F0300F0B585B0E6
:2029E00005000E000192FEF751FD03780400A22B03D101A912F02CFD0400EB6A1B78072BDB
:202A000000D070E0337872780A3B1B021343504A934268D12378472B65D1200012F053FDEC
:202A2000002860D0F02128004900FEF71DFD0121EA6A936A928C002A06D121002800454A43
:202A4000FEF7EAFD05B0F0BD5878084211D028005968FEF709FD2000019912F0E3FC022894
:202A60000ADC0023286B1A00022111F0ABF9200036E0013A0833DEE7200012F0DFFC0378EF
:202A8000492BEED1200012F0D9FC12F0D7FC0378472BE6D1200012F0D1FC070012F0CEFCD1
:202AA0000600380012F0CFFC03A912F062FD03990122286B10F06EFF300012F004FD0021EB
:202AC000884203D1300012F0BEFC0100002301222800FFF7ADFA200012F0B0FC12F0AEFCE6
:202AE00012F0ACFC0400019BA342ABD0200012F0A5FC019B0600834224D02378492B21D10D
:202B00000378472B1ED1200012F09DFC0700300012F0D9FC0024A04203D1300012F093FC75
:202B2000040003A9380012F024FD00220399286B10F030FF2800002301222100FFF778FA13
:202B40003000CDE721002800FEF7A0FCCAE7C046D602000006800300F0B50D0000260400C3
:202B600042711100C5622A00066187B0006BF8F79DFC6279012A01D1EE832E84AE683378F3
:202B8000542B0AD1300012F05EFC01002000FEF77DFC206B11F029F92AE02B78002B08D161
:202BA00031002000FEF772FC0E21206BF8F75CFDEFE7072B21D1300012F040FC6379050016
:202BC000012B07D100230100A371402220005F4B12F0F2FD280012F031FC12F02FFC010017
:202BE0002000FEF753FC206B10F06CFD0028DBD0206B10F03AFD07B0F0BD022B17D1012A44
:202C000007D100233100A3712000514B473212F0D3FD300012F012FC01002000FEF736FCE5
:202C20002B7D5B07B5D5206B10F007FFBCE7033B032B50D8300012F001FC05A912F008FC55
:202C400012F0FCFB67790390012F09D10B2202ABD2183900E06A14F0F6F802230370EF82BC
:202C60002B78032B20D10021206B11F00AF82B78062B27D1206B10F077FE01212000FEF7E0
:202C8000F3FB206B10F070FE206B10F06DFE002320000093059A3300039913F0C3FA2B78B0
:202CA000062B00D075E77FE7042B04D10021206B10F0F4FFDBE7052BD9D10021206B11F065
:202CC00004F8D4E720000121FEF7CEFB0121206B10F047FFDBE7012A07D1F021280005AA9D
:202CE000490014F0B0F80223037005A9A86812F040FCF4212000FF31FEF7B6FBF921200006
:202D00004900FEF765FCE989206B10F015FEF8212000FF31FEF75CFCA86812F08FFB12F0B0
:202D20008DFB01002000FEF7B1FBF0212800490014F079F80378022B00D135E7F0214288E2
:202D40004900206B10F0D1FC23E7C0469F5F0200AB5F0200F8B5164B0400A8331B68150031
:202D6000002B24D1076901227B1C03613B0013F0DEF9E02106004900206B10F0E3FC2900AD
:202D8000300012F0ECFB051E09D131002000FEF77DFB2B002A000121206B11F013F801212F
:202DA000206B11F02FF83900206B10F049FDF8BD582B0020F0B59DB00F001500002138226D
:202DC00006900EA81E0015F09BFE069B0DAC5B680D970393236201235B421393069B267170
:202DE000186812F02BFB12F0FDFA606280000EF050FF0022A06200950025069B11001B6890
:202E0000200012F0DAFB10F01AFC01272B00039020630495626A0892954202D2A268002A5E
:202E200026D0002B42D101260593089B059A934202D00F9A002A3CD00499039810F004FC9F
:202E40000025169A0F9B0592954200D31AE1002B00D1D6E0189B0DA8996812F0D7FE189B12
:202E6000109A0493DB890D990F98F5F741FA0CE1A16AAA005658002E13D03269002A10D132
:202E80000EF071FD737D30613A0031002000042B09D1FEF7DBFB2369049A9A4200D2049377
:202EA0003B000135B6E7FFF757FEF4E700231D00B0E70599179B8900CB58002B2FD0197D4B
:202EC0009F8C314216D00224781E411C12D09D6AC10069184D78254225D0002A0AD00D00F8
:202EE000506884461068079011CD11C2079A0A6062464A60002199838F421BDC0022974233
:202F000037DC5A680792002A09D00021928C0A920A000A9881423BDB00218A4267D1059B1B
:202F20000133059381E7002A02D1012D00D10A000138CAE7986ACA0082181878012806D177
:202F4000F02450686400A0420BD10131D4E71478012806D9002C04D116705078304203D16D
:202F6000F3E710780228F8D1988B441C9C835080EBE7986AD1004418415C032906D1617810
:202F8000314203D1998B6180013199830132B6E70798CC00806A0519005D099503380128F5
:202FA00016D8002012E09D6AC400AC46A4442C5D042C0AD1099C64680B9464460B9D6468AA
:202FC000A54202D164466280013201308742EADC01319EE79C6AC8002518205C042802D17B
:202FE0006878304202D068888018688001318F42F0DCD98A92B25118D982998B52189A8358
:203000008DE7179B0593059AAB009C58002C1DD0637D042B1CD11A9B0593002B04D10499B5
:20302000159811F053FF1A90002319932C4B032221000DA81B93FEF709FB0F9B0593002B91
:2030400004D1042221000DA8FEF700FB0135F8E6039B022221000DA81993FFF77DFD0F9B3D
:203060000593002BF2D1032221000DA8FFF774FD0F9B0593002BE9D1042221000DA8FFF74F
:203080006BFDE3E7002B00D0E4E6039810F0E4FA1A98002801D011F030FF0024069812F021
:2030A0001CFA179B1B681D69169B179803939C4207D30EF00BFE0F9900290AD00800FDF7E3
:2030C00081FAA3001858002801D013F0A3FE0134EAE70A0028000EF07AFC1DB0F0BDC04699
:2030E000C8D60200F8B5070008680C0011F068FF05006068F0F75AFD0600022F0AD9A0686B
:20310000F0F716FC02003100280013F091FA11F0C8FFF8BD004AF6E740420F00F0B5124B96
:2031200087B003AD40C90138009301950323FDF799FA68680D4F1E24B84202D011F040FF16
:2031400044B2A8680023B84202D011F039FF43B2706803994371047105F09CFC706806F054
:2031600013F8380007B0F0BD04E0020054E2020030B5124B8BB003AC20C901380093019414
:203180000323FDF76FFA049906A811F065FD039B089A5900237A00936868079B04F012F8C5
:2031A000021E05D006490748F5F734F8FDF70AFA06A90548EEF7C4FE0BB030BD1CE0020023
:2031C00032800300ACAB02007C96020030B5114B89B002AC20C90138009301940323FDF741
:2031E00041FA0122039805A9F0F75CFD029B059A5900237A00936868069B03F0F3FF021EAD
:2032000005D005490548F5F705F8FDF7DBF9044809B030BD34E0020044800300ACAB020065
:2032200054E202000021F8B54768080011F0F7F808250600B1223B68D2009D5080220020B7
:203240009200190098500122FC319A6088605A61104A8868002803D1002A19D0013AF8E77B
:203260000024A24204D00C4A9C5863425C41E4B2380005F089FF002C05D001216B003000DD
:203280001943F8F733FF0135782DD3D13000F8BD1400EDE710270000C404000010B50D4C48
:2032A000206814F0C0F8002807D00B4B1B78002B03D1206803685B6898470023074A137057
:2032C000074A137002F096FCFAF704FDFAF776F910BDC046A82A00207E2F00207D2F0020E6
:2032E0006F2F002070B5050094B0002804D13F480DF000F914B070BD08A8FDF73DF9041E3B
:2033000019D12E68290004A80122FCF76DFD23002200310004A8FFF74DFD04000320FCF75C
:20332000A5FF20000FF02BF801204042FCF79EFFFDF740F9DEE701204042FCF797FF0999B4
:203340002B48F0F74DFA0998F0F70EFA29490400FBF7D0FA0028CDD120002749FBF7CAFAFE
:203360000028C7D1099C6946200001AAF4F7F4FF322102AA04A8FBF73DFB009B022B05D915
:20338000019B1E495A6802A813F0BDFB2000F0F7EBF91B4BC2689A4210D1236819495A681C
:2033A00002A813F0B0FBE368002B07D05A68002A04D00022996802A8F0F7EEF90320FCF7F7
:2033C00055FF04A811F084FCF0F7B0F904A811F054FC01204042FCF749FF0B4B9A6C002A7B
:2033E00000D187E700229A6484E7C046578003007CE40200D8AC020080AA02008480030008
:20340000D18000008D800300582B0020F8B54E4C1321200015F0E5F82000032115F093F956
:203420004A4C012313212000494A05F053FD01220221200005F07EFD464C200002F028FF05
:20344000454F3860200003F043F9444D2860102015F0CBFA040029680025414E3A683300C0
:2034600003F028FB3F4B1C603F48ECF775FFE120C000ECF781FF3D493D48FDF7BDFBF3F78D
:2034800053FAF0F7CFF8F0F787FD02F067FD300014F008FC11F074FA00F0DCF8FBF786FF8E
:2034A000F5F746FDEDF740FB324C3348230088331D60FDF759F9FDF735F9EDF747FB2F4F5E
:2034C0003B78012B0ED1002307211A002C4800F01FFA031E1DD00100F220FF3000F06CFBA5
:2034E000FFF700FF3B78002B2AD100F0DBFB0028F8D024480EF020F9FDF724F90822002169
:20350000214815F0FDFA230098348C331D602560AAE7F822920211784D2909D1517850293C
:2035200006D1F22052881949FF3013F026FCD7E7012217491748F3F77DFF0EF04BFFD1E70C
:2035400000F000FCD3E7C046882A0020A02A002093660200282B0020A42A0020A82A0020B5
:20356000B02A0020AC2A002000400020882A002088020020582B00209D320100DA00002012
:203580009180030099800300D82B002004E0030004E402001902000010B5084C062120008C
:2035A000074A03F09BFC2000064A074915F012FA00221E21054814F07FFB10BDB02A00206C
:2035C00078E00200000000208D6E0100282B002080235B051869034B1B7843438020C002B5
:2035E000C01A7047A62F002080235B051869034B1B7843438020C002C01A7047A72F002071
:2036000070B5084DC4012B680021181913F0B1FC2868054B00197F3000781B788342F0D29C
:2036200070BDC046402B0020A52F002010B5C3790400002B08D0064A037981791068DB01B6
:20364000C018013013F095FC0023237210BDC046402B002070B5F8248025A40223786D051E
:203660004D2B4CD12B698020E41A2B69C002E41A2969001B06F0B6FA2B4B2C4918702B69D5
:20368000E21852185D421540294B2A4A9B1A2A4A9B188022520511699D4234D38020C00253
:2036A000401B06F09FFA254B01211870641B244BE4111C70A1240025224AE400116018785C
:2036C00021494D604B68002BFCD01359DBB28342F7D21E4901330B7001235360FFF778FF48
:2036E000037805001A4CFD2B0FD180235B051869184BC009C018C0012818206070BD802402
:203700002B69E402AFE76D18C5E7FFF76DFF0378803DFD2B01D12560F0E7FFF765FFFD2100
:2037200013F027FCF7E7C046A72F0020FF87FFFF140100200000002088870300A62F0020A9
:20374000A52F002000D00040FCD00040A82F0020402B0020FFFFFF01F7B5254B254E1A78B8
:20376000254B14001B7831680133E001405CFF2828D00134E4B29C4200D101249442F4D18F
:20378000802300255B051B69DB0901933368E701DA19DB5D00925A4253410098ED1813F0F5
:2037A000FEFB002810D0002305E00099DA018A5C002A09D10133019A9342F6D13068C019C6
:2037C00013F0E3FB2000FEBD0B4B01341B78E4B201339C4200D10124054B1B78A342D5D103
:2037E000002D02D012F06AFFB7E7FF24EAE7C046A82F0020402B0020A52F002070B5837930
:2038000004005B18DBB200257E2B02D0837100200CE08571002A19D0FFF79EFF0600FF283B
:2038200005D12079FFF7ECFE1C20257270BD0C4D60792B68C001181831007F3013F099FB0C
:20384000F0012E686179301813F093FB044B62791B68D2019B187F331B786371D7E7C0461E
:20386000402B002010B50F4B1A684379DB01D31819007F310978FF2908D10179C9015218A0
:203880005278FF2A0BD08179914208D0827901219B1800225C78FFF7B1FF200010BD012437
:2038A0006442FAE7402B0020F7B506000D0001240E4B1B7801930E4B1F68019BA34202D25D
:2038C000FF242000FEBDE301F918FB5CFE2B09D18B78AB4206D12A003000033115F0E6F863
:2038E0000028EED00134E4B2E7E7C046A52F0020402B002010B5054A03791068DB01C01808
:20390000817800220330EEF751FB10BD402B0020F0B585B006000D0002920393782948D8F8
:20392000FFF7C2FF029A03000400002A3CD0FF2801D0FFF765FEFFF70FFF0400FF2803D1A3
:203940001D491E480EF067FD1D4FC0013B68FE210190181813F00DFB3B68019AE9B29818F5
:20396000023013F006FB3868019B2A00C0183100033002F0EBF90C200EF079F9039A114B04
:20398000002A00D0104B03600D4B04711B684471E4011C19A37802338371029BC371012317
:2039A0000372039B437202E00298FF2BE3D105B0F0BD0020FBE7C046DD800300ACAB0200C2
:2039C000402B002050A70200A4A6020007B501A9EEF742FF0199FFF767FFFF2803D104494D
:2039E00004480EF018FDFFF70BFE03480EBDC04617320300ACAB020054E20200F7B5019231
:203A0000027A05000091002A02D12048F3F7DAFDC479002C07D11E4902790968D201525C59
:203A20007E27002A05D1092201241A6064422000FEBD1749AB7908686979FA1AC901411889
:203A40000E007F363678FF2E09D12E79F60180194078FF2818D0C01A824200D902000198DE
:203A6000061B964200D91600002EE0D0009A01331019C918320015F027F8002231002800D7
:203A8000FFF7BCFEA419D4E70022E8E7F3800300402B0020F7B50193037A040015000091A5
:203AA000002B02D11A48F3F78DFDC379002B07D0184A03791268DB019B5C2F00002B0AD194
:203AC0000923019A136001256D422800FEBD009BBF1B9B190093002FF7D07E23A2799E1ACE
:203AE000BE4200D93E0060790A4B01321B68C001801800993200181802F028F90122310010
:203B00002000FFF77BFE0028E1D0019B1860DAE7F3800300402B0020002170B5080010F019
:203B20007EFC012405000C4B1B78A34201D2280070BD0A4AE3011268D018D35CFE2B08D11F
:203B4000817800220330EEF731FA01002800F8F7CDFA0134E4B2E6E7A52F0020402B002011
:203B600073B501A9EEF778FE0199FFF79DFEFF2803D10E490E480EF04EFC00257E260D4BDC
:203B80001C68C301E31859789B780233DBB2C201A2187F321078FF2804D1C81A401911F04E
:203BA00080FA76BDF31AED180023F0E717320300ACAB0200402B00201FB5034A034B13F0AA
:203BC0009FF805B000BDC046653801002D3601000023F0B52F4E93B0040006A815003360F2
:203BE00001270191FCF7C8FC2F40031E34D1EA062CD511206268A16813F0BFF804002100EB
:203C000026680124019A03A8FCF7EEF8AB0800223100234003A8FFF7CDF805000320FCF7E8
:203C200025FB28000EF0ABFB01204042FCF71EFBFCF7C0FC002F24D021001748EFF72AFD8A
:203C40003C0001211448EFF725FD1AE0AB06D6D5200012F083FDD1E701204042FCF706FB5B
:203C6000002F03D001210C48EFF714FD0798EFF77BFD0A49FAF73EFE041E05D03468002F96
:203C8000DFD1200013B0F0BD07990548EFF7A8FDF5E7C046442B002010810300D8AC0200E1
:203CA0007CE4020010B586B02021802402A810F0C3FF64001E480DF03FFD00231D48039335
:203CC0000DF03AFDEFF7CEFC0128F3D002280BD119480DF031FD02A810F0CFFF01220020C7
:203CE000164B1A7006B010BD032802D100230393E8E7042804D0C1B202A810F0FBFFE1E7F1
:203D00000F480DF019FD039B0193002B08D10A480DF012FD02A810F0B0FF80204000E1E7A4
:203D20001122012102A8FFF753FF2042C5D0D9E712810300AE750300C1610300DA000020AA
:203D4000B321030030B589B02021802504A810F073FF6D0038480DF0EFFC38480DF0ECFC30
:203D60000024374904A805940DF096FD01280AD134480DF0E1FC04A810F07FFF2000324BA9
:203D80001C7009B030BD022803D12E480DF0D4FCE0E7032801D12B48E0E7042808D129483C
:203DA0000DF0CAFC04A810F068FF80204000E8E7052828D125480DF0BFFC0594EFF752FC66
:203DC00002ABC1B2D9710329E5D004290AD11D480DF0B2FC0121162204A8FFF7F9FE284223
:203DE000BED0CEE704A810F085FF02ABDB790D2B03D117480DF0A0FCE0E702AB0121D81DC0
:203E0000EFF748FCDAE7059B0193002BA8D004A810F05EFFEDF71CFB00280BD00A2104A802
:203E200010F068FF0B4904A80DF036FD0328B2D00428ECD10021CEE72D81030082810300C8
:203E4000A8810300C1610300DA000020AD810300DD810300E481030073B501A9EEF7FCFC6E
:203E6000019B06001648502B17D8802040000DF0FEFE144D04002B00943318600023019A72
:203E80009A420CD15B232000A354F4F783FB0022904209D1943528600B48F3F793FBF15C34
:203EA000E1540133ECE70132A35C9B2BFBD1210006480DF0F5FA002394352B6076BDC046F7
:203EC000E9810300582B0020F781030028990200F0B58BB00600080011001A0010AB1F7829
:203EE000324B05AD019500930523FCF7BBFB912000010DF0BCFE2E4B2E4A1860059B476080
:203F00004370069B04A90370079B04008370089BC3702B7C30001360EEF79EFC0026264B5E
:203F200003900C201E600DF0A2FE244B05000360F5F78EFCA860F5F78BFC214B214F18608B
:203F4000214B3A001E70214B39001E70204B68601E6028003300F5F74BFB2000049A039962
:203F60000DF0D0F82000EDF711FA0400B04207D1F5F750FA0E4B1C60164B1868F3F722FBAC
:203F80000122154B1A70F5F75DFC0028FBD1134B94331860074B1B68002B04D00C4B1048BB
:203FA00019680CF01BFA38000BB0F0BDC8E00200EC2B0020680200204C2B002014E10200D6
:203FC000482B002054E20200AB2F0020A92F0020502B002008000020AA2F0020582B0020C5
:203FE0000D820300030000200C4910B50A78D4B2824210D10A4A1078002802D001200870D6
:204000001470084A1278002A06D0074A136820331360064B186810BD9868FCE7A92F002035
:20402000AA2F0020AB2F00204C2B0020482B0020F8B5D22464004443134A240C1368A342E8
:2040400006D912480368013303601368203B13601F23250001270E4E9D431068854211D8E9
:2040600023401D1D2800202D00D920200022834200D8C21A074B1868401914F041FD064BBC
:204080001C60F8BD3770E8E74C2B0020502B0020AB2F0020482B0020542B002070B50600F0
:2040A0000D00002814DD002907DD154805F024FE0124B04209DB002407E00100C02000066C
:2040C00005F01AFE0124A842F5DDE4B2200070BD002907DDC020000605F00EFE0124B04204
:2040E000F3DCE8E70024A042F0D00100044805F003FE0123A84200DC231CDCB2E6E7C0468F
:20410000FFFFFF3FA3230021024A5B000248D1527047C046582B002054E20200A3230121E8
:20412000024A5B000248D1527047C046582B002054E20200A323044A5B00D35A0348002BC1
:2041400000D103487047C046582B0020E4D00200DCD0020010B5F7F7CBFD014810BDC046E8
:2041600054E2020010B50C4C002808D1FC34236D18005A1C02D0180110F093FF10BD0868E1
:20418000EFF7D6FBFC34031E044803DA01235B422365F3E71B09FBE7582B002054E20200EA
:2041A00010B5024912F0E9FB10BDC0461C820300F7B5CD1CAD00019028000E0017000DF078
:2041C00056FD2A000400064B86600360019B390043600C3A0C3014F077FC2000FEBDC04672
:2041E0000CE302000A0093685268C9689B1A5B1810B50400581C002900DD581E05F07CFD8F
:204200000300002C08D00020012C09D1D843C01718404000204303E00248002B00DC024805
:2042200010BDC046E4D00200DCD002000300080010B5044C04330ECB046041608260C3600D
:2042400010BDC04684E30200F0B50E00002785B011001D0001220323039000973000FCF74F
:20426000D1F910200DF003FD039B0400036001234760C36028689E4205D1EFF759FBA060D4
:20428000200005B0F0BDEFF753FB60606868EFF74FFBA060032EF3D1A868EFF749FBE06039
:2042A0000028EDD10148F3F78DF9C0462182030070B50D004A688B680849040012F023FC66
:2042C000EA68012A04D12000054912F056FB70BD2000044912F017FCF9E7C0462B82030086
:2042E000652B030038820300136810B51400002B05D1A52904D1406810F0D3FE206010BDB0
:20430000BA235B00994201D18068F5E7024B9942F5D1C068F0E7C046CE02000030B5040048
:204320000D00002087B0042A30D1A3686268E1689B1A5B18581C002900DD581E05F0DCFCE7
:20434000C343DB171840AB0722D1184B2A689A421ED1290003AAF9F719FA10200DF087FC1F
:20436000134BE2680360039B616853435B184360049B6168019353435B18059983604A430C
:20438000C260002902DAE2689B1A836007B030BD002301002A002068EFF7A4FBE36858432F
:2043A0006368C018012340001843EFE7F494020048E3020010B54A68014912F0A4FB10BDDF
:2043C0001D310300044B88600B60044B08004B600023CB607047C046D0E202001D690200A1
:2043E00070B50E0011490400002512F0C6FA7368AB420AD8012B03D120000D4912F0BDFA6C
:2044000020000C4912F0B9FA70BD002D03D02000094912F0B2FA3300A900083301222000CB
:204420005958EFF7B9F90135E1E7C046B12103003E820300652B03003A21030070B503007E
:204440000C0001281ED0022808D00020834204D14B680E48002B00D10D4870BD01230D4D78
:2044600062685E1C013B9A4203D801206D002843F3E7B300E1580220F2F716FB40103300A7
:204480002D18EDE7486840001843E6E7E4D00200DCD0020004E4020070B505000E000B4812
:2044A000002D12D0AC1CA40020000DF0E0FB084B45600360002E08D002000023083C083285
:2044C000F158D1500433A342FAD170BD04E402000CE40200F0B507000E00140085B0142843
:2044E00031D028D807282ED0122802D00025052826D12000EFF738F92E49FAF7FBF9051E83
:204500001ED07368626800219818FFF7C5FF07003100736808379A0005000831380014F017
:20452000D3FA210070686368800038189A00083114F0CAFA04E00300193B0025042B1DD9FA
:20454000280005B0F0BD200003A9EFF72FFA051EF6D00398184D0028F2DD7368002158437F
:20456000FFF79AFF05002B003000083300930421039B7268083010F0FAF8E1E71000EFF7F9
:20458000F3F80E4B426A9A4205D02000094910F011FB041E0CD02300310062683800009216
:2045A000083372680831F9F761F9054D0028C7D1044DC5E70CE4020004E40200C54301006F
:2045C000E4D00200DCD0020030B5040085B0042A2FD103230D0040681D4019421FD1164B47
:2045E0000A689A421BD101AAF9F7D0F8002802D11248F3F7DBF9019B02982900C01AFFF7DC
:204600004BFF050021006B6808319A00019B08309C00091914F058FA280005B030BD0A00C8
:20462000002301002068EFF75DFA023080000559F2E70025F0E7C046F494020008260300EB
:20464000F0B50C001100002285B01E00200001230092FBF7D7FF184D002C1ED03568AB07B7
:2046600003D1164B2A689A4217D010200DF0FFFA002104003068F2F781FB00250427039085
:204680000398F2F7DDFB061E0AD128002100FFF703FF050020000DF019FB280005B0F0BDBE
:2046A000AF4205D82000F9000DF0FFFA04007F00AB001E510135E3E704E402000CE40200A4
:2046C000F0B587B0039205910D9A03990500521A0CA9097820200C0084433BD030293DD065
:2046E0000CA9029101211C00019180210C400B4236D0D40FA4186410171B002C39DD2600B5
:20470000019B0493B34200DD04966B68049A029928689847049BF61A002EF1DC039B002B0C
:2047200006D01A0005996B6828689847039BE418002F0CDDE419019EBE4200DD3E0032000E
:20474000029928686B689847BF1B002FF3DC200007B0F0BD084902911021C4E70749FAE72F
:2047600001211F000F400B4201D11400C5E71700D4E70024D2E7C046528203006382030056
:20478000F0B593B01D0018AB10CB0E001B78170004900793CB070BD48B0703D1854B0A6837
:2047A0009A4205D03000EFF7C3F801264000064381231C4209D1079B302B06D11A9B1B9AAD
:2047C000934200DA1A9200231B93300010F046FC0AAA002806DBA3070FD52B2313701922E4
:2047E00004ABD218EBB2E10612D5022F09D130211170591C517002320AE06307F2D5202310
:20480000ECE7082F71D130211170A1056AD4013200210AA81170121A06920A00A10600D5C5
:204820002C320EA90B9110210C9100218C460D911B99012901DD40200443172504A96D1897
:2048400061464020297021000140059103920293044251D06346009701930DAA33000CA9BC
:204860000BA8F6F723FD037807002D2B04D12B700D9B0137013B0D931B9B012B00DC92E042
:204880000D9A934200DA1300059A002A08D0172204A952181278511E8A419B18069A9B18F4
:2048A00000261A9A35009A4208DD012221001A981140C61A144201D135000E0001239C4393
:2048C000002D09D01F330093002301951A003A490498FFF7F5FE0500059B002B17D13033F7
:2048E00007933DE019000E3184E7102F90D130211170190017317DE70AAB019300973300F4
:204900000DAA0CA90BA8F6F7D1FC0700B4E730230793172104ABC9180B78002B0AD00023BC
:204920000122009304980192FFF7CAFE1A9B2D18013B1A93069B002B0DD00123019300236D
:20494000069A009304980AA9FFF7BAFE1A9B069A2D189B1A1A931B9B012B01DC1A9B1B9309
:204960001B9B39000193079B0D9A009304982300FFF7A6FE4519002E09D020230093002321
:204980000D491A0004980196FFF79AFE2D180B980EAB984201D00DF099F9280013B0F0BD73
:2049A00000263500B5E7059B002BF9D11E001D00D4E7C046F8CA020011810300F0B506006B
:2049C000140000258DB00F003B78002B14D1B94216D30B78002B00D13CE14B1C05932023CD
:2049E00000273022082104200793059B1B78002B10D10A2106932FE0252BE8D00137E3E73B
:204A00007B1A1A000593306873689847059B3900ED18DEE72D2B05D12C3B1F43059B01338F
:204A20000593E2E72B2B01D1293BF6E7202B01D10743F3E7212B01D10F43EFE7302B29D1D0
:204A400010331F430792E9E7069A4A43D318303B0693059B01330593059B1B781A00303A09
:204A6000092AF1D92E2B47D1059B5B782A2B13D000200A22059B01330593059B1B78190019
:204A8000303909290CD85043C018059B303801330593F2E70023ACE7059B01CC023305938F
:204AA000C343DB1718400990059B1B786C3B5A425341059AD31805931B780893002B00D1B7
:204AC000C8E0782B46D8572B1AD8472B3FD8442B40D9072307349C4303CC08F05FF8099BE2
:204AE000011C0293069B30000193079B089A00933B0011F0BDFF41E001235B420993D3E798
:204B000008985838202825D805F062F89200240024002400240024002400240024002400FB
:204B20002B0044008400E3FFE3FFE3FF240024002400240024002400240024009B004E00D3
:204B400024005F0024007A00240024009B00089B502B76D0012205993068736898470135A4
:204B60000DE008CC002B0DD0069B04220193079B3A4900933B003000FFF7A2FD2D18059976
:204B8000013120E7069B05220193079B344900933B00F0E708CC0BA90B70069B0122019361
:204BA000079B00933B00E6E70BA901CC0EF033FB099B0100013301D10B9B0993069B099ADA
:204BC0000193079B00933B00D5E708CC0893002B0ED0099B013303D1089813F0E5FF0990D1
:204BE000069B099A0193079B089900933B00C2E7069B06220193079B1A4900933B00BAE752
:204C0000069B01970393079B029361230093573B002208E0069B01220393079B01970293B2
:204C200061230093573B300002CC11F0B5FEA5E7069B01970393079B029341230093313B24
:204C4000E6E7069B01970393079B029361230093513BDDE728000DB0F0BDC04640820300BD
:204C6000458203004B820300F0B58FB007924268089394460368040003939B68043000932F
:204C8000634403600D0011F049FF0690606811F05BFF431C63600378A14A0193831C63607D
:204CA000437800210093C31C636083780493031D6360C3782000029323001033A360069B74
:204CC00014309A1893000593C318E360059B0C331A00099313F014FF009A069B9B1A049A5C
:204CE0000A939E1A371D009ABF000123E719AA4200D36EE0019A1A4207D12B00009A89491B
:204D00008948F3F787FAFBF75DFC009B03369900089BB6005918009BA619E81AFFF7BCFBCC
:204D2000009B043F7060089A09999B0061189B1804399A4200D079E0079B002B03D1019B3B
:204D40001B0700D4D1E00223019A00261A400B92019A1A4204D007980CF08CF90600386046
:204D60000027039BAD00DB680993089B5D19079B9F425ED10A9D029B05350399AD0003331A
:204D800062199B00CB181100029E002E00D07DE0059B029920338900E3185218934200D9E4
:204DA0007DE0009B143D9F00099B6519DF19049B9E4200D27DE065680DA80D9511F0AEFE72
:204DC00028180378451CFF2B00D09DE065600FB0F0BD019A1A4205D00336544BB600A619F6
:204DE000043F7360079B002B16D1019B1B0713D4009B029A9A1AAA4216D8029B009A5B19D4
:204E00009B1A039A9B00D3182A0005991C31611800980433824201D32B0084E79000DE6859
:204E200040420E500132F3E72B0068E701CA48617EE7009B049800221B189C46296894455A
:204E400005D80B9B002B1CD1CA0839490EE0099B90001858884212D1069B013B9B1A9B00F7
:204E6000E3185A69002A05D0CA0832492E48F3F7D1F948E76A685A610137083577E701323C
:204E8000DDE730006A680CF01EF9F5E70868002801D118680860013E0431043B75E70432C6
:204EA000111F0968002900D078E79A1A22499210DCE72A69002A10D10820019B396803422D
:204EC0000FD0029B039804339B0018580430ECF7C9FD002805D043682B610136043D0437B5
:204EE00065E73A681549D208C0E7049B002B02D01348F2F72DFD019B9B0700D45BE70498EB
:204F00000CF0B8F8386056E7069A561EF61AB600A6197069F5F76EF97061280051E7C04614
:204F2000FDFFFF3F2E64030014AD020004E40200676403008864030074820300A682030014
:204F4000D6820300F7B50191114904001600002511F013FD7368AB4204D820000D4911F0F3
:204F60000CFDF7BD002D03D020000B4911F005FD019BAF00DA590949200011F0C4FD330018
:204F8000083301222000D959EEF706FC0135E1E7B1210300652B03003A210300FD82030034
:204FA000F0B50F00002585B011001E000222104B039000953800FBF725FBB81C80000CF073
:204FC00056FE0400039B013F0360336847608360AF4202D8200005B0F0BD0135AB00F0589D
:204FE0000021F1F7CBFE2300AA0008339850EFE7FFFF0000F0B5304B8FB007AE013800933B
:20500000043107230196FBF72DFB0023B0682B4F0393B84203D0EEF78BFCC3B20393706918
:205020001825B84202D00FF0CBFF45B2B0691924B84202D00FF0C4FF44B23069B8420DD05D
:20504000022105AAEEF73AFD059B18680FF0B8FF059B45B258680FF0B3FF44B201210E005E
:20506000A022AE40A140164BD205D75815483E430590D650D6588E43D650134A0321855024
:20508000C450280013F0E5FB2000032113F0E1FB079905A804F0AEF90A9B039A089905A856
:2050A00004F0B8F90799094804F026FE084B0130188002480FB0F0BD98E5020054E20200B9
:2050C00014050000002000400C050000C83200002A2F002010B5EEF7B9FA034B002800D12F
:2050E000024B180010BDC046E4D00200DCD00200F7B50D0014001E00002A07D0EEF7A6FAA3
:20510000002805D10B230124336064422000FEBD2E00013C6419EEF7A5FA330030700136B4
:205120009C420FD0084B1B8801930CF02AFB0700EEF78CFA0028EED10CF023FB019BC01B1D
:205140008342F5D8741BE1E72A2F00200021F0B5070087B0816411F077FDFB693C6ABB6367
:205160007B6AFC63002B05DA3A00062140321170013306E0002B07D03A000521403211701E
:20518000013B7B6207B0F0BD002833D0BB6A002B30D13900043340310B703A6BA94B786B3E
:2051A000D3185B001B5A013C9C42EBD017D9F96A8A4207D3083149000CF077FDFB6A786333
:2051C0000833FB623B6B5A1C3A637A6B5B009C527B6ACDE7013B3B637B6A013B7B623B6B39
:2051E000984A9A185200125A9442F3D3CAD002230B70C7E73C69631C03D1002340373B709C
:20520000C0E7380011F053FD0490002800D130E13B00403305930023059A13703B69752BF1
:205220005BD0622B4ED17B69722B5BD10224049B01930B23390040310A78002A59D10B7068
:20524000002C07D0380011F0CFFC022C02D1380011F0CAFC27223B690292222B00D1029313
:20526000380011F0C1FC0123029A03933B6993420BD113007A69934207D1380011F0B4FC01
:20528000380011F0B1FC0323039300263C69631C00D1E5E0039B012B02D10A2C00D1DFE029
:2052A000039B9E4228D33800310044300FF0B8FD0121380011F0C8FC380011F0F8FC002870
:2052C000ACD15FE7722B10D1049B7A69019301240A23622AAED12419ABE701240A230022D7
:2052E0000192A7E701240B23F9E700240A230194A0E79A42A4D045E7029BA34209D13800DD
:205300001900443001360FF0FEFC380011F06CFCBCE75C2C00D09DE0380011F065FC019B81
:205320003D69002B06D038005C2144300FF0EBFC2C006AE0782D07D85B2D0BD8222D4BD0E8
:205340002AD8019E0A2DE0D02C00303C072CEAD803256FE028005C381C28F5D804F024FCE0
:205360003CF4F4F4F40F28F4F4F430F4F4F4F4F4F4F42CF4F4F426F42A322EF46100072406
:205380003B0040331B780A2B60D13800210044300FF0B9FC0026B8E7552D13D0D4D8272DBB
:2053A0001AD04E2DD0D12848F2F700FB0D24E7E70824E5E70924E3E70A24E1E70B24DFE7BA
:2053C0000C24DDE73B0040331B780B2B06D138005C2144300FF097FC2C00D1E70426752D20
:2053E00000D0B61900240EE0380011F0FDFB3D692800EEF7BBFF002800D151E128000CF00F
:20540000ABFA24012418013EEED20026631C00D17BE788235B039C42B2D30122059B1A70F6
:20542000B8E70226DEE7380011F0DEFB3969E40030390C197B69303B072BE6D8013D002D10
:20544000F1D1E2E7FFFFFF7F42830300FF2CE4D80B2BE2D13800E1B244300FF04BFC99E7A8
:20546000039B9E4200D31EE73B00032240331A7019E72000EEF762FF041E04D138695F28F4
:2054800001D07F2841D93E0007233C004036337044343B692000D9B20FF02CFC380011F096
:2054A000A3FB3869431C1BD120000FF011FC002405007E4FA3002800F95813F06BFB002893
:2054C0001CD10D34E4B23470102C00D05AE6784BA8331A680F23002A00D0023B337051E6B5
:2054E000EEF72CFF0028D4D138695F28D1D07F28CFD8EEF72FFF0028CBD1D5E7002800DA23
:2055000040E60134222CD5D13CE6EEF723FF00280FD03E00396940362E2916D109233370A9
:205520003D00443528000FF0EEFB380011F05CFB32E03B692E2B04D17869EEF70BFF002839
:20554000E7D1002602235B4D4BE0082333703029E6D17A6918331343623B0120162B02D83A
:20556000554ADA40904301244440D9E7002C17D1030020229343452B12D13C3B6521337014
:2055800028000FF0C0FB380011F02EFB396902220B002B3B9343C5D03869431CE6D1F1E598
:2055A000EEF7CCFE002805D039692E290BD109233370B7E73869EEF7CDFE0028F4D13B691B
:2055C0002E2BF1D0DEE50B00202293434A2BA9D1EDE7633C9C43E4B2624254412D1901363E
:2055E00001352C78002C02D03A69A242F1D1380011F0FAFA002C02D101234037FFE5212C92
:2056000008D13B693D2BF7D1380011F0EDFA40374123F4E5320001352E2C1ED13C003B6978
:2056200040342E2B02D17B692E2B02D04A232370A8E5380011F0D8FA380011F0D5FA0C23EC
:20564000F5E76B783969013699420FD1380011F0CBFA3200652C0BD002352C78022123003A
:20566000633B8B43DBB2002B02D1EAE7632CF3D1124B9B5C3A004032190013700422914379
:20568000422901D0442B03D1BB6A0133BB6279E5432902D0452B00D074E5BB6A013BF5E7A3
:2056A0000122059B04001A706AE6C046E4E50200582B00200183030001204000B3830300B4
:2056C00010B5EEF79BF9054905F0E4F80323020002209A43024B1043C01810BDE02E65424C
:2056E0000000808010B5EEF789F9054905F0D2F80323020002209A43024B1043C01810BD05
:2057000035FA8E3C0000808010B5EEF777F9011C05F094FB024B002800D1024B180010BD5D
:20572000E4D00200DCD0020010B5EEF767F9440064080849201C05F081FB002805D1054901
:20574000201C04F029FC002801D0034810BD0348FCE7C046FFFF7F7FDCD00200E4D002004F
:2057600010B5EEF74BF9034B034002201843024BC01810BDFCFFFF7F0000808010B5EEF718
:205780003DF9440064080849201C05F057FB002807D10549201C04F0F5FB002801D103489C
:2057A00010BD0348FCE7C046FFFF7F7FE4D00200DCD002001FB500230193EEF71FF901A956
:2057C00007F0E2FC0322030002200749934303435B180293019B934303435B1802A90393CA
:2057E000FEF75AFE05B000BD0000808070B50D00EEF704F9041C2800EEF700F905F034FB8C
:205800000100201C07F09CFC0323020002209A43014B1043C01870BD000080801FB50023FA
:205820000193EEF7EBF801A907F066FC032302249843074B2043C018029001980FF031FCFE
:2058400002A903902000FEF727FE04B010BDC0460000808070B50D00EEF7D0F8041C280022
:20586000EEF7CCF8011C201C07F080FE0323020002209A43014B1043C01870BD00008080E6
:2058800070B50D00EEF7BAF8041C2800EEF7B6F86400C00FC307600818430323022498437D
:2058A000014B2043C01870BD0000808070B50D00EEF7A4F8041C2800EEF7A0F8011C201C63
:2058C00007F026FE0323020002209A43014B1043C01870BD0000808010B5EEF78FF807F0BA
:2058E0000FFA0323020002209A43024B1043C01810BDC0460000808010B5EEF77FF807F015
:20590000E7FD0323020002209A43024B1043C01810BDC0460000808010B5EEF76FF807F029
:20592000B7FD0323020002209A43024B1043C01810BDC0460000808010B5EEF75FF807F049
:205940003FFD0323020002209A43024B1043C01810BDC0460000808010B5EEF74FF807F0B1
:20596000F1FC0323020002209A43024B1043C01810BDC0460000808010B5EEF73FF807F0F0
:205980002FFB0323020002209A43024B1043C01810BDC0460000808010B5EEF72FF807F0A3
:2059A000BBFD0323020002209A43024B1043C01810BDC0460000808070B50D00EEF71EF890
:2059C000041C2800EEF71AF8011C201C07F018FE0323020002209A43014B1043C01870BD57
:2059E0000000808010B5EEF709F80021041C04F0BFFA002802D00748F1F7E4FD201C07F0C9
:205A000057FE0323020002209A43034B1043C01810BDC046DD8303000000808070B5060030
:205A200008680D00EDF7EAFF0021041C04F0AAFA002802D01848F1F7C5FD201C07F0B4FD5B
:205A4000041C012E06D1032302209C432043134BC01870BD6868EDF7D1FF0021051C04F079
:205A600091FA0028E6D1FE21281C890504F07AFA002803D00A490B480CF0CDFC281C07F0C2
:205A800093FD011C201C04F03DFD0323020002209A431043DBE7C046DD830300000080804A
:205AA000142E0300C8AD020010B504000C200CF0DEF8034B4460036001235B42836010BD9D
:205AC00030E80200F7B505002C200E00170001930CF0DFF80400057086608781072D01D0B7
:205AE000012D10D1337872780A3B1B0213439BB2E381019B20206375042363840CF0B7F82C
:205B0000A0622000FEBD014B5B5DF1E7EF8303000722436804481B791340044AD35C002BA8
:205B200000D003487047C046E4D00200DB000020DCD0020010B50124037A05499B005A582C
:205B40000448224200D10448A243CA5010BDC046AC2C0020E4D00200DCD0020070B5037AA8
:205B6000064D04009B00585940080FF09AFA0122237A9B0059590A405A5170BDAC2C002080
:205B800030B5A222A025D200ED05AA580723CA401100164C0340E056421EC90700D5421C4E
:205BA000022A0ADC002082421ADB1149CD5C854201D0C8540230E25430BD072A09DD0C2A21
:205BC00010DC0B490320CD5C002DF4D10238C854F1E707490320C95C0029ECD10800EAE7C2
:205BE0000200E8E703200C22E5E7C046E3000020DB0000201D4B70B559791879FFF7C0FF0E
:205C0000022805D11A490B689A1C012313430B60184B59791879FFF7B3FF022805D1144948
:205C20004B689A1C012313434B60134C2000F6F773F8124D854203D161792079FFF7A0FFFD
:205C40000F4C2000F6F768F8854203D161792079FFF796FF0B4C2000F6F75EF8854203D18E
:205C600061792079FFF78CFF70BDC046A0D80200AC2C0020A8D802000CD9020068CD0200EB
:205C80005CD902006CD90200072203791340014AD05C7047DB000020004870470148E80134
:205CA00010B5EDF745FE80F31088014810BDC04654E2020010B50C000FF030FA631E1842C4
:205CC00007D00200230003490348F2F7A3FAFAF779FC10BDF68303008CAD020070B5060096
:205CE00014000800002A0FD07168042A10D1FFF7E1FF7368012B03D0022B07D0006800E09B
:205D000000780FF0CEF90400200070BD0088F8E7FFF7D0FF05002000EDF736FE7268054C60
:205D2000012A03D0022A03D02860EDE72870EBE72880E9E754E2020010B54A680249D2005C
:205D400010F0E1FE10BDC0461E840300F8B50E0005001400FAF7F6FC330003272B433B42ED
:205D60000BD1BC4209D931002800A20802F0E6FD2300BB43ED18F6183C40002C04D02200BD
:205D80003100280012F0BCFA80220449D2008B58002BFCD0FAF7C6FCF8BDC04600E00140C8
:205DA000BFF34F8F024B034ADA60BFF34F8FFEE700ED00E00400FA05F0B595B018220021F5
:205DC00004000EA812F09CFE13210EA812F009FC03210EA812F0B7FC464B1B68002B00D1DD
:205DE0000133DBB2009300210123434A09A803F011FAFA239B009C429B411C4072B63F4B4E
:205E000064211D683E4B2000059303F075FF05261030704328180A210690200003F06CFF33
:205E20000A2104F04FF8103171436918200007910A2104F047F810314E43AD19802600240E
:205E40000895B601009B002B52D004AD0027032C02D180260024B6016B682A4A029363006C
:205E6000D3180022019258780299095C039119788C461021604601410398014204D00120CF
:205E8000904001990143019101320633092AEAD1019B2A68D9431C4B09011940029B9342E2
:205EA00024D1312F22DC002109A812F017FDFA23139A0F99DB001068014219D0013B002B4F
:205EC000F9D1FA23013401377600E4B25B009F42BDD1043508ABAB42B8D1064B1B68002B37
:205EE000B0D0009B013BDBB20093ABE73143DBE7FFF756FFB82C0020F0FF0000680000209D
:205F0000648403002E840300F01F00000200F0B500281CDD0F4C013A276811000020BE09ED
:205F2000FB0F73407B403E097D087340BF087B406B40DF072F433B00012540002B40E940B0
:205F400018430029EBD18242E7D32760F0BD0248FCE7C046B42C002017FCFFFF01230C4A91
:205F600070B513600023A12504211E000948ED0046604468002CFCD054591B02013923436B
:205F80000029F5D104490B600123536070BDC04600D00040FCD00040B42C0020014B186070
:205FA0007047C046B42C0020020010B5014B12CB12C210BDBC2C0020034B1A68034B1A60F3
:205FC0007E225A607047C04668000020BC2C002070B5051E14DD0B4E0B4C3368002B02D099
:205FE000206812F04FFAFA2120680024074B89008361C4626943356012F056FA200070BD42
:206000000348FCE7C42C0020F42C0020B960010017FCFFFFF8B5114F05003E68002E0AD116
:20602000302012F0E2FC040002F090FD0C4BA6612360E6623C600B4E3368002B09D11020BF
:2060400012F0D3FC040012F07CFA2000346012F052FA2800FFF7BCFFF8BDC046F42C00201D
:206060002CEE0200F02C0020014B18687047C046C42C002070B50D4C2368002B03D00C4BD1
:206080001B68002B02D10620FFF7C4FF206812F049FA02000749C3170D684E68521973415D
:2060A00020680A604B6012F043FA70BDF02C0020F42C00201801002010B5FFF7DBFF002469
:2060C000054BA200D058002802D003681B68984701340A2CF4D110BDC82C002010B5FFF713
:2060E000C9FFFA22034B920018685968002303F067FF10BD1801002010B5FFF7BBFF024B57
:206100001868596810BDC046180100200B4B10B51B680400002B03D0094B1B68002B02D1BD
:206120000620FFF777FF0023064A99008858002801D00133F9E78C5010BDC046F02C0020E9
:20614000F42C0020C82C0020002310B5044A99008C58844201D00133F9E70020885010BDC8
:20616000C82C002010B50400002902D00B78002B03D1034B2360200010BD10F04AFFFAE7DD
:2061800054EA0200014B03607047C04654EA020010B50548054C206010F0B4FF2000044A0F
:2061A000044912F017FC10BD54EA0200F82C00200000002005700200084B73B51D68040091
:2061C000002D0AD001002E6808220831684612F07BFC0CCC28003168884773BDFC2C0020B7
:2061E00010B5054C0121200010F080FF2000034A034912F0EFFB10BD002D002000000020E9
:20620000A9700200074A030010B50120934208D0834202D00020DB0703D41E20FFF7CCFD0F
:20622000002010BDFFFF00000048704716FCFFFF10B53220FFF7C0FD004810BD16FCFFFF75
:2062400082801422002310B541620F4C0100083404600E240281123A837182720363838627
:2062600036310A78C360A243036143618361C36103620A70021DD38701224287034AC26367
:2062800002004032137010BD74EA020001000100F0B5564E0500376897B0002F00D090E035
:2062A00006AC0B231C222121200001F0BDF80B231D2222210AA801F0B7F80B231B22232107
:2062C0000EA801F0B1F8082012F08FFB01223B001100049011F003FF3A21280011F000FE32
:2062E00000281CD0A38812AFBB80A379A268BB713F4B5C2012930E23E3561492A289BB73FD
:20630000BA8112F072FB04230193363300933A002900049B040001F0FFFC346051E0322112
:20632000280011F00DFE00281BD0A38812AFBB80A379A268BB712E4B5C2012930E23E35699
:206340001492A289BB73BA8112F04FFB042301932E3300933A002900049B040001F080FE93
:20636000DBE73C21280011F0A3FD002834D0362202AB9B8E12AFBB8002AB9B181B780832B2
:20638000BB711B4BA420129302AB9B18109A1B781492059202AA928F5BB2BA81BB7312F0E3
:2063A00024FB052304000293013B0193383300933A00049B290001F0CFFB0E4B346044340D
:2063C0001C600C4B094C1868002802D0216811F03DF8206817B0F0BD442012F006FB0422D3
:2063E00004990400FFF72CFF97E7C046042D002064EA0200082D0020F0B56349C56885B0AE
:206400008D4258DA030036331C7802222300134014425BD1026901928A4265DA02003632EC
:20642000127852076AD4426902920200029C40328C4270DA010036310978090775D4002B65
:206440007ED113789C46002B16D00100061DF38F363101339BB2F3870391097801270C001E
:206460003C40394200D188E01D2B05D9039BB94319700023F387137010F093FE434A07233B
:20648000904277D94249043B8D4273DBC8220133920095426EDC0198023B88426ADB013B01
:2064A000904267DC02980433884263DB0023904260DD06335EE0C822002352009542A9DD89
:2064C000030036331A7800239207A3D4012306001F00363632785408A7433C0002279C40A5
:2064E000BA432243327095E7C822019C5200944299DD020036321278520794D40123060018
:206500001C00363632789708BC43A7000424A2433A43327087E7C821029C49008C428EDD61
:20652000010036310978090789D40100012636310B78DF08BE430827F600BB4333430B70F7
:206540001378032B00D97CE70133DBB21370012B03D10021031DD98773E7042B00D070E7B1
:20656000020036321178033B0B43137000230430C3870B33180005B0F0BD092B00D87BE752
:206580006346F487013B76E770FEFFFFFF700200E0FCFFFFF0B5040087B0C06806F086FA09
:2065A000060020690F0006F081FA6369029003911800009306F07AFA02000190802000068C
:2065C0000B1805913000390006F036FF06F0E6FAE062051C06F0B6FE0490281C06F000FDC0
:2065E000051C049806F092FA32003B0005F02AFC0600281C0F0006F089FA019A059B05F0D2
:2066000021FC02000B003000390005F087FE0B0002000298039906F00FFF06F0BFFA009BDC
:20662000051C002B06DCA0620223A2791343A37107B0F0BD002103F0AFFC0B4E002811D1FA
:206640000A4F281C06F062FA02000B003000390005F064FE32003B0004F0B6FC06F09EFADD
:20666000A062E1E7024FECE7EA2E4454FB21F9BFFB21F93F0048704716FCFFFF10B533202D
:20668000FFF79AFB004810BD16FCFFFF002310B50400838083710D48216408302060802035
:2066A000C000A061E061206211002000E360236163616362A362E36223636363A363E363F3
:2066C000636410F07AFE200010BDC046A8EA0200F0B5544E0500376897B0002F3DD10B2357
:2066E0001C22212106A80AAC00F09EFE0B231D222221200000F098FE0B231B2223210EA86F
:2067000000F092FE082012F070F901223B001100049011F0E4FC1D21280011F0F9FB0028FF
:2067200024D0A38812AFBB80A379A268BB713E4B602012930E23E3561492A289BB73BA819A
:2067400012F053F905230193183300933A002900049B040001F0B4FB3460344B314A1B689A
:206760001068002B00D0436417B0F0BD3C21280011F0FEFB00281BD0A38812AFBB80A379B6
:20678000A268BB71284B602012930E23E3561492A289BB73BA8112F028F90523019337333E
:2067A00000933A002900049B040001F0FBFCD3E73C21280011F07CFB002829D0362202AB7B
:2067C0009B8E12AFBB8002AB9B181B780832BB71154BA420129302AB9B18109A1B7814922F
:2067E000059202AA928F5BB2BA81BB7312F0FDF8052304000293013B0193383300933A00FF
:20680000049B290001F0A8F9084B1C604434A3E7482012F0EAF8052204990400FFF736FF0E
:206820009AE7C046082D002064EA0200042D002030B504258379040085B02B421BD10368D4
:20684000DB699847200010F0F2FDA37903222B43A37168460123A18810F016FCA079FB23FF
:20686000020080079B00C0171840044BAA43A271C01805B030BD0248FBE7C04614FCFFFFBC
:2068800015FCFFFFF0B5040089B0406C10F043FD071C606C10F032FD02222100061C05A8E9
:2068A00010F0D6FD069804F0FFFA051C079804F0FBFA0390381C06F045FD041C381C06F048
:2068C0008FFB0190301C06F03DFD0290301C06F087FB211C071C039803F0DCFF0199061C46
:2068E000281C03F0D7FF011C301C04F0F9F8061C059804F0D9FA391C03F0CCFF0299071CE6
:20690000281C03F0C7FF211C03F0C4FF011C381C03F05AFC0299041C039803F0BBFF019930
:2069200003F0B8FF011C201C03F04EFC311C06F0EFFD0F4903F0AEFF06F0E8F80D4A0E4B6A
:2069400004F07EFE06F02AF9011C0C4804F0C8F80021041C03F00CFB002804D0201C0449C9
:2069600003F032FC041C201C04F07EFA09B0F0BD0000B443EA2E4454FB2119400000B442B6
:206980001FB50122010001A810F062FD029804F08BFA041C019804F087FA211C06F0B8FDCE
:2069A0000D4903F077FF06F0B1F80C4A0C4B04F047FE06F0F3F80021041C03F0D9FA002883
:2069C00004D0201C074903F0FFFB041C201C04F04BFA04B010BDC04600003443EA2E445427
:2069E000FB2109400000B44310B5837904005A070DD49B0701D4FFF71BFF636C2000002B93
:206A000002D0FFF73FFF10BDFFF7BAFFFBE70148F9E7C04615FCFFFFF0B587B001930EABAB
:206A20001B88060003930D9B0D000093019B0C9F0292002B3AD0002F02D1009BDB0735D536
:206A4000282011F0D2FF0400103010F013FB029B18202580638011F0C8FF0500009B0822DB
:206A60000593019B002103600C30049712F048F8082204A9281D12F027F80D4B02226B61C0
:206A800000230399E3602362636233680A43300021005B68A560A2809847002806D020008A
:206AA00011F006FB2821200011F09BFF07B0F0BD3575020030B54260002283600C4B0400D9
:206AC0000160C260186887B090420DD00592C03202926A46074904AB049122CB22C2230078
:206AE00003220521FFF798FF200007B030BDC046FC2C0020F96A010082B0F0B50400EDB0D0
:206B000064207393729211F017FE052210A8110011F059FB954911A801F058FD192500224F
:206B200021AB013D1A605A609A600C33002DF8D11522290014A8139511F0E2FFA06811F039
:206B400068F8FF210A90A06800F032FB884FA06800F0BEFA049508950995854B9F4203D017
:206B6000844B9F4200DBF7E0A06811F0A0F8A56881491AA8FFF7F6FA78221AA9280000F01E
:206B8000EDFA1AA810F03EFA0023794F04930326099B606801333340099310F09AFB050020
:206BA000606810F09DFB0022744B05929D420FDB013205922A00C8320ADBAA2204219200DE
:206BC0000591954204DC0596C82D01DC0222059200220692984210DB012306930300C83306
:206BE0000BDBAA2304329B000692984205DC03230693C82801DC013B069310A811F0DAFAD0
:206C00005F4B00251E00079313ABEB5C012B05D172783178FE3310A801F06CFC01350236A3
:206C2000192DF1D16B4618229A5E6B4610A81421595E099B01F05EFC002F02DB049B0F2B40
:206C400007D90023A0681A007430009310A911F0C1FA13AE079B059A1B78934221D1079B65
:206C6000069A5B7893421CD13378012B19D00C23089A0CAD53432800002221680B9310F08E
:206C8000E7FB21AA94460B9B634407CD07C301233370089B0133DBB20893049B0133DBB25C
:206CA0000493079B374A0233079301369342D1D1642011F041FD089B643F3FB2182B00D888
:206CC0004BE71A0021A91AA810F023FE6A461DAB23CB23C21B6813601A991B9A1C9B2068D3
:206CE00010F07DFBE568002D0CD0274912A8FFF739FA1C2328001AAA12A911F0C0F812A81A
:206D000010F080F9A06810F0D2FF11A912A8A56811F048FA00221D4B009212A901932800CA
:206D2000130000F0F1F912A811F02FFAFA20800011F002FDA06810F0BAFF0A99A06800F08C
:206D400037FA11A811F021FA10A811F01EFA6DB0F0BC08BC02B01847002F03D0049B0F2BE3
:206D600000D014E7A06800F0B3F910E74F8603008C3C0000D18AFFFF9486030058FDFFFF44
:206D8000A9860300DB86030044860300DC050000F0B5040085B0637A9C46002B04D12000F2
:206DA00010F0D5FD05B0F0BDA37A266F01931023019AF35600259B1801229A402900F368E9
:206DC00003920293029BAB4231DDB068019B6843C01873694000E77A1A181B5C5078E27971
:206DE000012F14D1571E3F1A18003B004243606F52008218D2189379634500DD6346627B1C
:206E00001A4202D00123AB4019430135DAE7022F07D0032FEAD1277A013FFF1A03003800B8
:206E2000E4E7571EFB1A277A013F381ADEE71123C943F356606C994023691940039B1943F8
:206E400011F04CFDA27B072AACD8637B0C495B006373531CDBB290004158A373022A03D870
:206E6000080011F05EFC96E7064B2000236300236363054BE4622364143011F015FB91E768
:206E8000D4EA0200916D01003979020070B50400104B250008330360FFF756F9200074302F
:206EA00011F073F92000603011F06FF92000583010F0A8F82000503010F0A4F8064B14352E
:206EC0002800636111F0DEFA280001F055FE200070BDC046F4EA02002CEE0200F8B5002560
:206EE0000400324B8580083303608571143016000F0001F02BFE20002D4BE56263612564C9
:206F00005030FFF73FF920005830FFF73BF92000603001F0E9FA20000423F25E33682667AE
:206F2000590009B2743011F04EF93368226FE37173680126237210236581A7802561D3564B
:206F400091685918994204DD3000984001330543F8E711230120D356D1685918994206DDC2
:206F600002009A402669013332432261F6E7142011F03BFD226900212A430123060002F0FB
:206F800049F9FF23220063720133A381002348326664A37320001370A366FFF7B7F801234C
:206FA000A27920001343A371F8BDC046F4EA020040EE0200F0B5437A040085B0002B04D1C6
:206FC000200010F0C4FC05B0F0BD837A066F01931023019AF35600259B18012294469A40A3
:206FE0002900F36803920293029BAB422DDDB068019B6843C01873694000E77A1A181B5CF2
:207000005078E279012F10D1571E3F1A18003B004243606F52008218D2189379002B02D0E8
:207020006346AB4019430135DEE7022F07D0032FEED1277A013FFF1A03003800E8E7571EF3
:20704000FB1A277A013F381AE2E71123C943F356606C994023691940039B194311F03EFCD7
:20706000667AB31EDBB2FC2B14D8FEF7FDFF0C4B0500236300230B4863630B4BFF21704387
:20708000E462236402F038FE290041432000143011F00AFA637A012B00D994E790E7C0460B
:2070A0004F790200B6030000397902001FB5012381881A0068460FF0E7FF012368461A00FF
:2070C00002490FF0E1FF05B000BDC046FE0300001FB5030048331A780400002A0DD00022FC
:2070E0001A70012381881A0068460FF0CDFF012368461A0003490FF0C7FF2000743011F084
:2071000059F81FBDFF03000073B5079C0500002C1CDB060048363078002802D03078012856
:2071200016D106981BB2C0B20090280012B2743011F050F8002C07D02B004A331C800024B7
:2071400007234C352C803370200076BD014CFBE7014CF9E717FCFFFF12FCFFFFF8B50400B8
:20716000171E1DDD060048363378002B02D03378012B17D12200E3795632013B137023000D
:207180000025200054331D8050300FF057FF23004A331F80022328004C3425803370F8BDA8
:2071A0000148FCE70148FAE717FCFFFF12FCFFFFFF2902D84172002070470148FCE7C0469E
:2071C00017FCFFFF13B5040004A800780090200011F0C1F8002801D1207516BD0048FCE7B7
:2071E0000EFCFFFF13B5040004A800780090200011F099F8002801D1207516BD0048FCE7C8
:207200000EFCFFFF7FB50D0011000F226A4404001E1E117015D0089B002B12DD0123290085
:207220000093FFF7DFFF002808D10090320029002000089BFFF7C6FF002800D0024804B087
:2072400070BD0248FBE7C0460EFCFFFF17FCFFFF10B5040086B0006C01F08CFD217BA02273
:207260008B00E05000200C4BD20098500B4A14309850636C68465B7CC91849B210F068FD0C
:20728000039B019A03211A60207B0130C0B202F02FFD217306B010BD0070004004050000EB
:2072A00082B070B50400002588B00C920D93636C9A68AA420ADD197C02A8491949B210F098
:2072C00047FD069B039A01351A60F0E75D7C237B02A8ED186DB2290010F03AFD039A059BC3
:2072E00000211A60019202A8182211F009FC02A80022290011F07AF9206C002802D008215E
:2073000011F06FFB082011F070FB2900060001F00BFD094B2000E3620023FA212363074B77
:207320002664A462E3631030090111F0BDF808B070BC08BC02B0184751720100FB7C020081
:20734000F0B504000E00150085B01F000CAB1B88103001930FF08EFE26806580182011F090
:2073600044FB0826050032000AA902A811F0ACFB2800320000212F600C3011F0C1FB32002F
:2073800002A9281D11F0A0FB064B022220006B6100230199A5600A43E360A2802362636242
:2073A00005B0F0BD117D0200F0B5040087B010300D0001F0CBFB0023184AA3622261184A88
:2073C000E36316686564237323606360A3609E421FD0144A28200492059311F006FBC023B9
:2073E00002936B46070004AD06CD06C3230006210222FFF7A5FF3368390030005B68984745
:20740000002806D0380010F053FE2821380011F0E8FA00232000236407B0F0BD40EE020023
:20742000FC2C0020A172010030B5002403730123034D84710560818082734373846030BD26
:2074400064EA020070B583790400DB0705D58068002802D0182111F0C4FAA3799B0705D589
:20746000A068002802D0182111F0BBFAA3795B070AD5A0230021174AA068DB00D1508842AB
:2074800002D0083111F0ADFA0826A379334209D0A568002D06D0280010F02CFF31002800E5
:2074A00011F09FFAA379DB0605D5A068002802D00368DB6898476023A2791A4205D0A068F5
:2074C000002802D003685B6898470023A360A37170BDC04600700040F7B50126037B040033
:2074E00033422CD0827961231100194001911A4216D1FFF7A7FF182011F077FA0E230500E1
:20750000E356677B18220199009311F0F9FA3A002800009911F06AF8A379A5603343A371EC
:207520006023A279A0681A4202D010F02CFFFEBD436940681B681840431E9841F7E7014801
:20754000F5E7C04616FCFFFF012210B583794173134204D0806811F0F6F8002010BD602232
:20756000134203D0806810F015FFF6E70048F5E716FCFFFF10B5002903DB024B196010F044
:207580003DFF10BD0C2D002070B504001D0004AB1E7801F097FA20000E4B40302360FEF71B
:2075A000F1FD2300220001354C331D700023E1215832013616700A3AA36463651380538071
:2075C0009381D381013B200063644902FFF7D2FF200070BD68980200F7B580277F053E6941
:2075E0007C690822113C744305002100684611F06BFA104B009A9A4219D00093002301933A
:20760000796928001339714310F0CAFB019A2800009910F0DDFB2100280010F0C1FB796980
:207620002200133928007143B30810F0C3FB0198FEBDC046FECA0000F0B50D00ABB0002137
:207640000D920700302212A81E0011F059FA280011F0AAFA431C0C93102B00D9B9E0202E40
:2076600000D9B6E02900380010F0D9FB0B90002854D129000C9A12A811F026FA32000D99FC
:2076800016A811F021FA80235B051A695D690B92113D6A4338005E690D92FFF79DFF0D9B54
:2076A00030220833002104001EA80F9311F028FA31000B9B13395943380010F071FB002307
:2076C0000F9E0C930E930C9BA34247DA310030221EA811F0F9F912A91EA811F05BFA0028D5
:2076E0002CD13E49380022001091119410F070FB6A46099615AB23CB23C223CB23C223CB58
:2077000023C23800149B1299139A10F06FFB01230E930C9B303601330C93D4E70B980D9932
:207720003200103011F0C2F9302104000B9811F058F9002C9DD120002BB0F0BD6A46099640
:2077400021AB23CB23C223CB23C223CB23C238001E991F9A209B10F049FBDAE7E643302102
:20776000F61726404E430F9B9E190E9B002B1CD10B9B981E02F036FAA0422CD017490134F2
:20778000380022001091119410F022FB6A46099615AB23CB23C223CB23C223CB23C238006C
:2077A0001299139A149B10F021FB38000D9910F0F7FA80235B0559690C230B9A133963434C
:2077C0004A433800110002330D9A10F0F3FA0024B1E7034CAFE7034CADE7C046FECA0000B8
:2077E00017FCFFFF13FCFFFF022802D10122014B1A707047AC2F002070B5064D04002B78A4
:20780000002B04D1044801F045F801232B70200070BDC046AD2F0020E977010070B50C004E
:207820000FF0EBFB002810D00023134DA40A2B70200010F02CFB002803D00A2010F07CFFA8
:20784000F6E72B78002BFCD070BD02210B4B0C4A99508021C90058580028FCD0A120C0003D
:207860001C5058580028FCD0002199508021C9005A58002AFCD0E7E7AC2F002000E00140F2
:2078800004050000F8B50D0016001F000FF0B5FB002811D00023184C23703A00310028008B
:2078A00010F0F3FA002803D00A2010F045FFF4E72378002BFCD0F8BD012380220F4C1049D6
:2078C000D2006350A358002BFCD08022D200002394469F4208DD980032582A506246A058BE
:2078E0000028FBD00133F4E7002363506346E358002BFBD0DFE7C046AC2F002000E00140EE
:207900000405000008B4024B9C46443808BC6047937E0200FA21F8B50389C90004005943BC
:20792000324810F0D7FBFA21890002F05BF9304FA17A2081380010F0CDFB23002600250068
:2079400022894C33A072A0361A808C3500232A223178286810F0B8F9002844D11F235B2265
:207960003178286810F0B0F900283CD120235C223178286810F0A8F9002834D101232C22B6
:207980003178286810F0A0F900282CD101232D223178286810F098F9002824D101232E2222
:2079A0003178286810F090F900281CD1A17A380010F08BFB0E22C3B23178286810F084F9BC
:2079C000002810D1FA21238989005943074810F07CFB012303432A2231782868DBB210F070
:2079E00073F9002800D00348F8BDC04614EB02000CEB02000EFCFFFF08B4024B9C464438B4
:207A000008BC604715790100074B10B51A00040008323C330260436444300FF09BFC20005B
:207A20000FF0AFFB200010BD74EB020008B4024B9C46443808BC6047097A010008B4024BF0
:207A40009C46443808BC60479D7E0200F0B50425837904008BB02B4204D100F0EBFBA37903
:207A60001D43A57120009030FFF736FD0026B0420FD12300A033197820000C2307AD009372
:207A80008C302B0001220068FFF7BCFB061E03D02C4E30000BB0F0BD0A2304AA9B182A788E
:207AA0005A706A781A700022985EAA785A70EA781A700022995E03912A795A706A791A7019
:207AC00000229F5EAA795A70EA791A7000215A5E04922A7A5A706A7A1A7000215A5E0592F2
:207AE000AA7A5A70EA7A1F251A7000229B5EA27A9C46039B504359425143CB172B405B182D
:207B00005B11A361C3172B40181864235743FA171540ED196A112262059A5B425343A36718
:207B200064236146049A40115A434B43E267221DE0612000D3670FF09FFB200044300FF0AE
:207B400011FCA6E70EFCFFFF08B4024B9C46443808BC60474D7A0100F7B51E00040008AB68
:207B60001B881500019309AB1A8800910AAB31001F88FEF765FB20003A0031004430FEF7FC
:207B800085FD134B20001A003C336364230008322260009A8C331A60AB8890308380AB79C9
:207BA00083710C4BAA6803600E23EB5682602200A9899C32118083732300019AA033032153
:207BC0001A80FFF7C1FC2000FFF7A4FE2000FEBD74EB020064EA0200F8B5FA260189B60007
:207BE00004007143254810F075FA310001F0FAFF234FA17A2081380010F06CFA2500A072D3
:207C0000583500232A222978606C10F05DF8002832D110232B222978606C10F055F8002819
:207C20002AD101232D222978606C10F04DF8002822D101232E222978606C10F045F80028C3
:207C40001AD1A17A380010F040FA0E22C3B22978606C10F039F800280ED1218907487143B5
:207C600010F033FA012303432A222978606CDBB210F02AF8002800D00248F8BDDCEB020045
:207C8000D4EB02000EFCFFFF10B50400034B083303600FF076FA200010BDC0463CEC0200DA
:207CA0007FB50425837904002B4204D100F0C2FAA3791D43A57120004830FFF70DFC00252B
:207CC000A8420DD1230058331978062302AE009301223300606CFFF795FA051E03D00D4D3A
:207CE000280004B070BD022200210420B256A37A30567156D20052425A4359434343DB00A0
:207D000023622368C90020009B6AA261E1619847E6E7C0460EFCFFFFF8B504000F0019008D
:207D200006AB1E8807AB15001A88FEF789FA0F4B6764083323602300AA8848339A80AA791B
:207D40009A710B4AA968A2640E22AA5621652100A889543108809A730023A37123005833A5
:207D60001E802000FFF738FF2000F8BD3CEC020064EA020010B50400034B083303600FF015
:207D8000E9FA200010BDC046D0EC0200F0B507005C370023040010223978806C87B00FF0E4
:207DA00093FF214D03002800002B3BD10F2602ABF6180123397808220093A06C3300FFF7AA
:207DC00021FAA8422DD003223378134203D0642000F0C0FAEAE7FA262189144DB600714315
:207DE000280010F077F9310001F0FCFE2081A02311223978A06C0FF067FF002811D1A36CFD
:207E000021890393714328003F7810F05EF901231843C3B21022390003980FF055FF0028C3
:207E200000D0014807B0F0BD0EFCFFFF70EC020070B508258379040086B02B4204D100F0A5
:207E4000F9F9A3791D43A57120004C30FFF744FB051E0DD023005C331978062304AE00931C
:207E600001223300A06CFFF7CDF9051E03D0134D280006B070BD0E2332786B445A70727845
:207E800020001A700022995E64224A43A263B2785A70F2781A700022995E64225242514358
:207EA0006163317959707179197000215B5E5A432368E2631B6A9847DAE7C0460EFCFFFF9E
:207EC000F8B504000F00190006AB1E8807AB15001A88FEF7DBFB0D4BA764083323602300FA
:207EE000AA884C339A80AA799A71094AA968E2640E22AA5661652100A889583108801E82E6
:207F000020009A73FFF742FF2000F8BDD0EC020064EA0200F0B5FA250189234FAD0085B078
:207F200004006943380010F0D5F8290001F05AFE1E4EA17A2081300010F0CCF8636CA0721D
:207F4000029323005833218901931B7869433800039310F0BAF807230343202203990298F9
:207F6000DBB20FF0B1FE00281AD1019B22221978606C10230FF0A8FE002811D1019BA17ADD
:207F800030001F78656C10F0A0F880235B420343232239002800DBB20FF096FE002800D06D
:207FA000034805B0F0BDC04604ED0200FCEC02000EFCFFFF10B50400034B083303600FF075
:207FC000E0F8200010BDC04674ED0200F0B504258379040085B02B4204D100F02BF9A379FE
:207FE0001D43A57120004830FFF776FA051E0DD0230058331978062302AE0093A822330065
:20800000606CFFF7FFF8051E03D0144D280005B0F0BD1F200023F25ED31703409B18022210
:20802000B15E5B11CA17024052180421775E3380F9170140A07A5B4243435211C9197280C6
:20804000491152424243B1804143E361236820009B6AA26121629847D8E7C0460EFCFFFFD2
:20806000F8B504000F00190006AB1E8807AB15001A88FEF7E5F80F4B67640833236023008F
:20808000AA8848339A80AA799A710B4AA968A2640E22AA5621652100A889543108809A735D
:2080A0000023A371230058331E802000FFF732FF2000F8BD74ED020064EA0200F7B5FA25A3
:2080C00004000189134EAD006943300010F002F8290001F087FD2700A36C208100935C3793
:2080E0003B7881B26943300001930FF0EEFF6022C3B2019900980FF0E7FD002807D101230E
:2081000062223978A06C0FF0DFFD002800D00248FEBDC046A8ED02000EFCFFFF10B50400D8
:20812000034B083303600FF015F9200010BDC046D0ED02007FB50825837904002B4204D1F1
:2081400000F078F8A3791D43A57120004C30FFF7C3F9051E0DD023005C331978062302AEC3
:208160000093E8223300A06CFFF74CF8051E03D00B4D280004B070BD0223F25E96235B42C7
:208180005A4362630021725E20005343A3630423F25E96235343E36323681B6A9847E8E706
:2081A0000EFCFFFFF8B504000F00190006AB1E8807AB15001A88FEF769FA0D4BA764083328
:2081C00023602300AA884C339A80AA799A71094AA968E2640E22AA5661652100A889583185
:2081E00008801E8220009A73FFF768FF2000F8BDD0ED020064EA020010B572B60B4B1C6822
:20820000002C08D020000FF0CEFE0023E364084B2000E36310BD62B65C2010F0E6FB5C228C
:208220000021040010F06CFCEFE7C046342D0020004000200300002210B504499400605871
:20824000002801D00132F9E7635010BD182D002010B50024084BA200D058002802D00368C2
:208260005B6898470134062CF4D1044B1B68002B00D120BF10BDC046182D0020302D0020CE
:208280000122F8B52C4B1B7813421CD02B4D2C68E36C134218D002273B43E364284B1E6844
:2082A0000423F26C30001343F364636BF3630FF091FE3000716C00F09CFA2868C36C3B42DB
:2082C00001D000F0D0FAF8BD1E4F1F4E3A683068002A0AD128601B0712D52C60FFF7B8FF7B
:2082E0003B68002BFAD02B600AE0216DB94219D1616D002900D1110029602A688242EAD08C
:2083000029688C42DFD0336899420DD10F4B4B630F4B8B6320000FF05DFE296820004B6CC9
:20832000626C06E02A60E8E79C42F3D1002210004B6C00F01DFAC6E7AE2F00203C2D00206B
:20834000142D0020302D0020382D0020FC3F00200780020070B5114B04001A7801231A423F
:2083600002D110F0E9F970BD0D4A1568EA6C1A4206D0FFF741FF0B4B1860002800D00500BE
:20838000FDF7ACFE2418AC6428000FF00CFE280005490FF0F6FDFFF773FFE4E7AE2F00202A
:2083A0003C2D0020142D0020102D0020F0B5124E03003278022A1BD081421BD90C1A072C9D
:2083C00018D90D0005430327280038403D4211D172B6BA40094DA4085351AA18516080224F
:2083E000120614431C6033780133337062B6F0BD0348FCE70348FAE7B02F0020402D002065
:2084000013FCFFFF17FCFFFF70B5134C05002378124E002B0CD1124912483370FFF7C6FF9F
:20842000114B984202D11E20FDF7C6FC0123237000243378A34209DD0C49E3002800C918AD
:208440000FF0E7FD002805D10134F2E71420FDF7B3FC002070BDC046AF2F0020B02F002006
:2084600000380020E02F002017FCFFFF402D002010B5002817D000220F4B19780F4B9142C9
:2084800015DD1C6884420FD25C6884420CD9041F2368002B02DC1E20FDF78EFC80232268B0
:2084A0001B061343236010BD01320833E7E71E20FDF782FCF7E7C046B02F0020402D002099
:2084C0000268084B406810B5C018C000101803009A4205D81C688C4202D31800083BF7E796
:2084E00010BDC046FFFFFF1F014B03607047C046FCED020030B500684488A1420CDA858847
:20850000AA4209DA002907DB002A05DB6243401880188371002030BD0048FCE717FCFFFFA5
:20852000F0B507000E001D0085B0002921DD002A1FDD002B1DD00468638803938B4200DD33
:208540000391A3880293934200DD0292002306340193019B029A93420ED029002000039ABF
:2085600010F0B2FA3B68AD195B88E418019B0133EEE7024805B0F0BD0020FBE717FCFFFFA3
:20858000F8B504000D0016001F00002901DB002A02DA0D4B2360F8BD100048430630FFF786
:2085A00033FF20600EF0ABFD23685D809E80002F06D03B00320029002000FFF7B1FFEAE7AB
:2085C00020000FF0F7FDE6E7FCED0200F7B507000D1E03D1244B03603800FEBD002408002D
:2085E0002600210001940378002B1AD03022524294469C446246092A11D90A2B0AD1019BFE
:20860000361901330193B14200DA3100002426000130E8E7002CFBD000240136F8E70124A5
:20862000F6E7019A380012B209B2FFF7A9FF012149420E000A203B689A1D2C78002CCBD0C3
:208640002300303B092B08D8CB43DB170B4043431B19303B19000135EFE74B1CFBD0117030
:2086600031000132F7E7C046FCED0200F0B5040087B004A80E001D000192FDF795FC23686D
:2086800001995A88914233DA9B889D4230DA1F2E2ED9059B00939E422ADC0521203E4E43F0
:2086A0000021049B9B190393039B6E185B5C02930023019AD718226850880090B8420EDDBC
:2086C0009088B0420BDD0098D2197043121810201841029F3840471EB84140429071013391
:2086E000052BE6D101310529DED1002007B0F0BD0048FBE717FCFFFFF7B5036806009F1DEC
:208700005B880D005A1A0192002919DD0024994203DB0FF04FFD002013E033689B889C426C
:20872000F9DA79193800019A10F0CEF9019B2900F8180FF031FD336801345B88FF18ECE79B
:208740000048FEBD17FCFFFF10B50548054C20600EF0D8FC2000044A044910F03BF910BD94
:20876000FCED0200502D0020000000208B810200002815D0006041608260C3600461456125
:208780008661C761444604624C464462544684625C46C462644604636E464663744684634B
:2087A000002A06D0C46B043C043A25681560B442F9D18C6BA6464E6BB546002B06D0CC6B7B
:2087C000043C043B1D682560B442F9D10C6BA446CC6AA3468C6AA2464C6AA1460C6AA046F9
:2087E000CF698E694D690C69CB688A68086849687047006041608260C3600461456186612A
:20880000C761444604624C464462544684625C46C462644604636E46466374468463C46B82
:20882000043C043925680D60B442F9D1C7698669456904697047006041608260C3600461A5
:2088400045618661C761444604624C464462544684625C46C462644604636C4644637446CF
:20886000846304697047846BA646446BA546046BA446C46AA346846AA246446AA146046A2F
:20888000A046C769866945690469C3688268006841687047014B18607047C046542D0020B9
:2088A00080B2002807D1BFF34F8F034B034ADA60BFF34F8FFEE7704700ED00E00400FA0525
:2088C00002210B4B0B4A10B599508021C9005C58002CFCD0A124E400185158580028FCD050
:2088E000002199508021C9005A58002AFCD010BD00E00140040500000323020098409A4388
:2089000015331840E7338340814030B5146809489C4309190124084B1C508024E4001D5984
:20892000002DFCD011601A59002AFCD000221A5030BDC0460405000000E0014070B5012570
:2089400080260D4B0D4CF6001D519D59002DFCD0802592001218ED00091A904205D1002232
:208960001A515A59002AFCD070BD0E5806605E59002EFCD00430F0E700E001400405000004
:208980000120054B10B51A7850401870034B1B68002B00D0984710BDB12F0020582D0020DA
:2089A000F0B5224B85B01B78DAB20192002B3BD01F4D204E2B685C425C413268E4B2002A86
:2089C0002CD003A80FF0ABFC05282BD0002819D000221100FFF764FF002CF2D1164B03A989
:2089E0001B880B80154B1F6838000FF09AFC052810D000280AD000221100FFF751FF002CE1
:208A0000ECD1DEE7039833689847E5E738002B689847F4E7002C07D1019CD2E7002B03D016
:208A2000019CDBE7002CFBD005B0F0BDB22F00205C2D0020642D00202C2F0020682D0020F3
:208A4000074B10B51B68002B07D09847002803D000221100FFF724FF10BDFFF7A1FFFBE70F
:208A6000602D002070B504000D0016000021102210F046F8054B320029002000236100F02D
:208A800021FB034B20001C6070BDC046A08601006C2D002010B50400016100F0CBFA014B91
:208AA0001C6010BD6C2D002070B5054D04002B68834203D0016900F0BDFA2C6070BDC0463E
:208AC0006C2D002010B5040000F006F8014B2000236010BD0CEE02000C4B70B5036000236C
:208AE00043608360C360036243628363962304009B01051DC363280000F020FC28002200BE
:208B0000034900F0B7FC200070BDC0461CEE0200C183020010B50400044B083303600FF00C
:208B2000B1FC200000F028F8200010BD24EE020010B50400044B03600FF0A4FC200000F02D
:208B40001BF8200010BDC0462CEE0200084B10B508330360002343608360C360040000F07D
:208B6000B3F8044920610FF073FD200010BDC0464CEE02005F85020010B50400034B0833A6
:208B800003600FF0F9FC200010BDC0464CEE0200054B10B51B68002B04D1192218210348F8
:208BA00000F0CCFB10BDC046102F0020082F0020030010B50020022B0ADD0021064A033BCA
:208BC0009B0098589950884203D003685B68984710BD01204042FBE7702D002070B50D0036
:208BE0001400022810DC0F4B1B68002B01D1FFF7CFFF2E19B54205D029780B4800F08AFC30
:208C00000135F7E7200070BD084B03388000C058002803D003681B689847F4E70120404287
:208C2000F1E7C046102F0020082F0020702D002010B50C0002280BDC0C4B1B68002B01D12A
:208C4000FFF7A6FF0A480FF059FE2070012010BD084B03388000C058002803D003689B68C4
:208C60009847F4E701204042F1E7C046102F0020082F0020702D0020030010B50120022B30
:208C800008DD064A033B9B009858002803D00368DB68984710BD01204042FBE7702D00203F
:208CA000030010B50020022B08DD0648033B9B001858002803D003681B69984710BD01206C
:208CC0004042FBE7702D00200048704760EE020010B502480FF0C5FC10BDC04660EE020032
:208CE0000848026803210A4302600749074A084B9B1A03DD043BC858D050FBDC05488047F4
:208D00000548004724050040888703000000002014010020F19A010015010000FEE7FEE783
:208D2000FEE7FEE7FEE7FEE770B50E000E4C05002100300000F0CCFE28600022A256531CF1
:208D400001D1002302E0B2420CD1A368A02201200649D2002B7188506A221B021343044A9B
:208D60008B5070BD0C34E8E77CEE020000700040040500000B4B0C4910B55A580B4C2240DC
:208D80005A5002795C58120222435A5080200122C0001A6019581142FCD1A122D2009858C4
:208DA00080B210BD0070004004050000FF00FFFF01704B1C0AD001238B404360044BC36048
:208DC000044B0361044B4361044B83607047C046080500500C050050100500501405005072
:208DE000F7B5A223A022DB00D205D358BE220193314B5200995800293FD0C12189005958DC
:208E000000293ADA0024E025C0269C50ED00B6022A4BA700F85800282CD0294BE35C002B07
:208E200017D0019B0121E3400B4227D02300A022C133FF339B00D2059B589B039B0F032B40
:208E40001CD0204B1B68E3400B4217D01E4B1B689847A023DB05FF187A5932420AD07A5968
:208E60001A490A407A51019AE240D3071FD57A5932437A5101341F2CCAD1F7BD019B01224E
:208E8000E3401342E5D12300A021C133FF339B00C9055B589B039B0F032BDAD10C4B1B6883
:208EA000E3401342D5D0084B02211B68D0E78022795992020A43DCE700600040782E002067
:208EC000B32F0020FC2E0020F42E0020FFFFFCFFF82E002030B5040008004D1C1CD00F4828
:208EE00021600260BE2200200D4C5200A0500D4A8D00AB5001220C4B5A54C12280239200D5
:208F00001B06A350094B0A4C99580C40C02109042143995040221A6030BDC046F42E00200A
:208F200000600040782E0020B32F002000E100E0FFFF00FF9446A022F0B50468E020D20587
:208F4000A300C0009B181A581E4D1F4E2A401A5060461E4D32682F68002822D0012919D16D
:208F6000A1401143316031682A6801200A43E24002420ED0A021A222C905D2008958F13225
:208F8000E140FF32014219D0C0219858890201439950F0BD0229E6D10120A0403843286037
:208FA000E1E7012903D1A1408A433260DBE70229D9D10120A04087432F60D4E7802198586E
:208FC000E4E7C046FFFFFCFFFC2E0020F82E00200368074A9950074AFC33196A002902D094
:208FE000002018627047013A002AF6D10120F9E71C050000A186010010B50368002A03D07D
:20900000802202209200985001221C001A62084AFC34E068002806D00020A322E060D20098
:209020009B580B7010BD013A002AF2D10120F9E7A186010010B50B4C02680B4BA14205DC04
:209040000A498160CC214904D15010BD084CA14204DC084981608021C904F5E706498160F1
:20906000CD21F9E78FD0030024050000A08601007F1A060090D00300801A060070B50400A5
:20908000080019001300A025C026C133FF33F600ED059B005E510300C133FF339B005E5126
:2090A000A1252368ED005A51054A98502000FFF7C1FFA02305212268DB00D15070BDC04618
:2090C0000C050000F8B50E001500040000F0FAFB264AF1B21378D8B2012B1DD153788B42EC
:2090E0001AD19778EBB29F4216D16073204B19000022FC312360657126718A62A021C90005
:209100005A501C4920005A5001325A502A003100194BFFF7B3FFF8BD184BE8B21F78012FB9
:2091200009D15F788F4206D19F78874203D102236373134BDBE71778002F05D101231370CC
:20914000637351709070D1E71A78002A04D101321A7059709870EAE70A480FF013FA00234F
:20916000FC222360657126719362FFDED22F002000300040FC0F0000A0860100D62F002027
:2091800000400040DB860300036800221900FC3110B58A62A021C9005A5006495A50013207
:2091A0005A5005220421825641568368FFF766FF10BDC046FC0F0000036800211A00FC3252
:2091C00010B5916001315961074B9168002905D000240473FFF7D8FF200010BD013B002BE8
:2091E000F3D10120F9E7C046A1860100036810B51900FC318A6A0020012A08D1044C1C5929
:2092000088625A610238A40701D40120404210BDC40400000261064A10B54260054A0173DA
:209220008260054A190002600FF035FB10BDC046040500501005005000070050002330B563
:20924000124AD35683421DD00123D35683421BD00223D356834214D10223190045310C48DA
:209260000C4CFF3189000C5001210D005C00601C8540A140A120084C2943C0002150FF2102
:20928000D15430BD0023E8E70123E6E7EB00002000600040031F020000F00140A8200121EF
:2092A00010B5124A124B1488C00059601C50548810481C509088A922D200985080220820A8
:2092C0009200985080200932FF32000398500A4A1078A222D2009850084A1088084A98509F
:2092E00000221960FC331A6510BDC046D200002000A0004044050000EE000020D000002039
:209300004C050000012310B50A4ADC0014598C4207DD013BDB00D3185A680168064BCA502C
:2093200010BD0133112BF0D180210268024B4905D150F5E7D0EE020024050000F8B50F00E7
:2093400016000122244BBA400360A023234CDB05195905000A431A518022195912060A434E
:209360000121B1401A511A598A4396211A511A598901520052081A51FFF7C4FF00220420FA
:209380002B6817495A506C3958500121996019601900FC31CA6013495A506A6014391F3271
:2093A0005A5011495F5009185A501E517B1C03D0032138000FF04DFA731C03D003213000FE
:2093C0000FF047FA0122094B29001A60084807320FF07AFBF8BDC046002000401405000002
:2093E0006C0500001C0500000C050000102F0020082F0020962310B5DB00994205DC9E2140
:209400000268034BC902D15010BDFFF77BFFFBE7240500000168034B002A01D1CA507047DC
:209420000E22FBE76C050000C1230E4A9B00D15810B5090603D50C49096A002908D1D35808
:209440005B0704D5084B0021DB68002B01D110BD0121064B18680028F9D0054B1B689847BA
:20946000F5E7C04600200040FC200040042F0020002F0020034B1960436803499B00CA5039
:209480007047C046002F0020042F002003681E4830B51818444260414000002A1CD00029E1
:2094A00011D0012914D0FF21C024C500A940174AA40013598B43C021A9400B43135101232C
:2094C0008340136030BDC122042192009950EAE7C12280219200F9E7002909D00129F1D131
:2094E000C2228021920099509B585B07EAD406E0C2220421920099509B581B06E2D4012301
:209500008340034AD367DDE700E0FFBF00E100E004E100E003681A00FC32106A0128FCD1F6
:2095200000201062014AC9B2995070471C05000070B51E00A02305001400DB00002E14D006
:2095400000224068C250082902D00E480FF01AF8032C0DD86400A0230B48DB00002E0CD052
:20956000022269680C50CA5070BD0268D650EAE706480FF007F80024EDE7296801220C509E
:20958000F1E7C046EC8603005405000005870300036810B55A1C0CD0A0200022164CC0000A
:2095A0001A50164AA14205DC80218904995001221A5010BD124CA14202DC8021C904F5E743
:2095C000104CA14202DC80210905EFE70E4CA14202DC80214905E9E70C4CA14202DC802155
:2095E0008905E3E70A4CA14202DC8021C905DDE780210906DAE7C0468FD0030024050000C7
:209600001FA107003F420F007F841E00FF083D00FF117A00F7B5009308AB1B7805005BB26D
:209620000F0016000193013359D1624B1A78022A40D15978FAB291423CD19978F2B29142B2
:2096400038D1DA786B461B789A4233D101235A4C037201235B426B600122002357493800A2
:209660002C6063506250A021C130FF30C90580004250534827500098009FC130FF3080004F
:209680004250A120C00027503000C130FF3080004350A221C90066502100FC31CB60A02161
:2096A0004848C90063502350625028004649FFF76FFFF7BD454B1A78D1B2022A0FD1587829
:2096C000FAB290420BD19878F2B2904207D1DA786B461B789A4202D13D4C2972B9E73B4B43
:2096E0001A78002A51D10232F9B21A705970F1B2997069460978364CD9702A72019B013347
:20970000A7D001235B4218C5012100232B4A3800A350A150A022C130FF30D2058000835052
:209720003000C130FF30800083500098C130FF30800083500198C130FF3080008350A222AB
:20974000D200A7501E4A0098A650043AA050214A0198A0502200FC329360D362A722D20015
:20976000A1501032A1501C491C4AA1501C491D4AA150802204219200A150A0221149D20014
:20978000A35063500233A35093E70A4B1A78002A0CD102321A70FAB25A70F2B29A706A4601
:2097A0001278054CDA7001232B72A7E70E480EF0E9FEA3E7D22F002000300040FC0F0000D4
:2097C0000C0500005405000040420F00D62F00200040004014050000DB2F0020440500005D
:2097E000DA2F0020340500001687030003681A00FC32D0680028FCD105481950D16801296E
:20980000FCD10021D160A322D20098587047C0461C050000A023F0B5274DDB00EA5885B096
:2098200001920022A024EA50E023E405DB00E25801260292214A0420E2507833E158039180
:20984000E250A1238022DB00D205E250E6500FF069F8A222D200A3589B0F334227D0A35854
:20986000334224D00120A023E0220299DB05D2009950039978329950A023019ADB00EA50C1
:2098800005B0F0BD0E4B0420F7500FF04BF8A123DB00F75004200FF045F8A223DB00F3582F
:2098A0005B00DFD4013C002CECD12000DBE7A02613240127F605F5E7004000400D06000003
:2098C0000C050000A023E021134ADB05C90010B55A5078315A50114B00221900FC31CA60FD
:2098E0000A62A1211E20C9005A500D4A0D4C9850CC200D4A40049850A2200C4AC000145046
:209900000B480C4C145001205050A0220521D2009950FFF77FFF10BD0C0600000040004001
:209920000C050000384100402405000000F00140140500001C400040012380200D4910B56F
:209940008B640D4B0D4A8000D867146D0C4B002C04D0002414651A6801321A60094A106043
:209960001868A923DB00CB58010C9BB20004184310BDC0460090004004E100E0FC900040B0
:20998000142F002000E100E0F8B50F4C636C002B0FD000270D4E67643378BB4209D00C4B9D
:2099A0001D68FFF7C9FF2D1ABD4202DC3770FFF78FF9236D002B05D0064A13680133136019
:2099C00000232365F8BDC046FC900040DC2F0020182F0020142F002070B51B4D287800280B
:2099E00031D10121194B1A4A596050608020C005016051680029FCD000221649A2205A50B1
:209A000004240121C000D9601C5008381A501248C2261A50C12280209200000398508020A1
:209A2000400298500D4AB60090590D4C0440C020000220439051C02480206400800010517A
:209A400010601960297070BDDD2F002000900040FC000040040500004C05000000E100E004
:209A6000FF00FFFF044B10B51B78002B01D1FFF7B3FFFFF761FF10BDDD2F0020104B70B5CE
:209A80001B780400002B01D1FFF7A6FF0D4D0E4E2B78002B02D03368A34210D0FFF74CFFA0
:209AA000201A0A2803DCFFF747FF0A30040001232B70A823054A3460DB00A4B2D45070BDF2
:209AC000DD2F0020DC2F0020182F00200090004010B50400431C07D00EF071FF0400431C28
:209AE00002D102480EF04EFD200010BD27870300224970B50B68DBB2012B03D120480368FF
:209B00001B070DD08022A3230021D205DB00D1501C4B9960013191609A68002AFCD070BD42
:209B2000194AF0231468E02625001D40344221D1164C24681C420DD1154B164C1C60802437
:209B4000154B24021C600B68DBB2012BDAD103681B07D7D11368F0221340402BD2D10B4BB3
:209B60001B681342CED18022C1230121D205DB00D150C7E7302DDBD0ECE7C046E00F00F085
:209B8000E40F00F0FC000040E80F00F0EC0F00F004050040DFFF07C0186C0040014B186856
:209BA0007047C046202F002002B4714649084900095649008E4402BC7047C04602B4714610
:209BC00049084900095C49008E4402BC7047C04603B47146490840004900095E49008E4426
:209BE00003BC7047002243088B4274D303098B425FD3030A8B4244D3030B8B4228D3030C8D
:209C00008B420DD3FF22090212BA030C8B4202D31212090265D0030B8B4219D300E0090AD0
:209C2000C30B8B4201D3CB03C01A5241830B8B4201D38B03C01A5241430B8B4201D34B0313
:209C4000C01A5241030B8B4201D30B03C01A5241C30A8B4201D3CB02C01A5241830A8B426B
:209C600001D38B02C01A5241430A8B4201D34B02C01A5241030A8B4201D30B02C01A524146
:209C8000CDD2C3098B4201D3CB01C01A524183098B4201D38B01C01A524143098B4201D36C
:209CA0004B01C01A524103098B4201D30B01C01A5241C3088B4201D3CB00C01A5241830896
:209CC0008B4201D38B00C01A524143088B4201D34B00C01A5241411A00D2014652411046EA
:209CE0007047FFE701B5002000F0F0F802BDC0460029F7D076E7704703460B437FD4002244
:209D000043088B4274D303098B425FD3030A8B4244D3030B8B4228D3030C8B420DD3FF2235
:209D2000090212BA030C8B4202D31212090265D0030B8B4219D300E0090AC30B8B4201D30E
:209D4000CB03C01A5241830B8B4201D38B03C01A5241430B8B4201D34B03C01A5241030BE6
:209D60008B4201D30B03C01A5241C30A8B4201D3CB02C01A5241830A8B4201D38B02C01A8A
:209D80005241430A8B4201D34B02C01A5241030A8B4201D30B02C01A5241CDD2C3098B4228
:209DA00001D3CB01C01A524183098B4201D38B01C01A524143098B4201D34B01C01A5241CA
:209DC00003098B4201D30B01C01A5241C3088B4201D3CB00C01A524183088B4201D38B0002
:209DE000C01A524143088B4201D34B00C01A5241411A00D201465241104670475DE0CA0F28
:209E000000D04942031000D34042534000229C4603098B422DD3030A8B4212D3FC228901A8
:209E200012BA030A8B420CD3890192118B4208D3890192118B4204D389013AD0921100E0E0
:209E40008909C3098B4201D3CB01C01A524183098B4201D38B01C01A524143098B4201D3B7
:209E60004B01C01A524103098B4201D30B01C01A5241C3088B4201D3CB00C01A52418308D4
:209E80008B4201D38B00C01A5241D9D243088B4201D34B00C01A5241411A00D201466346BD
:209EA00052415B10104601D34042002B00D54942704763465B1000D3404201B5002000F087
:209EC00005F802BD0029F8D016E770477047C0468446100062468C461900634600E0C04668
:209EE0001FB501F04BFF002801D40021C8421FBD10B501F09BFE4042013010BD10B501F0CA
:209F00003DFF002801DB002010BD012010BDC04610B501F033FF002801DD002010BD012024
:209F200010BDC04610B501F0C3FE002801DC002010BD012010BDC04610B501F0B9FE00285C
:209F400001DA002010BD012010BDC046844608006146FFE71FB500F059FC002801D40021AF
:209F6000C8421FBD10B500F0E5FB4042013010BD10B500F04BFC002801DB002010BD0120D8
:209F800010BDC04610B500F041FC002801DD002010BD012010BDC04610B500F0F1FB00284C
:209FA00001DC002010BD012010BDC04610B500F0E7FB002801DA002010BD012010BDC04668
:209FC000002B11D1002A0FD1002900D1002802D00021C943080007B4024802A140180290AF
:209FE00003BDC046E9FEFFFF03B4684601B5029800F01EF8019B9E4602B00CBC7047C04644
:20A000009E2110B5C905041CFFF7D0FF002803D1201C00F029FF10BD9E21201CC90500F033
:20A020005FFD00F021FF80231B069C466044F2E7F0B557464E464546DE46E0B504000D0066
:20A040009246994683B08B4230D82DD04946504602F04AFE29000600200002F045FE331A14
:20A060009846203B9B4633D45A465346934042461F00534693401E00AF423AD8AF4200D1BD
:20A0800078E05B46A41BBD41002B00DA75E0002200230092019301235A46934001930123F6
:20A0A00042469340009328E08242CFD900220023009201930C9B002B01D01C605D6000985F
:20A0C000019903B0F0BCBB46B246A946A046F0BD424620239B1A5246DA40414613004A46B0
:20A0E0008A40170042461F43534693401E00AF42C4D900220023009201934346002BD9D0B5
:20A10000FB0772081A4346467B080EE0AB4201D1A2420CD8A41A9D41012024196D41002119
:20A12000013E24184D41002E06D0AB42EED9013E24196D41002EF8D1009801995B46001951
:20A140006941002B24DB2B005A464446D3402A00E2401C005B461500002B2ADB26009E4071
:20A16000330026004746BE403200801A9941009001919FE7A342BCD883E7424620230021DE
:20A180009B1A0022009101920122DA40019286E7424620239B1A2A0046469A402300F34021
:20A1A000444613432A00E2401C005B461500002BD4DA42462F002023260097409B1ADE40FE
:20A1C0003B003343CDE7C046F0B5C64643025B0A4E0245004F00DA00C40F9C46700A9046F6
:20A1E00000B52D0E3F0EC90FB6098C424BD0EA1B002A36DD002F61D0FF2D00D1ADE08023D3
:20A20000DB041E431B2A00DCD3E001204346181A430100D48CE080018709380002F046FD4C
:20A2200005388740854200DCB6E02D1AB3483840430704D00F230340042B00D0043043011D
:20A2400000D478E06A1CFE2D65D08001430A9C46D2B26346D0051843E407204380BCB84657
:20A26000F0BD002A35D07A1B002D00D0AFE04346002B00D1A7E0531E012A00D12FE1FF2A2F
:20A2800069D01A00AAE0E91B002970DD002F37D0FF2D62D08023DB041E431B2900DCB0E040
:20A2A00001204044430143D50135FF2D33D00123934A0340400810401843B9E7002E00D162
:20A2C00083E0511E012A00D1D8E0FF2A45D00A0098E7FE276A1C174200D086E0002D00D0FA
:20A2E000B7E04346002B00D1F3E00022002EB0D0981B430100D4FAE043460C00F01A97E7DD
:20A30000002E00D1C8E04A1E012900D1AEE0FF2923D01100C1E70023FF229C4699E7FE210C
:20A320006A1C114277D0FF2AF5D0150046447008430700D07EE7C308FF2D0ED05B025B0AE2
:20A340009C46EAB285E7002E07D08022D203134203D0104201D10C000300002BDBD08020C6
:20A36000C00318434002430A9C46FF2271E70029D5D07A1B002D60D14346002B24D0531EFB
:20A38000012A73D0FF2AE7D01A001B2A00DC85E001203D00801985E720233A00451B380057
:20A3A0000135EA405D1BA840431E9841002510433EE7202330009B1A31009840D140431E63
:20A3C0009841084322E70C0003001500B4E7FF2FC1D080234046DB04184380461B2A51DD36
:20A3E00001200C003D00301A12E743469F1B7B012BD4002F00D010E70023002400229C46B1
:20A4000027E7202332003000CA40591A8840431E9841104345E7002D4AD14346002B63D05C
:20A420000022002E00D114E730004044430100D47EE7324B013518407AE7FF2F8CD0802336
:20A440004146DB04194388469FE743460C00F71AE3E64246002A00D075E7002E00D07AE73A
:20A460008023DB0300249C46FF22F2E6300040440125430100D45BE7022518E74346012553
:20A48000981BC5E6202344464046D4409A1A9040431E98412043A4E70D004DE72023414640
:20A4A0004046D1409A1A9040431E9841084370E74246002A00D14FE7002E00D14DE7802217
:20A4C000D203134200D148E7104200D045E7030043E7002E90D00C0084460022B9E6434629
:20A4E0000C00F01A013593E684460022B1E6002800D01DE7002300249C46AAE6FFFFFFFB67
:20A50000FFFFFF7DF0B54F464646D6464502C0B547000C1C6D0A3F0EC60F002F00D170E0CB
:20A52000FF2F00D175E0EB008025ED041D43002399469A467F3F6002430A984663001B0E2D
:20A54000E40F002B4ED0FF2B46D04246D0008022D2040243904600227F3B3100FF1A4B46DD
:20A560006140C9B213430F2B00D9B5E06E489B00C3589F460023984626004546924653464D
:20A58000022B00D189E0032B00D19EE0012B18D03B007F33002B69DD6A0704D00F222A4085
:20A5A000042A00D004352A0103D5604B1D403B008033FE2B00DD70E0AD016D0AD8B202E084
:20A5C0000E0000200025C0052843F6073043E0BCBA46B146A846F0BD4346002B3FD1022272
:20A5E000FF3F03E04346002B2DD1012231004B466140C9B213430F2B34D84D489B00C358A0
:20A600009F46002D13D104239946033B00279A4691E7002D05D108239946063BFF279A462D
:20A6200089E70C239946093BFF279A4683E7280002F03CFB7627431F9D4000237F429946F8
:20A640009A463F1A77E7404602F030FB4246431F9A4076235B4290461B1A00227DE7FF2313
:20A6600003227AE70E00FF200025ACE70120C01A1B28A6DC9E372A00BD40C2406B1E9D414A
:20A6800015436B0704D00F232B40042B00D004356B0144D50120002595E7FF20002592E743
:20A6A00080250026FF20ED038DE7002398468020C003054209D04346034206D14546054350
:20A6C0006D022600FF206D0A7DE78020C00305436D02FF206D0A76E742466B0150018342D4
:20A6E00019D21B220025013F01261C006D005B00002C01DB984201D81B1A3543013A002AF5
:20A70000F3D15A1E93411D433B007F330E00002B00DD41E7AAE71A2201251B1AE4E7AD01FD
:20A7200000206D0A4FE7C04658EF0200FFFFFFF798EF020070B5420045024E024C00C30F64
:20A740006D0A0120120E760A240EC90FFF2A06D0FF2C03D0A24201D1B54206D070BD002DDD
:20A76000FCD1FF2CFAD1002EF8D18B4206D00120002AF3D12800431E9841EFE70020EDE741
:20A7800070B5420045024E024C00C30F6D0A120E760A240EC80FFF2A1BD0FF2C0ED0002A36
:20A7A0001BD1002C01D1002E1CD0002D0CD083421CD00221581E0840013870BD002E22D173
:20A7C000002AF4D1002DF2D10028F6D101204042F3E7002D17D1FF2CF0D0002CE7D1002E1C
:20A7E000E5D1E6E70020002DE7D0E2E7A24205DCEADBB54202D8E7D30020DEE743425841F1
:20A8000040000138D9E702204042D6E770B5420045024E024C00C30F6D0A120E760A240E39
:20A82000C80FFF2A0BD0FF2C0DD0002A1FD1002C16D1002E14D10020002D10D009E0002DB2
:20A840000CD1FF2C13D1002E08D1002A08D0834212D00221581E0840013800E0022070BD13
:20A86000002DF4D10028FAD101204042F7E7002CEDD1002EEBD1ECE7A24205DCF2DBB54242
:20A8800002D8EFD30020EAE74342584140000138E5E7C046F0B54F464646D6464402450055
:20A8A000C0B5640A0F1C2D0EC60F002D00D18DE0FF2D00D192E00023802099469A46E4003A
:20A8C000C00404437F3D7802430A98467B001B0EFF0F002B00D170E0FF2B00D186E0424625
:20A8E000D00080227F3BED180023D204024390469C4631004B467940681C0F2B1CD8764A44
:20A900009B00D3589F4639004446E2465346022B0FD0032B00D1D7E0012B37D100200024CE
:20A92000C0052043C9070843E0BCBA46B146A846F0BDFF200024F3E7260C2404220C444677
:20A940002404240C434627001B0C574374435A435E4312193B0C9B189C4203D98022520264
:20A96000944666443F041A043F0CD2199401671EBC411B0C920E9B1914439B011C431B01BC
:20A9800000D49BE0012362081C40144302007F32002A64DD630704D00F232340042B00D037
:20A9A0000434230103D502004C4B80321C40FE2ABFDCA401640AD0B2B2E74346002B3DD109
:20A9C0004A4601331A4391469C4692E7002C29D104239946033B00259A4674E7002C1BD142
:20A9E00008239946063BFF259A466CE74346FF35002B0BD102234A461A4391469C4678E7C7
:20AA000053463100022B00D083E792E703234A461A4391469C466CE70C239946093BFF25F7
:20AA20009A4650E7200002F041F97625431F9C4000236D4299469A462D1A44E7404602F05F
:20AA400035F94246431F9A4000232D1A90469C46763D4EE780240021FF20E40360E70123C4
:20AA60009B1A1B2B00DD59E722009E30DA4084401300621E94411C43630704D00F23234056
:20AA8000042B00D0043463011AD50120002447E78020C003044209D04346034206D1444608
:20AAA000044364023900FF20640A39E78020C003044364023100FF20640A31E7280065E7A9
:20AAC000A4010020640A2BE78020C00304436402FF20640A24E7C046D8EF0200FFFFFFF7C6
:20AAE000F8B5CE46474643025B0A4E02DA009446720A914645004A0080B52D0E1F00C40F16
:20AB0000120EC90FB609FF2A5BD0012041408C4239D0A81A00285ADD002A6AD0FF2D00D12F
:20AB2000D9E08022D20416431B2800DCE9E001206346181A430100D4B4E0800187093800B2
:20AB400002F0B4F805388740854200DCCCE02D1AB5483840430704D00F230340042B00D0B6
:20AB60000430430100D4A0E06A1CFE2D00D18DE08001470AD2B2D0053843E4072043C0BCAA
:20AB8000B946B046F8BDA81A8046002845DD002A70D0FF2D00D19EE08023DB041E434346E8
:20ABA0001B2B00DCD2E00120604443017AD50135FF2D6BD001239D4A03404008104018438B
:20ABC000C8E7002E20D08C4223D02800FF38002839D0571B002D00D09DE06346002B00D1C6
:20ABE000DBE07B1E012F00D10DE1FF2F71D01F0098E0002E00D1A7E0421E012800D1E6E066
:20AC0000FF2868D010008FE701204140A14200D07FE7FF2040428046A8444046002838D08B
:20AC2000511B002D00D1AEE0FF2A00D1DFE080236046DB04184384461B2900DCD9E001201C
:20AC400015008019B1E7FE206A1C104271D1002D00D0A6E06346002B00D1D9E00022002E45
:20AC600000D188E7981B430100D4E1E063460C00F01A6FE7002E00D1B7E00200013A0128F7
:20AC800000D19CE0FF2826D0904688E7FF22002771E7FE206A1C104264D0FF2AF6D0150037
:20ACA00066447008430700D056E7C308FF2D12D05B025F0AEAB25EE76246002A00D196E082
:20ACC000002E08D08022D203134204D04846104201D10C004B46002BD8D08027FF031F43A1
:20ACE0007F02FF227F0A46E720233A00451B38000135EA405D1BA840431E98410025104375
:20AD000028E720231B1A32009E40C2403000431E984110430CE7FF2ADBD080236046DB04EE
:20AD2000184384461B2F56DD01200C001500301A00E763469F1B7B013DD4002F00D0FEE62B
:20AD400000240022002716E70500AFE7320043464146DA4020235B1A9E403000431E984192
:20AD6000104321E7002DA7D16346002B59D00022002E00D1FFE630006044430192D52A4BDC
:20AD8000013518408EE76346002B47D04B1E012915D0FF292BD019004EE70C004B463D0002
:20ADA00084E76246002A8BD1002E92D180270024FF22FF03DFE663460C00F71ABFE630001B
:20ADC00060440125430100D46CE70225F2E663460125981BAEE6202364466046FC40DF1B60
:20ADE000B840431E984120439FE705005EE74B4671E7202365466046CD40591A8840431EC8
:20AE0000984128431CE763460C000125F01A91E6002E95D00C004F460022ACE64B460D0009
:20AE200044E74F460022A6E6FFFFFFFBFFFFFF7D002800D036E7002400279CE643024A02BF
:20AE4000400049005B0A520A090E000EFF2806D00020FF2902D1531E9A4110007047FE3822
:20AE6000002BFBD1F4E7C04641024200C30F490A0020120E7E2A03DD9D2A02DD094A9818DF
:20AE80007047802000040143952A07DC9620821AD1404842002BF3D10800F1E7963A914014
:20AEA000F7E7C046FFFFFF7FF8B5002813D0C317C6185E40C40F300001F0F8FE9E23050074
:20AEC0001B1A962B0FDC082801DD083DAE407602760AD8B202E0002400200026C00530434A
:20AEE000E4072043F8BD992B0CDD05223100121AD1400A00010030001B318840411E884196
:20AF000002431600052D12DC31000D4F3940720709D00F203040042805D004314A0102D567
:20AF20009F2339405B1B89014E0AD8B2D6E76A1F96403100024F39407207F4D0E9E7C046CA
:20AF4000FFFFFFFB70B5051E0ED001F0AFFE9E2304001B1A962B0CDC082801DD083CA5405B
:20AF60006D026D0AD8B201E000200025C005284370BD992B09DD020029001B3291404A1E83
:20AF800091410522121AD5400D43052C12DC29000C4E31406A0709D00F202840042805D032
:20AFA00004314A0102D59F2331401B1B89014D0AD8B2DBE7621F95402900024E31406A07F3
:20AFC000F4D0E9E7FFFFFFFBF0B54F464646D6460D000400C0B51F0011002803620F400A67
:20AFE00010437A00520DE3003C039146640AFA0F4F0F6E0027439246B846760DED0FC90061
:20B00000954200D199E04C46341BA446002C00DC7CE04A46002A00D1B8E0C54A964200D105
:20B020001CE180223C0012041443A0466246382A00DD61E11F2A00DDCCE164462022121BCD
:20B04000444694400F00A14664469140E7404C464A1E91413C43424621436446E240801A5D
:20B060005C1AA3429B415F42C71B3B0200D4D0E07F027F0A002F00D1FFE0380001F016FE2F
:20B0800001000839202322005B1A8F40DA408C401743B14200DAFFE0891B4B1C1F2B00DDA7
:20B0A000A8E020223900D21A200094409140D840621E9441DF40002601430C43630709D054
:20B0C0000F232340042B05D0231DA342A44164423F191C003B0200D49EE0954B01369E422D
:20B0E00000D1B7E0934AE40817407B0771057F0223433F0B4A0D12053A43ED072A4318003B
:20B100001100E0BCBA46B146A846F0BD002C4BD04C46A41BA446002E00D023E104001C4309
:20B1200000D1AFE16246541E012A00D115E2804DAC4500D1C8E1A4461BE14A46B21A94464D
:20B14000002A00DCACE04A46002A43D0784A964200D1AFE180223C0012041443A0466246BC
:20B16000382A67DC1F2A00DC5FE14746203AD7406246202A05D064464022121B4446944069
:20B1800021434A1E91410C003C4357E03A000A4300D105E12200013A012C00D182E1644CA3
:20B1A000A4455BD0944641E7634C771C274200D0C4E004001C43002E00D069E1002C00D1B2
:20B1C000BFE144460C4300D0D0E14207DB081343C00829E03A000A4300D170E16246644627
:20B1E000013A012C00D1E0E0514CA44500D161E19446B4E73A001F39CA401100202B03D07D
:20B200004022D31A9F403C43631E9C41002700260C43630700D053E7B446E4087B07234345
:20B22000F808434A94451DD06246070352053F0B520D60E744460C43621E9441E4189C42BA
:20B240009B415F423F183B02E3D5394B01369E4200D0B5E03200002700234CE74207DB084A
:20B260001343C0081A00024300D1E1E180273F0307433F032E4A3F0B3DE7200001F016FD3F
:20B28000010018311F2900DCFCE60838844027000024B14200DBFFE6264A761A17400DE711
:20B2A000002A2FD04A46921B9446002E00D1ADE01F4A914500D10FE180221204104362460F
:20B2C000382A00DD0FE11F2A00DD80E1644620221E00121B6746040093409440FE405A1E73
:20B2E0009341F84034431C43804464188C42BF417F424E464744A6E742460A4311004A1EA3
:20B300009141ADE60C4C721C224200D0A1E002001A43002E00D0FAE0002A00D145E13A009B
:20B320000A4300D046E14207DB081343C0087BE7FF070000FFFF7FFFFE07000047465C1A93
:20B34000C21BA342BF417F42B94617004A46BF1A3A0200D58DE023003B4300D08AE600206C
:20B36000002561E7B44CA14500D1ADE08024240420436446382C3DDC62461F2C00DDB7E05F
:20B3800020251E002D1B0400AB40AC40D640D04042465D1EAB413443121A904623432CE027
:20B3A0004207DB081343C0083BE75C189C429B4140445B42C71801263B0200D429E7022683
:20B3C0009E4A63081740012214401C43FB071C437F0873E64446203AD4406246202A05D0ED
:20B3E00067464022D21B4746974039434A1E9141214335E60343581E8341CC1AA142BF416F
:20B4000043467F4255464E46DF1B2EE602001A4300D1BDE062466446013A012C00D1E5E088
:20B42000854CA44558D0944649E764462022121B444694400F00A14664469140E7404C467F
:20B440004A1E91413C4342460C436146CA408018F4E6794CA24200D1FDE6591899429B41B4
:20B4600040445F42C719FC07490816000C437F08CFE6CC1AA142BF4143467F42181A5546F2
:20B48000C71BF7E5C9087B0755460B43F808C8E6002C00D081E043460B4315D18020002525
:20B4A0000003E3E65C1AA3429B41C71B5B420126FF1ADAE54207DB081343C008D2E64207C0
:20B4C000DB081343C008ACE643464246C9085B0755460B43D008C5E6434642465B07C908E5
:20B4E0000B43D008BEE603431C00631E9C41FCE60200203CE24014006246202A03D0402522
:20B50000AD1AA8400343581E8341234375E7002AE2D03A000A43CDD04207DB081343802216
:20B52000C0081203104206D0FC08144203D12000CB087A0713435A0FDB005207DB08134338
:20B5400090E643460B4300D109E743464246C9085B0755460B43D00866E6CC1AA1428941F9
:20B560003F1A4942554601267F1A7EE542465C1A871AA34292415242BF1A3A023DD5CC1A31
:20B58000A1428941434649421F1A55467F1A95E57B07C9080B43F80843E64446DB080C437D
:20B5A00030D142071343C0085CE67B07C9080B43F80839E65C189C429B4140445B42C718F3
:20B5C0003B0200D425E61D4B01261F4021E60400203AD4406246202A04D040226646921B67
:20B5E000904003435A1E93411C437EE65C188C428941404449424718DDE623003B4300D177
:20B60000ADE606E6440723438024C0082403204208D04246D608264204D155463000CB08EC
:20B6200051070B435A0FDB00DB085207134319E60023014A1F005EE5FF070000FFFF7FFF3D
:20B64000F0B557464E464546DE46E0B5814605000C03480092461F0085B0240B400DCE0F28
:20B66000002800D156E1D44B984200D172E16B0FE4001C4380231B0423439846CF4BED00B3
:20B680009B4600239946834400933C037B005046240B5B0DFF0F002B00D11FE1C64A934297
:20B6A00000D162E1C549420F8C46E40059461443802263441204CB1A14439B46C20000200D
:20B6C00033007B409A464B460F2B27D8BC499B00CB589F46B246009B022B16D0032B00D185
:20B6E0008EE2012B00D0D9E000230024002552461B052343D20713432800190005B0F0BCCA
:20B70000BB46B246A946A046F0BD00240025AA4BEDE7BA46A04615000090DCE7444500D2F3
:20B72000C7E100D1C2E101235B429C462E0040460025E3442302140E1C431B0C9946230477
:20B740001F0C1202494600920197FEF7D1FA02007A430B04310C804619438A4207D9012334
:20B760005B429C460919E0448C4200D807E2881A4946FEF7BDFA09048C4631046646019A3D
:20B78000090C4243030031438A4204D90919013B8C4200D8EDE1881A424612041A439046AA
:20B7A0004146009B0E041B0C1F000293009B360C1B04190C0B007343120C7E430391514391
:20B7C0007A431F0CBC4676186644B14203D9802149028C466244310C8A1831041E04360C9C
:20B7E0008E19904202D312D1B54210D24346591E009B9C4665441F009D429B415B421B196E
:20B80000C018844200D2A0E100D19BE18846AE1BB542AD41801A6D42401B844200D1D5E17D
:20B820004946FEF765FA019A0B044243310C050019438A4200D96CE1881A4946FEF758FAEE
:20B84000019A360442430904360C03000E43B24200D953E10398B61A02002D041D43029F4B
:20B860002B041B0C5A437B439C46290C4843130C844463447943984203D9802040028446C9
:20B880006144180C12041B04120C41189B188E4200D2FFE000D1FAE001231D43494A5A449F
:20B8A000002A00DCAAE06B0700D03DE1ED084346DB0106D54246444B1A4090468022D200A8
:20B8C0005A44424B9A4200DD1FE743465B071D43434652055C02240B530D08E7524622437A
:20B8E00000D17BE0002C00D1FAE0200001F0DEF902000B3A1D2301009B1A52460839DA402D
:20B900008C40144352468A40314B58449B4683440020D5E64B462343984644D0002C00D121
:20B92000CEE0200001F0C2F9010002000B391D235B1A49461000D940083884400B004D4637
:20B940002343984685402348831A9B460023994600939AE64B46234398461DD10823994613
:20B96000063B0025834600938FE65246224309D1022349461943184B89469C46002402204F
:20B98000E3449DE603234A461A43134B91469C4652460320E34493E60C239946093BA04640
:20B9A0008346009371E60423994600239B4601330025009369E6C046FF07000001FCFFFF88
:20B9C00018F00200FF030000FFFFFFFEFE070000F30300000DFCFFFF01F8FFFF49460123B4
:20B9E00019438946002401206AE6002380249A4600258A4B24037AE601256D4201239B1AB1
:20BA0000382B00DD70E61F2B00DCBFE01F2149428A1A4146D1400A00202B04D04146804B49
:20BA20005B4499400D436B1E9D4107232A431D0000241540134200D1D4E00F21002311402C
:20BA4000042900D1CBE0111D9142924152429B180A00190200D4C2E001230024002546E6EE
:20BA6000802341461B03194208D01C4206D11C432403BA461500694B240B38E6802443464D
:20BA800024031C432403B246644B240B2FE6002B00D103E7A619681EA64200D28DE08E42EC
:20BAA00000D2A3E000D1B3E00500F5E6AA4200D939E64346DE0758086B081E43ED0739E654
:20BAC000484601F0F3F801000200153120321C2900DC2CE74B46083883400025984632E77D
:20BAE00001F0E4F803001A00153220301C2A00DC00E75446083B00229C4005E73619013B6A
:20BB0000B44200D9A6E6B24200D8A3E6831E3619A0E60919013D8C4200D98DE68A4200D8E1
:20BB20008AE6851E091987E60F232B40042B00D1BCE605235B42AB429B4104355B42ED08CB
:20BB40009844B4E6AF4200D960E6824204D800D05CE6AE4200D859E602235B429C46009B67
:20BB6000E0449C4665449D429B415B421B19C0184DE68A4200D80EE6831E09190BE68A4267
:20BB800000D8F4E5831E98460919F0E52549280059448D4042468A40691E8D414146D84038
:20BBA000D94002432A430B00510700D151E70F211140042900D046E74BE705008E4200D0CC
:20BBC0006AE6009A934200D066E667E6164A5A44002A00DC10E701230025984467E65D076C
:20BBE0005B021C0BD2080023154380E50098023D42008242BF417F423C1936190092DDE76F
:20BC00008024434624031C432403044B240B6EE5009A9A42EAD30500D3E7C046FF0700007B
:20BC20003E0400001E040000FF030000F0B54E464546DE4657469046E0B517001A03120B5D
:20BC40000500844619480E034C0091465A00DB0F9B46360B640DC90F520D844219D08242FF
:20BC600010D0012094420ED14E450CD10120C44509D1594517D0002C05D130002843431E17
:20BC8000984100E00120F0BCBB46B246A946A046F0BD330001202B43F5D1A242F3D14B46E2
:20BCA0003B43F0D1E2E70020EDE7C046FF070000F0B54746CE460400180016001B031B0BC0
:20BCC0002D4D4A00994680B543000F03A446B0463F0B520DC90F5B0DC00FAA4221D0AB42D5
:20BCE00013D0002A22D13C43002B02D14D462E4322D0002C10D0814222D00220013908406C
:20BD00000138C0BCB946B046F0BD4D462E4329D1002AF0D13C43EED10028F2D10120404217
:20BD2000EFE73D0025431DD19342EED0002BE2D14C462643DFD1E0E70020002CE1D0DCE7F7
:20BD40009A420ADCE8DB4F45D7D80ED000204F45D7D20029E2D00800D3E7434258414000E5
:20BD60000138CEE702204042CBE7C445C5D80020C445C6D2EDE7C046FF070000F0B5474606
:20BD8000CE460400180016001B031B0B2C4D4A00994680B543000F03A446B0463F0B520D64
:20BDA000C90F5B0DC00FAA420DD0AB4210D0002A27D13C43002B11D14D462E430ED100202D
:20BDC000002C15D00EE03D00254310D1934218D14D462E430BD1002A02D13C43002C0BD0BD
:20BDE000814214D0022001390840013800E00220C0BCB946B046F0BD0028F9D1012040420A
:20BE0000F6E7002BECD14C462643E9D1EAE79A4204DD4342584140000138E9E79A42EBDB11
:20BE20004F45DFD806D000204F45E1D20029E5D00800DDE7C445D5D80020C445D8D2F5E76B
:20BE4000FF070000F0B557464E464546DE46E0B598460C034B000600924687B0240B5B0DDE
:20BE6000CF0F002B00D15CE1D94A934200D175E1420FE4001443802212041443D54AC5000D
:20BE8000944663440093002399469B46434642461E03D20F5B0050469046360B5B0D00D157
:20BEA00020E1CB4A934200D162E1CA49420F8C4600996344F6008C46164380229C44120454
:20BEC00063461643C200002000930099434601318C4649467B4001930F2926D8BE4B89001F
:20BEE00059588F46434601933400150083465B46022B16D0032B00D103E2012B00D0CDE04C
:20BF0000002200240025019B12052243DB071A432800110007B0F0BCBB46B246A946A046F5
:20BF2000F0BD00240025AA4AEDE7280C2D042D0C2B00110C1204120C5343984613002F0073
:20BF4000434399464F434F44BB4647460B003F0CBA464343DA440293D14504D980277F021F
:20BF6000B9464B44029353461B0C9B4653461F0443461B041B0C98463B0043440493330CFC
:20BF80003604360C9846330043439946434643432F009A46434677435D43380C4D4445197B
:20BFA000A94503D980235B029946CA443F04280C3F0C2D04ED19270C2404240C0300200023
:20BFC00050437A4391463A0053440593030C9A464A43614349445144AB44894503D9802353
:20BFE0005B0299464A4400040B0C000C0904091820009946434670435C437E435F43030CD6
:20C000009846A41944444A440397A64204D980235B029846474403972304029E9A46059BC6
:20C020005E449846AE42AD4176188E4289410004000C504440446D424719B84693464942E1
:20C040008946C344D94498428041A845AD4193459241894589416D4240422843240C5242D4
:20C0600049420A43039B00198018C7184B46DC0D049B75021D436A1E95414B46F60D7F0257
:20C0800035435A023C431543FB0100D41CE101216A080D401543E207154364084F49614405
:20C0A000002900DCB0E06B0709D00F222A40042A05D02A1DAA42AD416D4264191500E301BC
:20C0C00004D58021464AC90014406144454A914200DD26E76207ED08640249051543240BAF
:20C0E0004A0D10E75246324300D17FE0002E00D1DCE0300000F0DAFD02000B3A1D2301007B
:20C100009B1A52460839DA408E40164352468A40009B3549181A03008C4663440020009374
:20C12000D3E6250005434AD0002C00D1B0E0200000F0BCFD010002000B391D2310005B1A5D
:20C140003100350008388440D94085400C432648831A0093002399469B4697E605002543DD
:20C1600026D1082200930223002491469B468DE65246009B324310D1154900268C46634411
:20C180004946009302231943894602209DE65B460197022B00D0ADE6C3E60D4A03209446C2
:20C1A00063444A46009303231A43914652468CE60C2200930323050091469B4666E604233A
:20C1C000994600230093013300249B465EE6C046FF07000001FCFFFF58F00200FF030000FA
:20C1E000FFFFFFFEFE0700000DFCFFFF49460123194389460026012067E6002380240025DA
:20C20000434A019324037EE60120401A382800DD76E61F285BDD1F2223005242511ACB4071
:20C220001900202803D03B4A6244944025436A1E95412A000A4307210D000024154011428D
:20C240005BD00F2100241140042953D0111D914292415242A4180A0023024BD50122002404
:20C26000002550E680231B031C4209D01E4207D133431C0343461500240B254A019342E6A6
:20C280008022120314432403214A240B01973AE600F00CFD01000200153120321C2900DC62
:20C2A0004BE7340008380025844050E700F0FEFC03001A00153220301C2A00DC1EE7564657
:20C2C000083B00229E4023E7009B9C46E6E61249220061442E008D408A40C640691E8D4186
:20C2E00032432A43C4405307B6D00F2111400429ACD1B1E765076402240BD2081543002260
:20C3000001E68022120314432403014A240BFAE5FF0700003E0400001E040000F8B55746F4
:20C320004E464546DE46E0B51E0017004A000B03520D5B0A9046420F1A43CD0FCD4C310327
:20C34000C300944670007A0F490AFF009A46B946400DF60F1143A04200D1B1E00122564073
:20C36000B346B54200D188E04246121A002A00DCAEE0002800D1C1E0BE48804500D151E1E4
:20C38000802000040143382A00DD7BE11F2A00DDEEE120203E00801A0C00D640D140874013
:20C3A00062468440521A781E8741944634432743DC1BA3429B4162465B42D31A99464B4632
:20C3C0001B0200D418E14B465802430A99464B46002B00D137E1484600F068FC0100083993
:20C3E0002023220048465B1ADA4088408C4043461043884500DD36E1C91A4B1C1F2B00DD19
:20C40000EAE020222600D21A01009440DE40D84000239140621E94418146984631430C4342
:20C42000630709D00F232340042B05D0231DA342A4416442A1441C004B461B0200D4DEE02F
:20C4400041468C4B0131994200D1E7E04B468A48E4080340180049055B07400223434A0D80
:20C46000040B1205ED0722432A4318001100F0BCBB46B246A946A046F8BD4246121A002A9A
:20C4800052DD002800D19CE0A04500D1CAE0802000040143382A00DD49E11F2A00DC97E1AA
:20C4A00010000E002038C640202A04D04020821A91400F43B9464C46621E944134433AE14B
:20C4C0000A003A4328D0B346B5422BD06B4A4244002A5DD042464446821A002C00D0F5E0E1
:20C4E00065461D4300D19CE1551E012A00D1FBE1604CA24200D1BDE12A00F0E0080038431C
:20C5000000D1C3E0501E012A00D1A8E1594CA24200D187E0020036E701225640B346B5422B
:20C5200000D021E7554A4244002A00D1B5E042464446821A002C00D138E14E4EB04200D14B
:20C54000DEE18026644636043443A446382A00DD96E11F2A00DD24E22026B41AA2466446A9
:20C560005646B440A1461C004E46D440264334005646B3405E1EB3411C436346D340C918E8
:20C58000E419BC42BF417F42B94680468944D8E040463B4C0130204200D0B4E040460028E3
:20C5A00000D044E16046184300D190E10800384300D0AAE16146DB0849070B436146CC08C2
:20C5C00027E00800384361D0501E012A00D139E1A24227D002005DE702001F39CA40110086
:20C5E000202B03D04022D31A98400443631E9C410023994698460C43630700D012E74B465E
:20C600004A46E4085B072343D408424619498A420ED024035205240B520D22E70A00002423
:20C6200000231EE7DB086246520713436246D4081A00224300D1FCE18022120314432403B2
:20C640000C4A240B0DE7200000F030FB010018311F2900DCC4E6083884404346200000243D
:20C66000884500DCC8E6044A5B1A104098468146D6E6C046FF070000FFFF7FFF01F8FFFF70
:20C68000FE0700000F437A1E974191E66146DB0849070B436146CC08B8E74046D34C013044
:20C6A000204200D0A2E04046002800D001E16046184300D15EE10800384300D05FE161461B
:20C6C000DB0849070B436146CC08A2E7C84DA84200D1CFE0802564462D042C43A446382A1B
:20C6E00056DC1F2A00DDD1E020251E00AD1A6446AB40AC40D6405D1EAB4134432343644682
:20C70000D440091B49E06046DC1B461AA34280414042814630004E46801B8146000276D45A
:20C720004B46234300D052E60024002571E739430C00621E9441E4189C429B415B42634482
:20C7400099464B461B0200D456E701239C46A84BE044984538D04B46A6480122034018003C
:20C76000630814401C43C3071C434308994657E610000E002038C640202A04D04020821A75
:20C7800091400F43B9464F467A1E974137430FE662461A4313005A1E9341FC1AA742BF41A0
:20C7A0007F42CB1B99465D46804608E666461E4300D1BEE0561E012A00D109E18C4CA2420A
:20C7C00000D119E13200C1E642460024002348E620200C00801A3E0087408440D640781E5D
:20C7E0008741D14034433C438C44A4E7804A904200D1E9E0DF199F429B4161445B42C91801
:20C80000CC077F084B08994680463C43F4E6FC1AA742BF4163467F42C91ACB1B99465D46B9
:20C82000D5E5FF084B075D463B43CC08EEE662461A4300D082E00B003B431BD180240025A7
:20C840002403F9E6DC199C429B41614489465B4299444B461B0244D401239846CCE6DC1BC4
:20C860006246A3429B41511A5B42CB1A994601239846A4E5FF084B075D463B43CC08D7E6ED
:20C8800062461A431400631E9C4179E615006446203DEC40A046202A05D040256446AA1AA2
:20C8A000944023439A465446631E9C414346234373E762461A4323D00A003A4300D0A0E04E
:20C8C0006246DB08520713436246D408B0E60B003B4300D128E7FF084B075D463B43CC084D
:20C8E00097E60223984636E7FC1AA742BF4163467F42C91ACB1B994601235D4698465EE5A2
:20C900004B07FF083B43CC0892E6DC1B6046A342B641401A7642801B8146000260D5FC1ABA
:20C92000A742BF4163467F42C91ACB1B99465D4676E5FF084B073B43CC0867E60A00DB0819
:20C940003A4300D16FE66246520713436246D40880221203144207D0C808104204D15D46DB
:20C960000400FB0849070B435A0FDB00DB08520713435DE64B07FF083B43CC0849E6DC192A
:20C980009C429B41614489465B4299444B461B0200D431E64A46174B1A4001239146984631
:20C9A0002AE616006446203EF440A046202A05D040266446B21A944023439A465446631EFF
:20C9C0009C4143461C43DBE502000024002348E5DC19BC42BF41614489467F42B94438E718
:20C9E0004B46234300D19FE606E6C046FE070000FF070000FFFF7FFFFF084B073B43CC08C6
:20CA000016E66246DB08520713436246D40880221203144207D0C808104204D15D460400DA
:20CA2000FB0849070B435A0FDB005207DB081343FEE50023014A1C0013E5C046FF0700000E
:20CA40000A0030B5134C530009030500090B00205B0DD20FA34204DD0F48834202DD0F4B8C
:20CA6000D01830BD8020400301430D48C01A1F2808DD0C48C31AD9400B005842002AF0D185
:20CA80001800EEE7084CC540A446634499400B002B43F2E7FE0300001D040000FFFFFF7FF6
:20CAA0003304000013040000EDFBFFFF70B5002816D0C317C5185D40C40F280000F0F6F8E2
:20CAC000114A121A0A2816DC03002E0015339E400B23181AC54052052D032D0B530D03E0ED
:20CAE00000240023002500261B052B43E40723433000190070BD0B38854052052D0300269A
:20CB00002D0B530DF0E7C0461E04000070B543004602C40FFE201B0E591C750A08420CD09A
:20CB2000E022920094466D07360B63441B053343E40723432800190070BD002B14D1002D99
:20CB40001BD0280000F0B2F80A281CDC0B232E001B1ADE40030015339D400E4A3603121A6A
:20CB60005205360B530DE1E7002D09D08022360B1203094B6D071643D8E700230026D5E712
:20CB80000026054BD2E703000B3B9D402E000025E3E7C04689030000FF07000002004B003E
:20CBA000F0B55B0D0C033D4E640A400F5F1CC90F0443D50037420AD039481E18FE2E16DD79
:20CBC000FF200024C0052043C9070843F0BD002B06D12C4326D005229201540AD8B2F1E741
:20CBE0002543EDD08020C0030443FF20EAE7002E1BDD9201531E9A41E4006D0F22432A433F
:20CC0000530748D00F231340042B00D004328023DB0413403FD0701CFE2ED1D09201540ABA
:20CC2000C0B2CFE700200024CCE73200173222DB8020000420431E24A41B1F2C1DDD0222EC
:20CC40005242961B0200F2401600202C04D0154A94466344984005432A00531E9A4132433A
:20CC600000265307CED180241300E404012023402242D3D1B0E70023ADE70B4A94462A00C3
:20CC8000E24014002A0063449A409840551EAA4102432243E4E733009EE7C046FE07000045
:20CCA00080FCFFFFA2FCFFFF82FCFFFF1C2101231B04984201D3000C10391B0A984201D38C
:20CCC000000A08391B09984201D30009043902A2105C40187047C0460403020201010101BD
:20CCE000000000000000000010B5002903D1FFF7DDFF203002E00800FFF7D8FF10BDC046C6
:20CD0000F0B5A123C6464500060000B5041C6D08DB059D420BDBFF23DB059D4200DD78E04E
:20CD2000002800DC88E0734880BCB846F0BD724B9D4200DD82E0C4239B059D426DDB012338
:20CD40005B429846211C201CFDF7A4FD011C071CFDF7A0FD6949051CFDF79CFD6849FDF774
:20CD600033FA291CFDF796FD6649FDF72DFA291CFDF790FD6449FDF727FA291CFDF78AFDA8
:20CD80006249FDF721FA291CFDF784FD6049FDF71BFA391CFDF77EFD5E49071C281CFDF7A7
:20CDA00079FD5D49FDF79CFE291CFDF773FD5B49FDF796FE291CFDF76DFD5949FDF790FE2D
:20CDC000291CFDF767FD5749FDF78AFE291CFDF761FD4346011C01334ED04346381C9D0091
:20CDE000FDF7F2F9211CFDF755FD4F4BE958FDF777FE211CFDF774FE4C4B011CE858FDF702
:20CE00006FFE002E00DB8FE780231B069C4660448AE7011CFDF7D8F986E74549FDF7D4F9CD
:20CE2000FE218905FDF7B8F80300201C002B00D07AE7013B984685E73E4875E700F00CF9A9
:20CE40003D4B041C9D4222DC3C4B9D4240DC011CFDF7BAF9FE218905FDF742FE8021051C64
:20CE6000C905201CFDF7B0F9011C281CFDF74AFB0023041C984665E7381CFDF7A5F9211CE1
:20CE8000FDF708FD011C201CFDF72AFE4CE72C4B9D4215DCFF218905FDF722FEFF21051CA7
:20CEA0008905201CFDF7F6FCFE218905FDF78CF9011C281CFDF726FB0223041C984641E7DB
:20CEC000011C2048FDF71EFB0323041C984639E7FE218905FDF704FEFE21051C8905201CCF
:20CEE000FDF772F9011C281CFDF70CFB0123041C984627E7DB0FC93FFFFFDF3ED769853C39
:20CF000059DA4B3D356B883D6E2EBA3D2549123EABAAAA3E21A215BD6BF16E3D95879D3DD1
:20CF2000388EE33DCDCC4C3EA8F0020098F00200CAF24971DB0FC9BFFFFF973FFFFF2F3F9C
:20CF4000FFFF1B40000080BFF0B5C64644006308240E7F3C0700984600B5051C162C2DDCE6
:20CF6000002C1ADB1C4B061C23419846034210D01A49FDF729F90021FDF70EF8002808D00C
:20CF8000002D03DD80273F0427417F1943469F433E00301C80BCB846F0BD1049FDF714F964
:20CFA0000021FCF7F9FF2E1C0028F2D0002D0FDB4346002BEDD0FE26B605EAE7FF23061CB5
:20CFC000DB059845E5D3011CFDF7FEF8061CE0E780263606DDE7C046FFFF7F00CAF249714D
:20CFE00000B51C4A430083B05B08934219DDFF22D205934204DB011CFDF772FD03B000BDD6
:20D00000694601F0F9FE03230199184001280CD0022817D0002811D00122009802F020FD78
:20D02000ECE7002102F0BAF8E8E70122009802F017FD80231B069C466044DFE7009802F02E
:20D04000ADF8DBE7009802F0A9F880231B069C466044D3E7D80F493F400040087047C04686
:20D06000F0B5C64644006308240E7F3C0700984600B5051C162C2EDC002C1ADB1B4B061CB3
:20D0800023419846034210D01949FDF79DF80021FCF782FF002808D0002D03DA80273F04B5
:20D0A00027417F1943469F433E00301C80BCB846F0BD0F49FDF788F80021FCF76DFF2E1CFE
:20D0C0000028F2D00026002DEFDA43462E1C002BEBD0084EE9E7FF23061CDB059845E4D3B3
:20D0E000011CFDF771F8061CDFE7C046FFFF7F00CAF24971000080BF70B50C0000212160C3
:20D10000FF21430002005B08C9058B4215DA002B13D00025084207D19821C905FDF7BAFB38
:20D12000020040004308193D0448DB150240FC207E3B5B1980052360104370BDFFFF7F80C0
:20D1400070B50D00041C03F001F8002805D00021201CFCF707FF002801D0201C70BD201CA0
:20D16000290000F091F8041C02F0F0FF002805D00021201CFCF7F6FE0028EED003F022F8D8
:20D1800022230360E9E7C04643001B0E7F3B70B50D00041C162B09DC002B19DB104A1A419F
:20D1A00002420ED12860C00FC00770BD086002F0D7FF002810D1211C201CFDF705F82860D6
:20D1C000F3E70300934319002B60FDF789FCECE7C30FDB070B60E8E7E00FC007E5E7C04636
:20D1E000FFFF7F0010B500F001F810BD30B543005A081B0E7F3B010083B0162B1EDC002A31
:20D200001AD0C40F002B20DB1D4A1A41024213D05208024204D08020800318419143084335
:20D22000184BA400E458011C201CFCF7CDFF01900198211CFDF754FC03B030BDFF23DB0546
:20D240009A42F9D3FCF7C0FFF6E70E4B4202520AA000C5585342134380225B0AD203090D04
:20D26000134009051943281CFCF7AEFF01900198291CFDF735FC40004008E4072043DBE7E1
:20D28000FFFF7F00B8F00200420070B5031C0C0056080100002A1BD0FF25ED05AE4218D271
:20D2A000284219D19821C905FDF7F4FA1E4A031C94422ADB4200120E193A12190100FE2A46
:20D2C0000EDD1A48002B00DA19481849FDF7E2FA70BDFCF779FFFBE7120E1219FE2AF0DCB1
:20D2E000002A0DDC1000163013DA124A9442E8DC1148002B00DA11480F49FDF7CBFAE7E74C
:20D300000F480140D0050843E2E70B49FDF7C2FADEE71932D0050A4A11400843CC21890538
:20D32000FDF7B8FAD4E7C046B03CFFFFCAF24971CAF249F150C300006042A20D6042A28DFB
:20D34000FFFF7F8000B51D4A430083B05B0893421CDDFF22D205934204DB011CFDF7C0FB95
:20D3600003B000BD694601F047FD032301991840012810D0022817D0002810D0009801F096
:20D380000DFF80231B069C466044E9E70022002102F066FBE4E7009801F000FFE0E7012294
:20D3A000009802F05DFBDBE70122009802F058FB80231B069C466044D2E7C046D80F493F51
:20D3C00000B5104A430083B05B08934215DDFF22D205934204DB011CFDF782FB03B000BDF4
:20D3E000694601F009FD022240001040013A121A0199009802F0ACFBF0E70122002102F094
:20D40000A7FBEBE7DA0F493F43001B0E7F3B10B5162B05DC002B09DB064A1A41904310BDC0
:20D42000802BFCD1011CFCF7CFFEF8E7C00FC007F5E7C046FFFF7F0010B500F057F910BDF1
:20D44000F8B504000D0000F00BFA220006000F002B002000290003F07DFD002807D10022DF
:20D46000002320002900FCF749FD002802D130003900F8BD02F0A6FE21230022036000236C
:20D4800010001900FEF7DCF806000F00EFE7C04670B5041C00F0BCFA211C051C201CFDF730
:20D4A000CDFC002810D1201CFFF7D6FDFE218905FCF772FD002807D002F084FE212303606C
:20D4C000024802F06DFE051C281C70BDC0F0020070B5041C00F0FEFB211C051C201CFDF7A5
:20D4E000ADFC002810D1201CFFF7B6FDFE218905FCF752FD002807D002F064FE21230360AC
:20D50000024802F04DFE051C281C70BDC0F0020010B500F031FD10BD70B5041C00F0B4FDAA
:20D52000051C201C02F012FE00280BD00D49201CFCF732FD002807D10B49201CFCF718FD3D
:20D54000002808D1281C70BD02F03CFEFF252223ED050360F6E702F035FE222300250360A0
:20D56000F0E7C0468071B142B5F1CFC270B5051C0C1C00F0AFFE211C061C281CFDF75EFCB7
:20D58000002805D10021201CFCF7ECFC002801D1301C70BD02F016FE212300210360081CF0
:20D5A000FCF7B0FF061CF3E770B5041C00F01AFF211C051C201CFDF741FC002810D100218A
:20D5C000201CFCF7E9FC00280AD10021201CFCF7C9FC002806D002F0F5FD2223064D036042
:20D5E000281C70BD02F0EEFD21230360034802F0D7FD051CF4E7C046000080FFC0F00200F2
:20D6000070B50C1C061C01F053F8211C051C201CFDF714FC00280DD10021301CFCF7A2FCBD
:20D62000002815D00021201CFCF79CFC002803D0FE25AD05281C70BD201C02F087FD0028DA
:20D64000F8D00021201CFCF793FC0028F2D025E0281C02F07BFD002810D00021281CFCF726
:20D6600081FC0028E6D0301C02F070FD0028E1D0201C02F06BFD0028DCD00FE0301C02F034
:20D6800065FD0028E9D0201C02F060FD0028E4D0291C281CFDF7D2FB002804D102F092FD18
:20D6A00022230360C6E702F08DFD21230360C1E770B5041C01F01AFD211C051C201CFDF76F
:20D6C000BDFB002805D10021201CFCF751FC002801D1281C70BD02F075FD21230021036060
:20D6E000081CFCF70FFF051CF3E7C046F8B54746CE4680B517000C005A0019007B42050029
:20D700003B434B485208DB0F1343834237D863005B089C4666466B422B43DB0FA1463343D4
:20D7200083422CD8434BCB183B433AD002268B171E40E30F1E4363462B4329D013003B430B
:20D7400034D0824240D0844530D063469A1A12153C2A36DC002942DA3C3240DA002000211E
:20D76000012E52D0022E45D0002E0DD0324A334BFEF7D4FD324A334BFEF7D0FD04E02A007E
:20D7800023003800FDF720FCC0BCB946B046F8BD022E11D028002100032EF5D128482A49C4
:20D7A000F2E72800210002F033FBEDE74B462448002B04DB2549E7E721482249E4E7244904
:20D7C000E2E71F482149CBE7013E944522D0022E28D8204BF6009E1930687168D4E70B0074
:20D7E0003A0028002100FDF72BFF02F0ABFC02F00FFBB5E7104A114BFEF790FD02000B0012
:20D800000F481049FEF78AFDBEE7802424060B191900B9E7022E08D80F4BF6009E193068DD
:20D820007168B1E700200021AEE705480B49ABE70000F07F000010C0075C143326A6A13CDC
:20D84000182D4454FB210940FB2109C0FB21F93FFB21F9BF388D0200208D0200FB21E93FBF
:20D86000F8B5684BCE4647460500020018000C0080B50840984200D1A0E0002969DD081548
:20D8800000D177E0604B0903C4188023090B5B031943C30703D4D30F49005918520063105A
:20D8A00098464B00D10F5B180021802016248C46520080030D189D4202DC29185B1B8444E9
:20D8C000D50F5B00013CEB1852004008002CF1D10020814680202026000609E08B425ED08A
:20D8E000D50F5B00013E5B1952004008002E16D005198B42F2DD0F002C18002D4BDB5B1AB3
:20D90000AA42894149425B1A521BD50F5B00013E814439005B1952004008002EE8D113431D
:20D9200045D14B465E0863465910384B994663464944DB0702D580231B061E4343461805AC
:20D94000431835001C0028002100C0BCB946B046F8BD4B005B082B43F5D0002000293AD177
:20D96000D30A190015385205002BF9D080246403234241D1802300245B03490025000134CF
:20D980001942FAD020260B001100A240361BF140401B194376E7E743FF0FCF19AFE79542FB
:20D9A0009ED82C18002DF6DB1F000023ACE74B4601331DD04E4601367608B4E72A000B000F
:20D9C00028002100FEF73EFA2A002300FDF7FCFA05000C00B7E72A000B0028002100FEF778
:20D9E0009DFC02000B00FDF72BFE05000C00AAE701239946CC4496E70125110020266D4206
:20DA0000C5E7C0460000F07F01FCFFFF0000E03FFE22F8B543000100041C5B0892059342CB
:20DA200011D00ADCFC229205934211DA8C229205934200DD7EE0984804E0FDF751F8011C37
:20DA4000FCF760FDF8BD0020002CFBDC9348F9E7002800DAC1E0FE208005FDF741F8FC2153
:20DA60008905FCF717FF041C01F040FB8C49061C050B201CFCF70EFF8A49FCF7A5FB211CDD
:20DA8000FCF708FF8849FDF72BF8211CFCF702FF8649FCF799FB211CFCF7FCFE8449FDF732
:20DAA0001FF8211CFCF7F6FE8249FCF78DFB211CFCF7F0FE8049071C201CFCF7EBFE7F49FB
:20DAC000FDF70EF8211CFCF7E5FE7D49FCF77CFB211CFCF7DFFE7B49FDF702F8211CFCF71A
:20DAE000D9FEFE218905FCF76FFB011C381CFCF709FD311CFCF7CEFE2D03071C291C281CF3
:20DB0000FCF7C8FE011C201CFCF7EAFF291C041C301CFCF759FB011C201CFCF7F3FC011CC7
:20DB2000381CFCF751FB291CFCF74EFB011CFCF74BFB87E7FCF7AEFE5949051CFCF7AAFE10
:20DB40005849FCF741FB291CFCF7A4FE5649FCF7C7FF291CFCF79EFE5449FCF735FB291CEA
:20DB6000FCF798FE5249FCF7BBFF291CFCF792FE5049FCF729FB291CFCF78CFE4E49061CE1
:20DB8000281CFCF787FE4D49FCF7AAFF291CFCF781FE4B49FCF718FB291CFCF77BFE494903
:20DBA000FCF79EFF291CFCF775FEFE218905FCF70BFB011C301CFCF7A5FC211CFCF76AFEEF
:20DBC000011C4148FCF78CFF011C201CFCF788FF011C3E48FCF784FF34E7FE218905FCF77A
:20DBE000F3FAFC218905FCF755FE2D49041CFCF751FE2C49FCF7E8FA211CFCF74BFE2A4939
:20DC0000FCF76EFF211CFCF745FE2849FCF7DCFA211CFCF73FFE2649FCF762FF211CFCF797
:20DC200039FE2449FCF7D0FA211CFCF733FE061C201C01F05BFA2049051C201CFCF72AFE9D
:20DC40001E49FCF74DFF211CFCF724FE1C49FCF7BBFA211CFCF71EFE1A49FCF741FF211CA0
:20DC6000FCF718FEFE218905FCF7AEFA011C301CFCF748FC291CFCF70DFE1349FCF730FFF2
:20DC8000291CFCF7A1FA011CFCF79EFA011C1048FCF726FFD6E6C046DB0FC93FDB0F494055
:20DCA00008EF1138047F4F3A4611243DA80A4E3E90B0A63EABAA2A3E2EC69D3D6133303F70
:20DCC0002D57014039D119406821A233DA0FC93FDA0F4940F0B5FE234646D6464F46450013
:20DCE000C0B5041C06006D089B059D4200D1B5E000DDACE0FC239B059D4210DAC8239B05B3
:20DD00009D4200DBCCE08C49FCF75EFAFE218905FCF742F90300201C002B00D092E0201CBA
:20DD2000FFF79AF9011CFE208005FCF7D9FEFC218905FCF7AFFD8149041CFCF7ABFD804938
:20DD4000FCF742FA211CFCF7A5FD7E49FCF7C8FE211CFCF79FFD7C49FCF736FA211CFCF75E
:20DD600099FD7A49FCF7BCFE211CFCF793FD7849FCF72AFA211CFCF78DFD76498046201C8A
:20DD8000FCF788FD7449FCF7ABFE211CFCF782FD7249FCF719FA211CFCF77CFD7049FCF7ED
:20DDA0009FFE211CFCF776FDFE218905FCF70CFA8146201C01F09AF96A4B071C9D425ADC09
:20DDC000011C050BFCF700FA494682464046FCF799FB011C5046FCF75DFD2D038046291C8A
:20DDE000281CFCF757FD011C201CFCF779FE291C041C381CFCF7E8F9011C201CFCF782FB7F
:20DE0000011CFCF7E1F9011C5748FCF769FE011C4046FCF765FE291C041C281CFCF7D4F9A0
:20DE2000011C5248FCF75CFE011C201CFCF758FE011C4E48FCF754FE002E03DC80231B0673
:20DE40009C466044E0BCBA46B146A846F0BD011CFCF746FE011CFCF755FBF3E74449FCF700
:20DE600019FD4149051C201CFCF714FD011C281CFCF7AAF9E6E749464046FCF743FB391C42
:20DE8000FCF708FD391CFCF79FF9011CFCF79CF93849FCF799F9011C3548FCF721FECBE7A1
:20DEA000011CFCF7F7FC2549051CFCF7F3FC2449FCF78AF9291CFCF7EDFC2249FCF710FE7E
:20DEC000291CFCF7E7FC2049FCF77EF9291CFCF7E1FC1E49FCF704FE291CFCF7DBFC1C496F
:20DEE000FCF772F9291CFCF7D5FC1A49061C281CFCF7D0FC1849FCF7F3FD291CFCF7CAFCF1
:20DF00001649FCF761F9291CFCF7C4FC1449FCF7E7FD291CFCF7BEFCFE218905FCF754F94A
:20DF2000011C301CFCF7EEFA211CFCF7B3FC211CFCF74AF986E7C046CAF2497108EF113822
:20DF4000047F4F3A4611243DA80A4E3E90B0A63EABAA2A3E2EC69D3D6133303F2D57014048
:20DF600039D119409999793F2EBD3BB3DB0F493FDB0FC93F2EBD3B33F8B5FF254A00031C84
:20DF80005208081CED05AA422BDC59009C464908A94226DCFE24A405A04234D00224871730
:20DFA0003C40DF0F3C4300291FD0002A24D0AA4231D0A94220D08A1AD2153C2A29DC00285C
:20DFC00033DA3C3231DA0020012C3FD0022C35D0002C09D02449FCF7F7F82449FCF780FDFB
:20DFE00002E0191CFCF7F0F8F8BD022C09D0181C032CF9D11E48F7E76346002B07DB1D48E7
:20E00000F2E71A48F0E7181CFEF77AFEECE71A48EAE71848D8E7013C91421CD00020022CDE
:20E02000E2D8164BA400E058DEE7011C181CFCF769FAFFF711F8FEF763FEC5E70A49FCF736
:20E04000C3F8011C0948FCF74BFDCDE780231B069C466044C8E7022C03D8094BA400E05876
:20E06000C2E70848C0E7C0462EBDBB33DB0F4940DB0F49C0DB0FC93FDB0FC9BFD0F0020095
:20E08000C4F00200DB0F493FF0B5FF22D6464F46464643000100C0B5041C5B08D20593426D
:20E0A0006CD8C60F934200D1C5E07A4A904200DDB5E0002800DAB6E0774A934265D9774AC7
:20E0C000934200D9C3E0764BB500E958201CFCF707FD744B8046EB5801209946801B851B02
:20E0E00049464046FCF7FCFC011C061C041CFCF7D1FB6D49071CFCF7CDFB6C49FCF7F0FCDA
:20E10000391CFCF7C7FB6A49FCF75EF8391CFCF7C1FB6849FCF7E4FC391CFCF7BBFB6649C4
:20E12000FCF752F8391CFCF7B5FB011C301CFCF7D7FC8246071C002D5AD0011C301CFCF7DD
:20E14000A9FB041C8020391CC005FCF7C9FC011C201CFCF7D7F9011C4846FCF7C1FC41468B
:20E16000FCF7BEFC011CFE208005FCF7B9FC2B00041C7D3363DBE805001901E0FCF724F85B
:20E18000E0BCBA46B146A846F0BDD0229205934209D24A49201CFCF717F8FE218905FBF7A8
:20E1A000FBFE002870D1211C201CFCF773FB3E49051CFCF76FFB3D49FCF792FC291CFCF7DF
:20E1C00069FB3B49FCF700F8291CFCF763FB3949FCF786FC291CFCF75DFB3749FBF7F4FFEA
:20E1E000291CFCF757FB011C201CFCF779FC82465146201CFCF74EFB8021051CC9055046D7
:20E20000FCF76EFC011C281CFCF77CF9211CFCF767FC011CFE208005FCF762FCB0E700207D
:20E2200001F0F0FDACE7264A934200D844E7002001F0E2FDA4E7002EA2D00020A0E7D8216A
:20E240006435E80500190905FCF724FB98E71D49201CFCF71FFB1C4BB600F158FBF7B4FFC6
:20E26000FCF702FE0500FCF71FFE1849061CFCF711FB011C201CFCF733FC15498046301C29
:20E28000FCF708FB81462BE7FE21201C8905FBF79BFF75E71772B1421872B13E9115853F7F
:20E2A000E4F00200ECF002004CBB31330EEADD3555B38A38610B363BABAA2A3ECAF249715B
:20E2C000B5F1CF423BAAB83FDCF002008071313FD1F71737F8B54B00041C5D08002B58D096
:20E2E000FF2643005B08F605B34252DAB54250DCAB4254DBC20FD207AB4251D0064258D1CF
:20E300007E2718027F42002803DD013F40000028FBDCFF20C005084253D128022E025AD41C
:20E320007E267642013E4000FCD538007E3043DB80236402640A1B04234330007E3033DB45
:20E3400080254902490A2D040D43B91BB74208D05C1B5B00002C01DB22D0630001390029C2
:20E36000F6D15D1B00D42B00002B19D0802000040100834203DA5B00013E8B42FBDB310096
:20E380007E3121DB15497F365818F6051043304305E0201CFCF77EFA011CFCF7B3F8F8BD92
:20E3A0000F4B520FD058FAE77E214942891B8D40CBE7DF157F3FACE77E204042C01B834049
:20E3C000BBE7EE157F3EB0E77E2149428E1B334113431800E3E77E267642A6E7000080FF5D
:20E3E000F4F00200F8B5DE4657464E4645460300E0B5420046D000284FDBFF22D20590429E
:20E4000000DBB6E0802200211204904206DA9821C905FCF73FFA192103004942DA155B0239
:20E420005C0A954B7F3AE01880231B040340FE205218FE2180055840DE1520438905B6186A
:20E44000FCF74EFB22008D4B0F32051C1A422BD10021FBF787FD002800D18EE00020002E80
:20E4600015D03000FCF720FD8549041CFCF712FA8449051C201CFCF70DFA011C281CFBF713
:20E48000A3FE04E0CC2000210006FCF73BF8F0BCBB46B246A946A046F8BD011CFCF720FB64
:20E4A0000021FCF72FF8F2E78021C905FBF78CFE011C281CFCF726F880463000FCF7F4FC12
:20E4C000414681464046FCF7E5F96F4B011C9A468346FCF7DFF96D49071CFCF7DBF96C49F7
:20E4E000FBF772FE391CFCF7D5F96A49FBF76CFE391CFCF7CFF96849FBF766FE5946FCF7EC
:20E50000C9F966498346381CFCF7C4F96449FBF75BFE391CFCF7BEF96249FBF755FE391C81
:20E52000FCF7B8F9011C5846FBF74EFE5E4BA2441C1B5346071C1C43002C38DDFC21281CBB
:20E540008905FCF7A7F9291CFCF7A4F9041C002E3BD1011C381CFBF737FE4146FCF79AF9C6
:20E56000011C201CFCF7BCFA011C281CFCF7B8FA8DE7011CFBF728FE89E74C49281CFCF7AE
:20E5800089F9011CFC208005FCF7AAFA291C041C281CFCF77FF9011C201CFCF77BF9041CB0
:20E5A000002E33D1011C281CFCF79AFA6FE7002E44D1011C281CFCF793FA4146FCF76AF9EA
:20E5C000011C281CFCF78CFA61E748462C49FCF761F9211C061C381CFBF7F6FD4146FCF7B7
:20E5E00059F92849071C4846FCF754F9011C381CFBF7EAFD011C201CFCF772FA291CFCF72D
:20E600006FFA011C301CFCF76BFA40E73000FCF74BFC1B49061CFCF73DF91A49071C301CBE
:20E62000FCF738F9011C201CFCF75AFA291CFCF757FA011C381CFCF753FA28E748461049E6
:20E64000FCF728F9391C041C281CFCF749FA4146FCF720F90B49061C4846FCF71BF9011CFC
:20E66000301CFCF73DFA291CFCF73AFA011C201CFCF736FA0BE7C04620FB4A00F0FF7F0071
:20E680008071313FD1F71737305CCFFF9788173E25333A3E2549923EABAA2A3F4FD01C3EF0
:20E6A000298E633ECDCCCC3E88C23500ABAAAA3EF0B54E464546DE465746E0B54B005A08DC
:20E6C00005008946904687B0061C0C1C002B12D18023CA4ADB0343405B00934200D851E1AF
:20E6E000211C301CFBF770FD07B0F0BCBB46B246A946A046F0BDFF2347007F08DB059F42A3
:20E70000EEDC9A4200DD30E100230093002800DA3BE1FF23DB05984500D157E1FE239B05E8
:20E72000984500D15EE18023DB05994500D148E1FC23301C9B05994500D07FE1002D00DB70
:20E74000A5E1FEF789FCFF23DB059F4200D189E1002F00D183E1FE239B059F4200D176E16D
:20E76000009BF50F013D2B4300D193E19A23DB05984500DC96E1A24B9F4200DCD8E2A14BEC
:20E780009F4200DDDFE2FE218905FCF7A9F99E49061CFCF77FF89D498046301CFCF77AF8E8
:20E7A000FA21071C8905301CFCF774F8011C9848FCF796F9311CFCF76DF8011CFC20800500
:20E7C000FCF78EF9311C8146301CFCF763F8011C4846FCF75FF88F49FCF75CF8011C381C8C
:20E7E000FCF77EF9011C071C4046FBF7EDFC4146060B3603301CFCF773F9011C381CFCF72E
:20E800006FF9009B8146013B1D4300D05AE2824F250B2D03291C201CFCF762F9311CFCF746
:20E8200039F8211C80464846FCF734F8011C4046FBF7CAFC291C8046301CFCF72BF8011C12
:20E840008246061C4046FBF7BFFC4500814604006D08002800DC38E28623DB059D4200DDB3
:20E8600092E200D181E2FC239B059D4200DD39E2002300269946240B24036849201CFCF7FC
:20E8800009F85146051C201CFCF72AF9011C4046FCF726F96249FBF7FDFF62498046201C72
:20E8A000FBF7F8FF011C4046FBF78EFC8046011C281CFBF789FC291C041CFCF711F9011C33
:20E8C0004046FCF70DF9211C8046201CFBF7E2FF5549051CFBF7DEFF5449FCF701F9291C4A
:20E8E000FBF7D8FF5249FBF76FFC291CFBF7D2FF5049FCF7F5F8291CFBF7CCFF4E49FBF74B
:20E9000063FC291CFBF7C6FF011C201CFCF7E8F8051C011C201CFBF7BDFF80218246C90511
:20E92000281CFCF7DDF8011C5046FBF7EBFD4146051C201CFBF7AEFF4146FBF745FC011CE4
:20E94000281CFCF7CDF8211CFCF7CAF8011CFE208005FCF7C5F83618F215002A00DCEEE12F
:20E96000301C391CFBF796FFBEE6FE239B05984200D0B5E68023214ADB034B405B0093421E
:20E9800000D9ADE6FE208005AEE69723DB059A4214DAFE239B059A4200DABFE6D3159622B4
:20E9A000D31A42461A4111009940414500D0B5E601231A4001339B1A0093AFE60223009365
:20E9C000A7E6311C301CFBF765FF8DE6FE239B059F42D7D054DD4B46201C002B00DB83E692
:20E9E000002081E64B46301C002B00DB7CE6FE20311C8005FBF786FD76E6C046000080FF05
:20EA0000F3FF7F3F0700803F00AAB83F70A5EC36ABAAAA3E3BAAB83F000080BF0072313F6E
:20EA20001872313F8CBEBF354CBB31330EEADD3555B38A38610B363BABAA2A3EFEF70CFBC9
:20EA4000FF23DB059F4202D0002F00D083E64B46002B04DA011CFE208005FBF753FD002DD0
:20EA600000DB41E6D14B9C46009B67441F4300D01FE1011CFCF734F8011CFBF743FD33E67A
:20EA80004B46002BACDA80231B06E0182CE600F02DFB29E6311C301CFCF722F8011CFBF78A
:20EAA00031FD21E6FF23DB050022334206D19721C905FBF7EFFE182207005242FB157F3BAD
:20EAC0007F0299187B0AFE27B94ABF0501911F43934208DDB74A934200DC3BE1B64B0131E4
:20EAE0009C460191674400230593049300230393FE239B059B465946381CFBF7F1FF5946D6
:20EB00008146381CFBF760FB011CFE208005FBF7F9FC011C02904846FBF7BCFEBA467B1072
:20EB20008027BF051F438023DB029C46039B67449C46060B674436038046391C301CFBF72D
:20EB4000A9FE011C4846FBF7CBFF59468146381CFBF7C6FF011C5046FBF7C2FF311CFBF791
:20EB600099FE011C4846FBF7BBFF0299FBF792FE414681464046FBF78DFE9049071CFBF74B
:20EB800089FE8F49FBF720FB391CFBF783FE8D49FBF71AFB391CFBF77DFE8B49FBF714FBCD
:20EBA000391CFBF777FE8949FBF70EFB391CFBF771FE8749FBF708FB391C8246381CFBF7EE
:20EBC00069FE011C5046FBF765FE311C071C4046FBF7FAFA4946FBF75DFE391CFBF7F4FAD9
:20EBE000311C8246301CFBF755FE7A498346FBF7EBFA5146FBF7E8FA070B3F03391C301CAC
:20EC0000FBF748FE7349061C381CFBF769FF5946FBF766FF011C5046FBF762FF4146FBF7BB
:20EC200039FE391C80464846FBF734FE011C4046FBF7CAFA8146011C301CFBF7C5FA070B84
:20EC40003F036549381CFBF725FE311C8046381CFBF746FF011C4846FBF742FF5F49FBF745
:20EC600019FE5F49061C381CFBF714FE011C301CFBF7AAFA0499FBF7A7FA071C0198FCF77D
:20EC800013F98146391C4046FBF79EFA059B191C9A46FBF799FA4946FBF796FA060B3603A7
:20ECA0004946301CFBF71CFF5146FBF719FF4146A1E5009B012B00D016E580231B069C4686
:20ECC000604411E5FE27BF05A2E5464B9D4264DC00D0C8E5311CFBF703FF4146FBF766F9E4
:20ECE00000285AD1802000040300ED157E3D2B411B191D005A005B025B0A034317203A4984
:20ED0000120E7F3A1141821A13418D4329009946002C01DA5B429946301CFBF7E1FE4B46CF
:20ED2000011C82464046DE05FBF74EFA0400A2E54B46002B0ADB002001F05EF8D4E4494671
:20ED4000FEF7A2FA0DE64B46002BF4DD002001F059F8C9E4254B0593254B049380239B0343
:20ED60000393FF239B059B46C5E622494046FBF72BFA311C82464846FBF7B2FE011C5046AF
:20ED8000FBF70AF90028ADD00021381CFBF7F0F8431E984101F036F8A6E40021381CFBF740
:20EDA000E7F8431E984101F027F89DE4000080C071C41C00D6B35D00000080FF42F1533EEF
:20EDC00055326C3E05A38B3EABAAAA3EB76DDB3E9A99193F000040400038763F4F38763FE3
:20EDE000A0C39D3600001643FFFF7F0000C0153FDCCFD1353CAA3833F0B54E46DE465746F7
:20EE00004546E0B5AC4B89B046000C00039076089E4200DC71E0A94B9E4220DCA849002849
:20EE200000DC1FE1FBF75CFE0F239E43A54B051C9E426ED0A449FBF753FE011C2060281C57
:20EE4000FBF74EFEA049FBF74BFE01256060280009B0F0BCBB46B246A946A046F0BD9B4B7C
:20EE60009E4268DDFF23DB059E424BDAF715863FFD05751B281CFBF7F7FFFCF715F8011CBA
:20EE80000590281CFBF72CFE8721C905FBF702FD8046FBF7E9FFFCF707F8011C0690051CB0
:20EEA0004046FBF71DFE8721C905FBF7F3FC00210790FBF757F8002800D1B6E00021281C7B
:20EEC000FBF750F8434243410133814A21000192022205A800923A0000F028FA039B0500EA
:20EEE000002BB4DA8022120694462368454263442360636863446360A9E700230025086014
:20EF00004B60A4E7011CFBF7EBFD0025606020609DE77049FBF7E4FD6F49051CFBF7E0FDA7
:20EF2000011C2060281CFBF7DBFD6B49FBF7D8FD012560608BE7FEF78FF86849071CFBF711
:20EF4000A9FCFC218905FBF73FF9FBF78DFF0500FBF7AAFF5A498246FBF79CFC011C381CB3
:20EF6000FBF7BEFD584981465046FBF793FC80461F2D23DCFF23320059499A436B1E9B005D
:20EF80005B589A421AD041464846FBF7A9FD071C2760391C4846FBF7A3FD4146FBF7A0FD16
:20EFA000039B6060002B00DB51E780231B069C4667446044276060606D4248E74146484686
:20EFC000FBF78EFDF3159B46FF22C30D13405A46071CD31A082BDBDD3E495046FBF75AFC87
:20EFE000071C011C4846FBF77BFD011C061C4846FBF776FD391CFBF773FD3749071C5046B7
:20F00000FBF748FC391CFBF76BFD011C8046301CFBF766FDFF22C30D13405A46071CD31A93
:20F02000192B04DCB1462060B3E703234DE72D495046FBF72FFC071C011C301CFBF750FD4D
:20F04000011C8146301CFBF74BFD391CFBF748FD2549071C5046FBF71DFC391CFBF740FD04
:20F06000804690E7FBF7B0F80F239E43154B051C9E420ED01449FBF7A7F8011C2060281C98
:20F08000FBF72EFD1049FBF79FF8012560606D42DDE61049FBF798F80F49051CFBF794F847
:20F0A000011C2060281CFBF71BFD0B49FBF78CF8012560606D42CAE6D80F493FE3CB1640E3
:20F0C000800FC93FD00FC93F43443537800F49437CF102000044353708A3852E84F9223F49
:20F0E000FCF0020000A3852E32318D24FF21420070B50300041C5208C9058A423AD2002AE4
:20F1000037D000283FDBC51501420BD1802109040A00024001423DD15B00100001320B4277
:20F12000FAD02D1A5B025A0A80232E001B047F3E1343EA0725D58022192100250024761064
:20F140005B005204A018984202DC84181B1AAD1801395B0052080029F4D1002B02D00123FA
:20F1600001359D43FC239B059C4668106044F605301870BD011CFBF78DFB211CFBF724F86A
:20F18000F7E75B00D7E7011CFBF7AAFC011CFBF7B9F9EEE7012040422D1AC3E7F8B547465F
:20F1A000CE46C823460080B5051C0F1C76089B059E4248DAFBF758FE002800D19FE0291C64
:20F1C000281CFBF767FB4F49041CFBF763FB4E49FAF7FAFF211CFBF75DFB4C49FBF780FC84
:20F1E000211CFBF757FB4A49FAF7EEFF211CFBF751FB4849FBF774FC211CFBF74BFB4649AB
:20F20000FAF7E2FF211CFBF745FB8046FC21201C8905FBF73FFB4146061C201CFBF73AFBC8
:20F22000391C041C281CFBF735FB011C201CFBF757FC011C301CFBF753FC011CFE208005EB
:20F24000FBF74EFC53E0011CFBF724FB2D49041CFBF720FB2C49FAF7B7FF211CFBF71AFB0E
:20F260002A49FBF73DFC211CFBF714FB2849FAF7ABFF211CFBF70EFB2649FBF731FC211CA3
:20F28000FBF708FB2449FAF79FFF211CFBF702FB224B80469E42B9DD214B9E422BDCFF2333
:20F2A0001B069C46FE206644311C8005FBF718FC8146FC21201C8905FBF7ECFA311CFBF7E6
:20F2C0000FFC4146061C201CFBF7E4FA391C041C281CFBF7DFFA011C201CFBF701FC011C85
:20F2E000301CFBF7FDFB011C4846FBF7F9FBC0BCB946B046F8BD0B4B0B4E9946D9E7FE20B5
:20F300008005F4E74ED747ADF6740F317CF29334010DD037610BB63AABAA2A3D9999993E5F
:20F320000000483F0000383F0000903EF0B5DE4657464E464546E0B5DFB0039018000B9111
:20F3400068990893BF4B14000D928A00D1580691010001390191221D00DAFBE20723E21E1D
:20F36000D1170B409B18DB10591C0093CB000C930C9A0D9B9B1A0593009A019BD41A069AEB
:20F38000D6180ED40136699F22AD36190020002C03DBA300F858FBF787FD013401C5B442BC
:20F3A000F4D1069B002B00DA39E3089A4AAB94469A460793019B9F00994622AB9846069B75
:20F3C000B84463449B46039B04379C466744019B0024002B0EDB46460024039D316801CDB8
:20F3E000FBF758FA011C201CFAF7EEFE043E041CBD42F3D1534610C39A4604239C46033BDB
:20F40000E0449C46E144D945E1D10EAB04219A46494251448C46069A93009C4461460A91EC
:20F420006999083B8C4653440993009B08999B0063440293039B8F00043BDF190492049BD6
:20F440009A0093465946079A5458002B28DD1E007D4BB9469C466644944690465746B600A9
:20F460006644EE21201C8905FBF714FAFBF7FCFCFBF71AFD8721C905051CFBF70BFA011C6B
:20F48000201CFBF72DFBFBF7EFFC316801C7281CFAF79AFE3300041C043E9845E1D14F4652
:20F4A000059E201C3100FDF7EFFEF8218905041CFBF7F0F9FDF7D4FD8221C905FBF7EAF9AE
:20F4C000011C201CFBF70CFB041CFBF7CDFC8146FBF7EAFC011C201CFBF702FB051C002EC9
:20F4E0007BDD049B08205A1E534692009B58801B19000141894481405B1A51468B500722C3
:20F50000921B134198464346002B74DC0021281CFAF728FD002800D1CDE0049B069A591E31
:20F520008A420EDC484A0A989446002263449B0053441C68043B22438342FAD1002A00D05A
:20F540000BE15246069B013B9B00D358002B00D0FEE00122099B1968043B01320029FAD0FE
:20F56000049B9C46591C894662440092089B049E9C4622AB9846079B66449C46B600B044E4
:20F58000E3444B46029A9B00D058FBF78DFC43461860019B002B1EDB46460024039D01E0E7
:20F5A000306804352968FBF775F9011C201CFAF70BFE043E041CBD42F2D15B465C60012391
:20F5C0009C460333E1449C46009BE044E3449945D7DD049333E70024EFE7059B002B00D04E
:20F5E000ACE05246049B013B9B00D358DB1198464346002B8ADD01239C46049BE144002B6C
:20F6000000DCBCE153461C68002C00D08CE0049B012B21D001220FAB1C68002C00D186E06C
:20F62000531C802149000C1B514692008C50049A9A4210DD50469B00CA585844FF21534438
:20F6400005E0C046C0F40200FFFFFF3F1A688A1A04C38342FAD10124059B002B0DDD012B4A
:20F6600000D172E1022B08D13F22049B013B9B005146C9580A405146CA504346022B00D050
:20F6800044E7FE20291C8005FBF72AFA051C002C00D13BE7FE2005998005FDF7F5FD011CBD
:20F6A000281CFBF71DFA051C0021281CFAF75AFC002800D031E7434601934B460D9A039335
:20F6C0000C9B281C991AFDF7DFFD8721C905051CFAF76CFC002800D17DE1EE21281C890594
:20F6E000FBF7D8F8FBF7C0FBFBF7DEFB8721C905041CFBF7CFF8011C281CFBF7F1F9FBF752
:20F70000B3FB53465A46985001229446049B201C63449846059B0833059343469D00FBF732
:20F72000A3FB5346585135E00123002279E70499013204338A4200D06EE78DE7FC21890517
:20F74000FAF734FC002800D009E100239846DDE6049B01339946009308E7434688460193C3
:20F760004B4603934346524605999B00D35808390591002B0ED1B64A049B94464246634454
:20F780009B0053441868043B013A08390028F9D090460591FE2005998005FDF775FD43466F
:20F7A000041C002B00DA3DE19B009C46079A1D00624491461600029355442868FBF774FB19
:20F7C000211CFBF767F8EE2130608905201CFBF761F8043E2B00041C043D9A45EDD136AB9B
:20F7E0009B469C4B00279A4643460093069B984643460024002B1ADB3B0000264F460024B8
:20F8000000259946944804E00436A9450CDB5346F058B959FBF73EF8011C201CFAF7D4FCE0
:20F820000135041CA845EFDA4B46B9461F005A46BB00D450042252429446009A7B1CE144A4
:20F84000974201D01F00D3E7009B9846689B022B21DC002B00DD94E013D100205D46029CBE
:20F860005C442168FAF7B0FC2300043C9D42F8D1019B002B03D080231B069C4660440B9B2D
:20F8800018600720039B18405FB0F0BCBB46B246A946A046F0BD689B032BF2D14346002BF5
:20F8A00000D1D3E05B46029A9E586C4B434499469D005D442B68301C191C9A46FAF784FCD1
:20F8C000341C011C061C5046FBF70AF9211CFAF77BFC2F0068602E60043DBB45EAD143465F
:20F8E000012B00DCB2E05B46029A5D469E584B469B00984645442F68301C391CFAF764FC7C
:20F90000341C011C061C381CFBF7EAF8211CFAF75BFC2F0068602E60043DAB45EBD14446AF
:20F92000002004345C442168043CFAF74DFCA742F9D1019B002B57D10B9B369A98601A6042
:20F940005A46526800925A609BE7049B7F22013B9B008DE608230C930023009308E5012364
:20F960009C4601339846049BE144002B00DD49E6FE20291C8005FBF7B3F8051CC6E5002423
:20F980006AE600205D46029C5C442168FAF71CFC2300043C9D42F8D1019B002B32D10B9B09
:20F9A000011C18603698FBF79BF84346002B0FDD0124464637AD02CD0134FAF705FCA6424C
:20F9C000F9DA019B002B03D080231B069C4660440B9B586055E7281CFBF746FA53465A4627
:20F9E0009850049B9846D5E6802212069446369B0B9A634413605B465B6860446344536061
:20FA000090603EE780230B9A1B06C3181360011C3698FBF765F84346002BC9DCD4E74AABD7
:20FA20000793F2E4689B022B06DC002B0CDC0020002B00D11CE724E7689B032B00D020E7FF
:20FA400036AB00209B4674E70020A5E7002070E7FEFFFF3F94F402000000C93FFFFFFF3F3D
:20FA6000F8B54746CE4680B51700C8224300041C0E1C5B089205934205DAFBF7F5F90300E4
:20FA8000201C002B32D0211C201CFAF703FF051C011C201CFAF7FEFE27498046281CFAF7BF
:20FAA000F9FE2649FBF71CF8291CFAF7F3FE2449FAF78AFB291CFAF7EDFE2249FBF710F84A
:20FAC000291CFAF7E7FE2049FAF77EFB8146002F10D1011C281CFAF7DDFE1C49FBF700F8E5
:20FAE0004146FAF7D7FE211CFAF76EFBC0BCB946B046F8BDFC21301C8905FAF7CBFE4946BC
:20FB0000071C4046FAF7C6FE011C381CFAF7E8FF291CFAF7BFFE311CFAF7E2FF0B49051CB7
:20FB20004046FAF7B7FE011C281CFAF74DFB011C201CFAF7D5FFD9E7D3C92E2F342FD732BC
:20FB40001BEF3836010D50398988083CABAA2A3EF0B557464E464546DE4643005B0898467B
:20FB6000C623E0B583B09146041C0F1C01909B05984514DAFBF778F9002828D14B46424619
:20FB80000133134300D1F5E04B46251C012B00D1BAE07D48211CFAF7B5FC051CB4E07B4BAD
:20FBA000984514DD002804DA80231B069C4664446744211C7648FAF793FF391C041C7548C8
:20FBC000FAF78EFF211CFAF7FFFA0027041C211C201CFAF75FFE011C061CFAF75BFE311C9C
:20FBE000051C201CFAF756FE6B498246281CFAF751FE6A49FAF7E8FA291CFAF74BFE6849AD
:20FC0000FAF7E2FA291CFAF745FE6649FAF7DCFA291CFAF73FFE6449FAF7D6FA291CFAF711
:20FC200039FE6249FAF7D0FA311CFAF733FE60498346281CFAF72EFE5E49FAF7C5FA291C49
:20FC4000FAF728FE5C49FAF7BFFA291CFAF722FE5A49FAF7B9FA291CFAF71CFE5849FAF7BF
:20FC6000B3FA291CFAF716FE5649FAF7ADFA011C5846FAF7A9FA5146FAF70CFE391CFAF72F
:20FC8000A3FA311CFAF706FE391CFAF79DFA4E49051C5046FAF7FEFD291CFAF795FA011C8C
:20FCA000061C201CFAF790FA384B051C984533DC4B46012B28D0030B1B03011C3248984685
:20FCC000FAF720FC211C071C050B4046FAF708FF2D03011C301CFAF703FF291CFAF7DAFD90
:20FCE000291C041C4046FAF7D5FDFE218905FAF76BFA011C201CFAF767FA391CFAF7CAFD9B
:20FD0000291CFAF761FA051C281C03B0F0BCBB46B246A946A046F0BD4846FBF7C5F8291C91
:20FD2000071C281CFAF7B6FD391C8046281CFAF74BFA011C4046FAF7E5FB311CFAF7D0FEA3
:20FD4000011C201CFAF7CCFE011CFAF73DFA011C381CFAF7C5FE041C0220019B9B17034052
:20FD60000138C01AFBF7A0F8011C201CFAF792FD051CC9E7201CFDF76FF9011CFE208005E4
:20FD8000FAF7C0FB051CBFE7000080BF3FA12C3FDA0F493F682122338453D9377AC0953829
:20FDA000B937813948DEBE3A1F37113CD10D5D3D5FAE9BB745F4A338C8261A3A16696B3B86
:20FDC000A427B33C8988083EABAAAA3E70B50D00041C00F0F7F90560201C70BD10B50B1CE9
:20FDE000002802D080231B06CB18181CFAF752FD2221FFF7EBFF10BD802110B54905FFF754
:20FE0000EDFF10BDE02110B5C905FFF7E7FF10BDF8B54E4657464546DE46A34BE0B54E008E
:20FE2000804689468A4676089E421CDD9F4B9E4209DC06D05346002B00DCBAE09C4B9D4A79
:20FE400009E00028F6D042464B4640464946FBF7BBF803000A0018001100F0BCBB46B2461D
:20FE6000A946A046F8BD944B9E4200DDA4E0934B9E4200DC8FE001235B429B4642464B4614
:20FE800040464946FBF7DEFF02000B0006000F00FBF7D8FF04000D00894A8A4BFBF7D2FF17
:20FEA000894A8A4BFBF790F822002B00FBF7CAFF874A884BFBF788F822002B00FBF7C2FF02
:20FEC000854A864BFBF780F822002B00FBF7BAFF834A844BFBF778F822002B00FBF7B2FF32
:20FEE000814A824BFBF770F832003B00FBF7AAFF7F4A804B06000F0020002900FBF7A2FF83
:20FF00007D4A7E4BFCF70AFA22002B00FBF79AFF7B4A7C4BFCF702FA22002B00FBF792FF37
:20FF2000794A7A4BFCF7FAF922002B00FBF78AFF774A784BFCF7F2F922002B00FBF782FF69
:20FF40000B005946020001315CD059463000CC003900FBF739F842464B46FBF773FF6E4D68
:20FF60006E4B2D191C1922686368FCF7D7F942464B46FCF7D3F902000B0028686968FCF7FC
:20FF8000CDF9030050460A00002800DB63E7802212068A185FE7624A624BFBF715F800228F
:20FFA000614BF9F7BFFF002800D164E743464A4651E73F4B5D4A4EE700F0C4F85C4B040095
:20FFC0000D009E422FDC5B4B9E4255DC02000B00FAF7FAFF0022544BFCF7A0F98023060085
:20FFE0000F000022DB0520002900FAF7EDFF0B00020039003000FBF723FB0023804689468C
:020000040002F8
:200000009B463BE730003900FAF7DEFF42464B46FBF718FF02000B0040464946FCF77EF9F8
:2000200003000A0017E7444B9E421ADC0022434BFCF774F9002206000F00404B2000290035
:20004000FBF700FF0022384BFAF7BEFF0B00020039003000FBF7F4FA0223804689469B466B
:200060000CE70B00020036490020FBF7E9FA0323804689469B4601E700222B4BFCF74EF9B6
:20008000002206000F00284B20002900FAF79CFF0B00020039003000FBF7D2FA01238046C3
:2000A00089469B46EAE6C046FFFF0F440000F07F182D4454FB21F93FFFFFDB3FFFFF1F3E56
:2000C00011DA22E33AAD903FEB0D76244B7BA93F513DD0A0660DB13F6E204CC5CD45B73F32
:2000E000FF8300922449C23F0D5555555555D53F2F6C6A2C44B4A2BF9AFDDE522DDEAD3F6C
:200100006D9A74AFF2B0B33F711623FEC671BC3FC4EB98999999C93F508D0200708D02004F
:200120009C7500883CE4377E0000F03FFB21F9BFFFFFF23FFFFFE53FFF7F03400000F83F05
:200140000000F0BF4B0059087047C046FF2243005B080120D205934200DB00207047C0463B
:200160004000430800280ED0FE210A4AC9059A188A420CD308495A1E8A4206D9074A9818DB
:200180004342584170470220FCE70320FAE70420F8E7C046000080FFFEFF7F00000080807D
:2001A000004870470000C07F10B5040004481300002804D00A000220210006F07EFA10BD55
:2001C000BB660200014B18687047C0466C000020084B10B50400002B02D0002100E000BF0E
:2001E000054B1868836A002B00D09847200008F029FAC046000000002CF50200002310B51C
:200200000400036043608360818143661900C28103614361836108225C3008F071FC054B93
:2002200024626362044BA362044BE362044B236310BDC0464105020069050200A105020083
:200240006D8B020010B5024908F002FC10BDC046CD08020010B5024808F01BFC10BDC04603
:20026000DE2F002010B5024808F014FC10BDC046DE2F002010B5024808F00BFC10BDC04659
:20028000DF2F002010B5024808F004FC10BDC046DF2F002013B50400FFF7ECFFA369002B44
:2002A00002D0FFF7EFFF13BDA364E3642365134B134A1B68A2620193A34201D10123A3612D
:2002C000200000F01FF86060200000F01BF8A060200000F017F800220421E0606068FFF7B0
:2002E0008DFF01220921A068FFF788FF02221221E068FFF783FF0123A361D2E72CF5020085
:2003000045020200F8B50700FFF7A4FF1F4B1E68B369002B02D13000FFF7BCFF4836B468C2
:200320007368013B04D53368002B22D03668F6E70C22A55E002D1AD12000154B5830E36006
:20034000656608F0A5FBFFF78DFF2000082229002560A560656025616561A5615C3008F020
:20036000CFFB6563A563A564E5642000F8BD6834D7E70421380008F055FB041E3060D5D165
:20038000FFF770FF0C233B60EFE7C0462CF502000100FFFF70B500260C4D0D4C641BA41000
:2003A000A64209D1002608F0AFFC0A4D0A4C641BA410A64205D170BDB300EB5898470136DB
:2003C000EEE7B300EB5898470136F2E7F0000020F0000020F0000020100100200FB40B4BE9
:2003E00013B51C68002C05D0A369002B02D12000FFF750FF05AB2000049AA168019300F046
:2004000025FB16BC08BC04B01847C0466C00002070B505000E00002804D08369002B01D164
:20042000FFF738FFAB69AC68002B02D12800FFF731FF2D4B9C4222D16C68636EDB0705D472
:20044000A3899B0502D4A06D08F023FBA3891B0702D52369002B29D12100280000F020F9AF
:20046000002823D001256D42636EDB0705D4A3899B0502D4A06D08F00DFB280070BD1B4B96
:200480009C4201D1AC68D8E7194B9C42D5D1EC68D3E70136A360002B04DAA2699A4216DCC7
:2004A0000A2914D023685A1C22601970A3683178013B0029EDD1A360002B0FDA28002200E1
:2004C0000A3100F083F80A25431CCDD1CAE72200280000F07BF8431CE8D1C3E70A25236870
:2004E0005A1C22601D70BFE7ECF402000CF50200CCF4020010B5034B01001868FFF788FF19
:2005000010BDC0466C00002010B5034B0100186808F0FEFA10BDC0466C000020002370B551
:20052000064D0400080011002B6000F039FD431C03D12B68002B00D0236070BD1C2F0020BE
:2005400070B50C000E25495F00F0CCFC002803DB636D1B18636570BDA389024A1340A381EA
:20056000F9E7C046FFEFFFFFF8B51F008B8905000C001600DB0505D50E23C95E0022022349
:2005800000F0E4F9A389054A28001340A38132000E23E15E3B0000F06FF8F8BDFFEFFFFF9F
:2005A00070B50C000E25495F00F0D0F9A389421C03D1054A1340A38170BD802252011343DA
:2005C000A3816065F8E7C046FFEFFFFFF8B505000E001400002804D08369002B01D1FFF7B2
:2005E00059FE224B9C422ED16C68A369A360A3891B0732D52369002B2FD023682269F7B2AD
:20060000981A6369F6B2834205DC2100280000F05DF9002827D1A3680130013BA360236859
:200620005A1C22601F706369834204D0A389DB0707D50A2E05D12100280000F047F9002835
:2006400011D13000F8BD0A4B9C4201D1AC68CCE7084B9C42C9D1EC68C7E72100280000F001
:200660001FF80028C9D001267642EAE7ECF402000CF50200CCF4020070B504000800110009
:200680001A000023054D2B60F8F7A8FA431C03D12B68002B00D0236070BDC0461C2F0020CD
:2006A000374B70B51D6806000C00002D05D0AB69002B02D12800FFF7EDFD324B9C420FD1A5
:2006C0006C680C23E25E93B211072DD4D90611D409230120336037331343A381404270BD42
:2006E000294B9C4201D1AC68EBE7284B9C42E8D1EC68E6E75B0713D5616B002908D023008B
:200700004433994202D0300007F0CDFC002363632422A3899343A38100236360236923607B
:200720000823A2891343A3812369002B0BD1A0218022A389890092000B40934203D0210098
:20074000300000F03FF90C22A35E01201A0099B2024003420FD00022A26062695242A261A0
:20076000002022698242BAD10A06B8D540221343A3810138B3E7880700D46269A260EFE72D
:200780006C000020ECF402000CF50200CCF40200002370B5064D040008002B60F8F708FA03
:2007A000431C03D12B68002B00D0236070BDC0461C2F0020F7B58B8905000C001A075FD432
:2007C0004A68002A04DC0A6C002A01DC0020FEBDE76A002FFAD0002280212E682A601A00BE
:2007E00049010A400B4234D0606DA3895B0706D56368C01A636B002B01D0236CC01A020004
:20080000216A00232800E76AB847A189431C06D12B681D2B31D82C4ADA40D3072DD50023DF
:20082000636023692360CB0405D5431C02D12B68002B00D16065616B2E600029C6D023007B
:200840004433994202D0280007F02DFC00206063BDE701232800216AB847431CC5D12B6847
:20086000002BC2D01D2B01D0162B01D12E60ADE74023A2891343A381A9E740230B43FAE743
:200880000F69002FA2D00A680F60D21B019200229B0700D14A69A260019B002B00DC95E775
:2008A0003A002800019B216AA66AB047002806DC40230120A28940421343A38187E7019BE9
:2008C0003F181B1A0193E7E7010040200B6970B505000C00002B02D10025280070BD00287F
:2008E00004D08369002B01D1FFF7D4FC144B9C421BD16C680C22A35E002BEDD0626ED207B8
:2009000004D49B0502D4A06D08F0C3F828002100FFF750FF636E0500DB07DED4A3899B0505
:20092000DBD4A06D08F0B6F8D7E7064B9C4201D1AC68DFE7044B9C42DCD1EC68DAE7C046C7
:20094000ECF402000CF50200CCF4020070B50400080011001A000023054D2B60F8F7A0F90C
:20096000431C03D12B68002B00D0236070BDC0461C2F002070B50E001D000E23C95E1400D9
:2009800096B0002908DA0C22B35E00222A601B0611D48023DB000FE06A4600F0B7FA00282F
:2009A000F1DBF02301991B021940054BC9184B4259412960EDE740230020236016B070BD9A
:2009C00000E0FFFFF7B502268B8905000C00334206D0230047332360236101236361F7BDB5
:2009E0006A4601ABFFF7C6FF00990700280007F055FB002808D10C22A35E9A05EFD403221A
:200A000093431E43A681E4E70F4BAB628023A28920601343A381009B20616361019B002BD7
:200A20000DD028000E23E15E00F082FA002806D00322A38993431A0001231343A381A089CF
:200A40000743A781CBE7C04645020200F0B5A1B006000C001F000392002804D08369002B54
:200A600001D1FFF717FC8E4B9C421CD17468636EDB0705D4A3899B0502D4A06D08F009F8E7
:200A8000A3891B0702D52369002B1DD121003000FFF706FE002817D0636EDB070DD501207C
:200AA000404221B0F0BD7F4B9C4201D1B468DEE77D4B9C42DBD1F468D9E7A3899B05EED4DF
:200AC000A06D07F0E7FFEAE7002308AD6B6120336B761033AB760797039F3B78002B01D030
:200AE000252B4ED1039BFB1A0593039B9F420DD0059B21003000039A08F084F8431C00D1AE
:200B0000B5E06A69059B944663446B613B78002B00D1ACE001227B1C0393002352426A6074
:200B200004A9543252182B60EB60AB601370AB65039B052219785D4807F0ADFF039B5F1CED
:200B4000002820D12A68D30604D5532304A95B1820211970130704D5532304A95B182B2103
:200B60001970039B1B782A2B16D00021EB68039F3A78781C303A8446092A4FD9002911D18A
:200B800017E00137A9E7494B2A68C01A0123834013432B600397CBE7079B191D1B6807918F
:200BA000002B01DB0B9304E05B42EB60022313432B603B782E2B0AD17B782A2B37D1079BE5
:200BC00002371A1D1B680792002B2DDB099303223978374807F05FFF002807D0344B2A6800
:200BE000C01A40238340134301372B6039787B1C062230480393297607F04DFF002845D03F
:200C00002D4B002B27D10722079B07339343083307936B69049A9B186B615DE70A214B439B
:200C200067469B180939A3E701235B42CEE700231A0001376B603978781C30398446092928
:200C400003D9002BC3D00992C1E70A235A4367465218093BEFE707AB0093220029003000FC
:200C6000164B00E000BF0490049B0133D1D1636EDB0705D4A3899B0502D4A06D07F00AFF30
:200C8000A3895B0600D50AE70D980AE707AB0093220029003000094B00F012F8E3E7C0468D
:200CA000ECF402000CF50200CCF40200478703004D8703005187030000000000058C020077
:200CC000F0B58BB006920A0043320793059004920A7E0C00109B782A07D8622A09D8002A01
:200CE00000D1C1E0582A00D18CE026004236327022E0100063381528F7D8F8F769FF16005D
:200D00001F00F6FFF6FFF6FFF6FF1F00F6FFF6FFF6FFF6FFA80036009A00F6FFF6FFB900D2
:200D2000F6FF3600F6FFF6FF9E0026001A684236111D1960136833700123A7E0086819687F
:200D40000A1D05060BD50D681A60002D03DA2D23049A6D421370614B0A2703931BE00D6885
:200D60001A604106F1D52DB2EFE70D681968081D18602E0601D50D6803E06D06FBD50D688A
:200D8000ADB2564B082703936F2A00D002372300002243331A706368A360002B03DB0422AA
:200DA000216891432160002D02D1049E002B0CD0049E28003900F8F79BFF039B013E5B5C8C
:200DC00033702B0005009F42F3D9082F09D12368DB0706D563682269934202DC3023013E9F
:200DE0003370049B9B1B2361079B210000930598069B09AA07F018FF431C4CD10120404203
:200E00000BB0F0BD45310A70344A03921A68216820CA1A60080616D5CB0702D520231943B7
:200E200021601027002DB2D1202322689A432260ADE7202209680A432260220078214532D6
:200E40001170274AE1E74806E6D5ADB2E4E71A680D68101D4969186013682E0601D5196059
:200E600002E06D06FBD519800023049E2361BBE71A68111D1960166800213000626807F010
:200E80000AFE002801D0801B6060636823610023049A1370A8E72369320006990598079D36
:200EA000A847431CAAD023689B0715D4099BE0689842A5DA1800A3E72200012306990598EB
:200EC000079E1932B047431C98D00135E368099A9B1AAB42F0DCE9E70025F7E7588703001D
:200EE0006987030070B50400080011001A000023054D2B60F7F79CFE431C03D12B68002B2A
:200F000000D0236070BDC0461C2F0020002370B5064D0400080011002B6007F076FB431CD6
:200F200003D12B68002B00D0236070BD1C2F0020002370B5064D040008002B60F7F79CFE7A
:200F4000431C03D12B68002B00D0236070BDC0461C2F002070B505000C481C0316005B00A1
:200F60000A034900120B490D240B5B0D814208D0064A0020934203D120003043431E984190
:200F800070BD01202A43FBD1F2E7C046FF07000058220120014B40421A6070471C2F0020E0
:200FA00058220120014B40421A6070471C2F002010B5F5F793F843000120184310BD10B59F
:200FC000DFF7D0F943000120184310BD10B50122DFF778FA10BD10B50222DFF773FA10BDF0
:200FE00010B50022DFF76EFA10BD020030B50B688568AB4201D3002009E0D468D8002018A2
:2010000004680133002CF4D0042CF2D00B6030BD010010B580680C31FFF7E7FF002800D037
:20102000006810BD13B5010004000C318068FFF7DCFF00280CD02279012A0AD04368022A3D
:2010400009D002686946022000920193F3F724FA16BD0068FCE71800FAE710B50C7A0300E9
:201060000020012C05D11F2B03D118004968DFF74DFB10BD70B50500102000F0F8FD040038
:201080002900DFF727FC200070BD70B504008068FFF7F0FF236805000360042322791340E3
:2010A000D207D20F13436268D208D20013434360A368E168DA00C06807F006FD280070BD0C
:2010C0004068C008704770B51500040001220430E0F7C8FC4560200070BD022213B50400D7
:2010E0000090019110006946DFF7ECF9200016BD0430704710B544680C6081681160C26815
:201100001A6010BDFC30C16002617047002370B504001D007F26AA00A218FF32517C7F2909
:2011200006D102339B0020001955E9F717FE70BD0135EDB27E2907D102339B001E552000A1
:20114000E9F70CFE0023E6E70029E4D0980020180172917C01334172D17CDBB28172127D45
:20116000C272D8E7F7B51E0008AB1B781700009309AB1B7804000D00002201937E2905D830
:201180007E32521A920044317E2D00D9C2218900C32061187E2D01D8280045308000AD0092
:2011A000201807F09AFC009B6419FF34E374019B6774A6742375F7BD10B500220400A05C04
:2011C0008B5C00280BD0002B05D1E3F7DBF801234340DBB205E0984206D10132EFE75A4208
:2011E00053410120184010BD0020FCE7C9000B58181E02D0181F431E9841704710B50022CF
:20120000E0F7A8FB002801D1E0F74AFB10BD10B504004160002903D181600123236010BDB5
:20122000C80000F036FDA060F7E707234160C9001943016082607047037810B504009B0715
:2012400002D4806800F042FD042223681A4001231343236000236360A36010BDF7B543688C
:201260000400581C0193E0F7EBFB0500C000A76800F00FFD0622236865601A4001233D00A2
:20128000002613432360A060019B9E4203D1380000F01CFDF7BD2968002907D0042905D077
:2012A00001222000E0F7DEFB6B68436001360835EAE7002310B5040001604360880000F018
:2012C000E8FCA06010BDF0B5036887B004000D000292002B04D11300DB075FD500F060F800
:2012E00029000220E5F7E0FB4310180021680593F8F7FEFC00270391039B0193019B9B0053
:201300000493049AA3689B181E68002E0BD1029AD20743D5002F00D11F00636801336360DC
:201320002E003D602FE0042E14D1002F00D11F00019821680130F8F7DBFC039B01918B4287
:20134000DCD10122029B134228D0002F20D063689B18E4E729003000E2F798FA0028E7D0C8
:20136000029B9B070FD563680198013BA7686360049B21680130FD18F8F7BAFC8900CB5918
:20138000002B03D12B60300007B0F0BD0423F9E7200000F005F821680598A9E70026F2E766
:2013A000F8B5076804008668781CE0F749FB002520606560800000F06CFCA060BD4203D15B
:2013C000300000F083FCF8BDAB00F158002905D0042903D001222000FFF775FF0135EDE710
:2013E00003000168002070B5814201D1002512E09E688400341925680130002DF4D0042DD9
:20140000F2D05A68013A5A60F8F772FC89008B59002B02D12360280070BD0423FAE710B5E6
:201420000400806800F052FC002323606360A36010BD30B5884213D20378303B092B0FD8B4
:2014400000230A251360136804786B43303C1B1901301360814203D00378303B092BF2D963
:2014600030BDF7B51D00002600900192994215D3CF1A089B3400B34201DC3C003700009B0A
:201480002A001E193000019907F010FB002805D0BC4202D0089BE418F1E700263000FEBDCA
:2014A000F8B50600102015000F0000F0E0FB040006608560002F0FD029003800E7F76EFB55
:2014C0006060681C00F0D3FB2A003900E060060007F0FAFA002373552000F8BD10B50023CE
:2014E0000122E0F777FE10BD012210B500235242E0F770FE10BD012310B51A00E0F76AFEBD
:2015000010BD012210B513005242E0F763FE10BD10B50A0001000220E0F71CFF10BD10B5F4
:201520000A0001000020E0F715FF10BD10B50A0001000120E0F70EFF10BDF0B50C0095B030
:2015400004280AD1C868E2F7F3F9002802D1206815B0F0BD0690002802DA01235B420693A6
:201560002068E2F701F908906068E2F7FDF8089B0500984202D06068E0F762FCA068E2F7B0
:20158000F3F8854201D0A068F6E70DA92068E0F747FD0EA909906068E0F742FD0FA90B9009
:2015A000A068E0F73DFD0E9B0D9A00270A909342CDD80023049303930E9B0D9D002B0AD1DE
:2015C000002F04D038000F9A0A9907F07DFA0F9B039301230493099E069B049A93420ED082
:2015E000002D0CD00E9B290007930123300000930B9A079BFFF735FF0590002813D1002F4E
:2016000005D0039B2A003100F81807F05DFA039BE918002F2ED1049B002B98D010A803F0F4
:201620001BFB129FC5E7079A53425A41059B9B1805939D1B002F05D0039B2A003100F818B6
:2016400007F042FA039BED18002F04D00F9A0A99781907F039FA0F9B0D9AEB1803930E9B17
:20166000059E9C46099B66449D18049BAD1B01330493B1E7089810A9E0F762FC68E7F0B596
:201680000D0089B003A906002800E0F7C9FC00240190039904A803F0DFFA069F039BA3429D
:2016A00007D82800E2F760F804A9E0F749FC09B0F0BD019B185DB04738550134EEE713B55C
:2016C0000C00012A09D101A9E0F7AAFC019B2060636042230020A36016BD00230B604B605F
:2016E000013B01208B60F7E713B5040001A98068E0F796FCE3680199020000208B4205D252
:20170000D25C0130520001331043E36016BD07B501A9E0F785FC0199E7F794FAC3000620CE
:2017200018430EBD10B50400E1F746FF2000602107F057F9200010BD10B5040007F034FADA
:2017400001002000E1F7A6FF10BD10B506F0E9FF10BDD0B5041E0FD0F4F7C0FC06000F006C
:20176000F4F7BCFC801BB941002905D1844203D9EAF77EFF30BFF3E7D0BD10B5F8F772F9BD
:2017800010BD10B5F4F7AAFC10BD704710B5E1F7EBFF406801F03AFD10BD10B5830702D05D
:2017A00003F07FFC10BD002803DB430001201843F8E703F091FCF5E7704770B504000D0001
:2017C0001600E1F7D1FFC36A181E06D0320029002000984743425841C0B270BD03000020D8
:2017E000022B02D148000121084370470268030010783E2805D83B2805D8212806D0402086
:2018000003E04028FBD101321A6070473E20FAE7F8B5012605000468361BA7196078E2F707
:2018200099FD0134031EF8D1390028680A22EAF73DFF2C604010F8BD73B5E0F7F7FF0090CB
:201840006846FFF7D3FF00240600009B1878002803D160000124204376BDE2F77BFD01252F
:20186000002803D06846FFF7D3FF0500009B1978732904D16419009B01330093E5E701AAFF
:201880003000E8F723FE019B5A1E5B42013DF2D314191C400419F9E710B5E2F787FBE1F7E6
:2018A000E1FEE2F7C1FB0028F9DB10BD0300002210B59A560078002A0BDA7F2210403F3A20
:2018C000024207D13F2101331A7814008C43802C03D010BD90435208F2E780010A40013392
:2018E0001043F1E73F22013003789343802B00D070470130F8E7020030B500203F2491425B
:2019000000D830BD01390B78A343803B5D1EAB41C018F4E7030030B541183F2400208B42F9
:2019200000D330BD1A780133A243803A551EAA418018F4E710B50400E2F734FD002800D0E6
:201940002034200010BD10B50400E2F737FD002800D0203C200010BD3038092802D9202378
:2019600098430738704710B5102000F092F90722037893431A0001231343037010BD7F2237
:2019800010B5029C41602240D4000222224304888360A40AA4022243028010BD10B5FE2426
:2019A000049BA400DB002340072421401943039B42609B020B430168DB02490D4905DB0AC4
:2019C0000B430360029B8360059BC36010BD70B50400237808005B07110065685B0F052BA0
:2019E0000CD123682900D802E268400DEAF7DCFA23889B0601D5DFF75BFF70BD2A00A3687A
:201A0000EAF7A4FAF4E7802370B50C005B00194015000A001C4201D06A682968FFF7D7FF67
:201A20000223E2091A409A40E1B2AA18F2F7C0FB70BD13B504004068E5F702FA00280BD0ED
:201A4000A36801905A1CA26001225B001343694602200093F2F720FD16BDF8B507000C2081
:201A60001D000E0000F003F90760040000212868E5F784F960600020012E02D96868E1F748
:201A800057FFA0602000F8BD73B5050001A98068E0F7C6FAEB68019A0400002093420CD200
:201AA000E4182000FFF71EFF061B310001222000E0F77CFAEB689E19EE6076BD10B50021A4
:201AC000E5F75CF910BD3E2307B500220190694602200093E1F752FD0EBD10B50A00010012
:201AE0000C20E5F777FD10BD10B5020036210A20E5F770FD10BD10B502002E210A20E5F723
:201B000069FD10BD30B50B00040085B0012800D04C6869461868E5F731F905002800E5F77E
:201B20008FF9021E02D1200005B030BD21000520E5F750FD0400F1E710B501000220E4F75A
:201B4000B3FF10BD10B51A23E2F7BAFE10BD10B51923E2F7B5FE10BDF0B585B000AFBB60A8
:201B60005B009B185D1C78603960FA60AD00042B1FD86A46EB1DDB08DB00D31A9D460026D4
:201B80006C4620003B68B96A08C02A1F06F09CFFF9682300BA6878680131E4F7F9FF04007C
:201BA000002E02D0300000F091F82000BD4605B0F0BD280000F068F8041EDAD00600E0E7E6
:201BC00007B5009313000A0081684068FFF7C4FF0EBD80239B054010C018C0234910401A83
:201BE00080001B064008C01801231843704770B5146801292BD9102523000178AB4315D17A
:201C000030291FD146781039831C3143782902D11560181A70BD002C1DD16F2902D16739F4
:201C20001160F6E7622914D16039F9E70300082C13D13029EDD1202241780A436F2AE8D1A1
:201C4000831CE6E70300082CE3D0022CE1D0002C01D10A2313600300DBE7022CD9D13029BB
:201C6000D7D1202241780A43622AD2D1E8E710B500210400EFF738F9002804D1002C02D07A
:201C80002000E5F789FC10BD10B50021EFF72CF910BD10B50400FFF7EAFF002804D1002C67
:201CA00002D02000E5F778FC10BD10B501220C00EFF712FA002804D1002C02D02000E5F738
:201CC0006BFC10BD10B5EFF707FA10BD10B5EFF7A3F910BDF0B5070085B0019100680968F7
:201CE000FBF744FC3B68011C0293019B041C1D680298F8F7F5FE291CF8F704FC0021061C29
:201D0000201CF8F72FF9002818D00024002D01DA802424060021301CF8F724F900282BD0CA
:201D2000291C0298F8F7EEFB0025002801DA80252D06019B3D601C6005B0F0BD0021201C78
:201D4000F8F716F9431E98416B460021D873281CF8F70EF9431E98416B46DB7B8342D9D045
:201D6000291C201CF8F730FAFE21041C8905301CF8F7B6FE061CCDE7301CFBF771F9011C72
:201D8000051C301CF8F7ACFEFC218905F8F704F90028CED0FE21281C8905F8F715FA051CD0
:201DA000C7E7FF23DB05C918032310B59943E4F7F9F810BD042301225B1A9A40030010B5D1
:201DC000441D1000197808400A4203D10133A342F7D110BD0120FCE710B504210400FFF703
:201DE000E9FF0423002807D103212000FFF7E2FF03005A1E93410233180010BD002210B569
:201E00000369027642690400C36093420ED21878A37E2077002B02D00523637605E0E4F751
:201E200095F9FFF7D9FF0130607610BD202303771B3BF2E7030010B50020012B02D14868EF
:201E4000E1F7E8FE10BD052353435918182903D100790007C00F70470722CB08C018407920
:201E60001140084101231840F5E783795A43511804224B08C018C0798900114008410F238F
:201E80001840704710B584796243511804228C002240F0241441934049084118C8790440E4
:201EA0001C43CC7110BDF7B506000C001F000192BC420DDA019D089B9D4207DA2A00002316
:201EC00021003000FFF7DEFF0135F4E70134EFE7F7BD0B01827919434379534301335B10BA
:201EE000C318984202D0C1710130FAE7704710B58379427900215A4301325210073006F064
:201F0000FFFD10BD10B50379DB0705D5FFF79BFF09235843C0B210BDFFF7A7FFFBE702796C
:201F200003000520D20700D49879704710B5FFF7F6FF43000120184310BD02790300052025
:201F4000D20700D458797047F0B593B00E0018990493CB430392199ADB171940D343DB1765
:201F60001A40039B0D92DB43039ADB1713401A9A0C9052420E9107929A4200DA0793049BBF
:201F8000049ADB43DB1713401B9A524208929A4200DA0893B379039A09939D181A9B0C9899
:201FA000ED1AFFF7BCFF0E9B039A9C18AC4200DD2C000694844200DD0690049B74790C9875
:201FC000E7181B9BFF1AFFF7B8FF0D9B049A9D18BD4200DD3D000595854200DD05901A9BEA
:201FE0001A9ADB43DB171A401B9B0A92DB431B9ADB171A401A9B0E9F9C46099B67440B9222
:202000009F4200DD1F001B9A0D9B944663440993A34200DD0994069B079A934203DD059B73
:20202000089A934209DC099B0B9A00933B000A993000FFF738FF13B0F0BD1A9B039A934296
:202040002FDB069B5C1E079B013B0D9301235B421093049A1B9B934228DB059B013B0E93D0
:20206000089B013B0F9301235B4211930D9BA34225D00E9D0F9BAB421ED02A0021000C98D9
:20208000FFF740FF04991B9A0300521A03981A995219091A09193000FFF7F4FE119BED1883
:2020A000E8E7069B079C0D930123D1E7059B0F93089B0E930123D8E7109BE418D6E7039A27
:2020C0001A9B30009C1A079B049AE31803931B9B0A999D1A089B0B9AEB180493069BE41805
:2020E000059BED180095039BFFF7DDFE099B2A0030000A9900932300FFF7D5FE099B210052
:20210000049A009330003B00FFF7CDFE049B0B9A009303993B008BE7F0B5486887B00D00A9
:202120000F68E1F705FC0490A868E1F701FC0590E868E1F7FDFB04002869E1F7F9FB0500BB
:20214000E043C0170440E843C017054029002000E4F718F800230600010003933800029339
:20216000049A059B01950094FFF7EEFE300007B0F0BD10B5FFF7E1FE43000120184310BD5B
:20218000F7B50500FFF7CBFE00902800FFF7D5FE010001900098E3F7F5FF00240700019B8F
:2021A0009C4212DA0026009B9E420CDA310022002800FFF7A7FE3100030022003800FFF734
:2021C00061FE0136EFE70134E9E73800FEBD10B5FFF7D6FF10BDF7B50500FFF7A0FE009069
:2021E0002800FFF7AAFE010001900098E3F7CAFF00240700019B9C4213DA0026009B9E4219
:202200000DDA310022002800FFF77CFE092331001B1A22003800FFF735FE0136EEE7013496
:20222000E8E73800FEBD10B5FFF7D5FF10BDF0B587B0170004000E00FFF771FE05002000F1
:20224000FFF77BFE01002800E3F79CFF05002000FFF765FE05902000FFF76FFE0023039322
:202260000293059B0190009320003B0032002900FFF76AFE280007B0F0BD10B50400080094
:20228000E1F756FB002201002000FFF7D0FF10BD10B504000800E1F74BFB0022414220008C
:2022A000FFF7C5FF10BD10B504000800E1F740FB002102002000FFF7BAFF10BD10B504002B
:2022C0000800E1F735FB002142422000FFF7AFFF10BDF7B506000800E3F738FF0024019038
:2022E000042300251F1B019B01225B5D21003B4113400832534330002A000135FFF7C2FDDC
:20230000052DF0D10134052CEAD1F7BD13B5040001A94068E0F7A0FAA2680199030000209F
:202320008A4207D2995CE068FFF7D3FFA368E0680133A36016BDF7B504000F000025042A84
:202340000FD101A94068E0F787FA2B0006003A0001992068E1F7C6FB315CA068FFF7B9FF8A
:20236000A5682800FEBD052170B505000800E3F709FF04002900FFF7ACFF200070BD0023F5
:2023800010B51A001900E4F703FC10BD07B50022019101AB0121E4F7FBFB0EBD70B50D0092
:2023A000516814004B1E994102235B1A9B00D31809182A002068E4F7EBFB70BD07B56A46C0
:2023C000E4F790FC01990098002900D10EBDE2F70BFDFBE7F8B503F0C0F8FEF789FE0026E2
:2023E00005006B68B34200D8F8BDAB68F700DC59002C0ED0042C0CD0E408200000F006FF2D
:2024000003785F2B05D0AB682000DF197968E4F71BFB0136E5E710B5002903D100F08EFEA4
:20242000EEF7D0F800F097FEFAE70239814202D30B88002BF9D00231081A40107047F0B52E
:2024400004001D0000201E09964217D20F23901B02001D407300C9180F883B00012A02D0F4
:202460004B881B043B43EB40013A9BB2238002310234002AF0D15A425341C01AF0BDF7B5DF
:20248000019108990600521A94460D000024019F002D13D1089B6546590042181600019B28
:2024A0005918002D15D163465B00D218002C02D0012313800232101A4010FEBD3A88198829
:2024C000013D5218141934800237240C02360233DEE70B88013D1C1934800231240C023683
:2024E000DFE7F7B5089C0F00121B01922500060000220093002D0CD1640003191E00019DD1
:202500000919002D14D1019A51005918FFF78DFFFEBD3B88013D9C46009B62441B880237ED
:20252000D21A009B32800233121402360093E1E70C88013DA2183280023112140236E0E7DE
:2025400070B505000C00022900D20224A868002803D02B689B08A34209D26100FFF7A5FB2A
:2025600003212B68A40019400C43A8602C6070BD70B504000C20FFF77AFB050023689808A7
:2025800023788200DB07DB0F13432B6063686B60A368002B02D1AB60280070BD4000FFF73C
:2025A00066FBA8602368A1689A08520006F08CFAF2E730B504000120994213D307D84B00E0
:2025C000E418D21802235B42002901D1080030BDE55AD05A2D1A04D4023B002D04D1013962
:2025E000F2E701204042F2E70120F0E710B5041E05D08068FFF76AFB2000FFF767FB10BD4A
:2026000070B50D0002210400FFF79AFF002101202B008D4201DA01006B42227882430A4361
:2026200022700122A168023950000B5210001B0C0132002BF8D1606070BD00230360436080
:202640008360704710B5002805D003789B0702D48068FFF73BFB10BD70B505000C00496863
:20266000FFF76EFF012122782B780A408B4313432B706368A8686B606368A1685A0006F0C5
:2026800023FA70BD10B5002901D1416010BDFFF7B7FFFBE770B50D000400FFF7CEFF290012
:2026A0002000FFF7EFFF70BD10B594000222224302600022816042601900FFF7E3FF10BD42
:2026C000F8B51F0006AB1D78042104001600FFF737FF002D04D000237242BB41002F02DB9D
:2026E00032003B000025012029002578014085430D430021257061601100194300D1F8BD9E
:2027000061681D04481C6060A06849000A52100C190C05432A000B00EEE7F7B50F1C012172
:202720000378FA0F8B4313430370FF23DB01060018003A0C1040134202D100237360F7BDFA
:202740009842FAD07F237C00240E5B42E518F4D4002D03D13000FFF753FFF0E721000F2380
:202760006F39CA171A40521880217F0212117F0A090401920F43162D24DC08335D1BEF4027
:2027800000252C0030000199FFF7DAFE019B7360002C04D00021B068620006F0B1F9002D79
:2027A00008D03A00AA40B16863005A5210235D1BEF400134019BA342C1D0B26863009F5266
:2027C0003F0CF6E71D40963CE217173D1D4013401C192411D6E7F0B51E000D008B18D1003A
:2027E0000400090985B001310293FFF7A9FE012233002678134096431E430023280063609B
:202800000A9B26709BB20393029B984202D3401B05B0F0BD03781A00303A092A04D9113A37
:20282000192A18D8373B1A000A9B9A42EFD26368A7689C463E0001936346002B11D1019BB7
:202840005B00FB18002A01D01A800233DB1B5B1063600130D8E71A00613A192AD7D8573BF3
:20286000E1E73188039B594301238A185B4232809C44120C0236DFE7F8B5040015001E00A8
:202880000127002902D0531EF618023FE9000F3120000909FFF754FE01222378934323708B
:2028A00000236360002D08D163685900A36818005918FFF7BAFD6060F8BD00200F2B08DC14
:2028C0003278013D9A40104380B20833F619002DF4D16168103B4A1C6260A268490088520C
:2028E000E0E70A00416870B50500002902D15068002810D013782C78DB07E607DB0FF60F8B
:20290000981BB34207D15368A8689268FFF751FEE30700D5404270BD10B50400884201D05B
:20292000FFF79AFE012223789343237010BD10B50400884201D0FFF78FFE01212278D30798
:20294000DB0FCB1A0B408A431343237010BD30B5040085B0884201D0FFF77EFE6268002ABB
:202960000CD101212000FFF7EBFD0123A2681380227863601343237005B030BD01252378F0
:202980002B420CD0AB4323706B46DD810E23A168009508006B44FFF7A4FD6060ECE7511C41
:2029A0002000FFF7CDFD6B46DD810E23A16800956B4408006268FFF762FD237860601D43C8
:2029C0002570D9E7F0B50D0049680400160087B0002901D0002A05D129002000FFF73CFE7B
:2029E00007B0F0BDFFF7ACFD3300A9686A68A068FFF725FD012160602378029028788B4321
:202A00000840034323700B42EAD00E23002102AA9B186A68300919800392039A8A4201D06A
:202A200081420FD1039A8242DAD9A96840000125405A0F210E402900B1400139014217D0D2
:202A40001D800BE04A0094466746AA68BA5A002A0CD00121039A19808242E6D8029A012159
:202A6000A068002A08D101806160B9E70131D4E719880029B4D0F1E70091029A0100FFF732
:202A8000FEFC6060ACE773B50C0006001500536849689268A068FFF78CFD002802DA230086
:202AA0002C001D0023782A7861685340DB0714D430000131FFF744FD6B68B0680093AB6840
:202AC0006268A168FFF7DBFC01217060337822788B430A401343337073BD3000FFF730FD8B
:202AE0006B68B0680093AB686268A168FFF7F9FCEAE7F7B50C00536806001500496892687D
:202B0000A068FFF756FD0027B84203DA23002C001D00013723782A7861685340DB0719D559
:202B200030000131FFF70CFD6B68B0680093AB686268A168FFF7A3FC70602378DB07DB0F04
:202B4000002F01D001225340012132788A4313433370F7BD3000FFF7F3FC6B68B0680093E6
:202B6000AB686268A168FFF7BCFCE5E7F0B54B681500526806000C008BB0934201D22C00AD
:202B80000D000121227863680A4201D12A781140C9183000FFF7D4FCA368217803936368B4
:202BA0006A680193AB682C7804930B0000256340AC46B068DB0702D4CB07DB0F9C46C9075E
:202BC000CB0F1D000293634607005B429BB2E40707936B42E40F9BB20199089363429BB236
:202BE0000693531A05940993002914D1019B590063464118002B02D001230B800231FFF7C0
:202C000014FC0122029B70602340347894431C4334700BB0F0BD039B089A1B880139534013
:202C20005D19099B069A5B18994206D3049B1A88069B5A40049B02330493059BD318079AA0
:202C400005932B4053409BB263443B801B0C059A9C46039B120C023305922D0C02370393F7
:202C6000C2E7F0B54B681500526806000C008BB0934201D22C000D000121227863680A4283
:202C800001D12A781140C9183000FFF759FCA368217802936368B0680093AB686A680393E9
:202CA00001232C78194200D12340C907C90F0D00E407E40FA4460191594289B20791694295
:202CC00089B20891614289B2069100990490521A099200290ED1009B59004118FFF7A5FB8C
:202CE0000122019B70602343347894431C4334700BB0F0BD029A089F128801397A405519B2
:202D0000099A52181700069AB94206D3039A069F12887A40039F023703972F0062440592A4
:202D20001743079A2D0C5740BAB29446049A63441380059A1B0C120C9446049A0232049284
:202D4000029A02320292C4E7F0B54B6806000D00140089B0002B02D05368002B03D10023D2
:202D6000736009B0F0BD814238D10800FFF700FC05000700B44200D104006B6862683000B0
:202D80009918FFF7DDFB336800219A085200B06805F0B6FEB3680393AB68039A05936B6877
:202DA0000493A368019363689C46049B5B00D1185B42069300236046069A8A1800283DD1D6
:202DC000012173602B78227838005A4033780A408B4313433370FFF709FCC2E700278242A4
:202DE000CBD11000FFF7C4FB04000700C5E71088C3180793009B1B881800019B1B88434393
:202E000007981B18029813800138029000981B0C02300090023202980028E8D10A00002B83
:202E200001D00B808A1C039B0231D31A012252429444019A5B1002320192BCE7059B0093A0
:202E4000049B02930023E6E7F8B54B68060014000800002B03D0012713783B4202D00023A9
:202E60007360F8BD5368002B04D139003000FFF7C7FBF6E7FFF77CFB05002000FFF778FB16
:202E8000390004003000FFF7BBFB6368002B11D0A3681B883B4204D02A0031003000FFF7C2
:202EA00053FFA1683B0008006268FFF7C8FA6060002806D12800FFF799FB2000FFF796FBDA
:202EC000CFE72A0029002800FFF73EFFDDE7816843680200002010B55B00CB18023B9C1C1C
:202EE000A14204D31378DB0700D5404210BD1C8800042043F2E7436870B580255A000023B1
:202F000084682D02A218944206D30278D20700D55B4201200B6070BD023AAB4203D2168813
:202F20001B043343EFE70020F5E7F0B587B01C0003910492002901D0049A9C1800218268B1
:202F40000D0000924268019201220292019A002A26D0009A0904128810351143049A9A18F9
:202F60000592072D06DC009A02320092019A013A0192EBE7012706788AB23E4207D0FF26AB
:202F800096433200029E921992B2160A0296039ED2B2002E06D0013CA4462270A34207D140
:202FA00007B0F0BD2270059A661CB4469642F7D06446083D090AD4E7F8B586684368050059
:202FC00000205C003419023CA31C9E4206D32B78DB0702D580231B06C018F8BD8F21C90547
:202FE000F7F758FC071C2088F7F75EFF391CF7F7EBF8E8E7F0B587B005930CAB07001B78BF
:203000000D98140004910193002806D00B00023B1E2B04D900200D9B187007B0F0BD7E68C8
:20302000002E13D10D980300002A0AD130230370002343700D9B0130C01AEEE71A700134EE
:20304000013322781800002AF8D1EFE776003000FEF70DFE05003200B96805F035FD0D9BF4
:2030600002930093AB190393059B3A3B05930021039E023EB54212D93031392901D9059B00
:20308000C918009B5E1C19702B00039A93420ED3019B002B2BD001231EE00096E7E70804DF
:2030A000318808430499F6F723FE3080E1E71A88002A0DD10233E8E7013B1D7815700132B2
:2030C00020E011781878013B10705970013228E0019B002BE1D00023029AB21A032A04D112
:2030E000009A0199961C51700296002BD5D02800FEF7ECFD002C0CD0200005F055FD211813
:2031000032000B00A342D7D800238C4200D80300F6183B78DB0702D52D23337001360D9AC7
:20312000731E9A42CDD3002333700D9BF01A74E710B513000022C468A04710BD002210B5EE
:203140001100FFF7F5FF10BD07B5019101AA0121FFF7EEFF0EBD10B5E5F75CF810BD10B557
:20316000E0F702FBE5F79EF810BD70B504000D00FFF7F5FF002803D02000E0F7F5FA040037
:2031800029002000EBF7B6FB70BD03000020012B02D1C88840001843704710B5040005F0A4
:2031A00003FD01002000E5F74DFD10BD70B5050003300C00FEF75BFD206045702068023056
:2031C00070BDF8B54678871C050031003800E5F703FD041E0CD131003800E5F7DFFCAE1984
:2031E0002870B4702800E5F7ADFC04002000F8BD2800FEF76BFDF9E710B5E5F791FC007882
:2032000010BD10B5E5F78CFC407810BD10B5E5F787FC023010BD10B50C00E5F781FC43782B
:203220000230236010BDF8208023800202785B051B694D2A01D1C01A70478020C002FAE754
:20324000A021437902000020C133FF33C9059B005850012318000138C046C046C046C0460B
:20326000C046C046C046C046C046C046C046C046F1D1A220C00008585279D0401840704790
:203280004123012800D0002318007047202304304B60423308608B600020704710B5012038
:2032A000E6F70EF910BD022310B5802482171A40013B9A1A4302C015C0B296385B0A240405
:2032C00041182343002903DD8B401800504310BD0C0000201F34FADB49420B41F5E707B520
:2032E00008001100002213000092EDF78BF9E6F7AFFA0EBDF7B51D00002702230600009783
:20330000080011001A00EDF77DF90C20FEF7AFFC06602B680400436039006868E3F72EFDA6
:20332000A0602000FEBD002210B511001000E6F703FC10BD1FB5022201A9E0F7B3FC0022B7
:2033400001A91000E6F7F8FB05B000BD40687047416070478368C268934203D25A1C8260A3
:203360001878704701204042FBE7036810B50400002B02D04068FEF7A9FC2000FEF7A6FC57
:2033800010BDF7B507000C000126002A02D1421E9B18023E00200021002C06D000220025A0
:2033A0009A56D40F00216042A941002211E0040E00940C020194040225001C780132A44655
:2033C0002C0065462C432000009D019C9B1925432900BA42EBD103B0F0BD13B50400019390
:2033E0001000002904D1220001A905F06DFB13BD01AB1B191419A042F9D0013B1A780270CE
:203400000130F8E770B50C00712807D8612806D801281DD04238C1B20F290DD970BD6238A4
:203420000F28FBD8F6F7C0FB14FA25FA1FFA162DFAFA2DFAFAFAFA190F28EFD8F6F7B4FB95
:2034400008EEEEEEEEEE0A21EEEE21EEEEEE210DA354E3E752001353E0E7D200A41823604D
:20346000DB176360DAE718009500F7F71DFD6051D4E7D20018008C18F9F718FB20606160E3
:20348000CCE792001351C9E7F7B505004068041E13D00021F1F700F800230400082701938A
:2034A0006B68019A934208D9E859E3F7C9FC061E05D1200003F057FA34002000FEBD019BFF
:2034C000E051013301930437EAE770B500241E2B02D91C001E3CE4B2E2250219ED005219F4
:2034E000157822000134E4B27F2DF5D0E2266D188418F600EDB2A41925700132D2B2934245
:2035000007D0E2268418F600A4192478FF2CF4D0ECE770BD102230B58DB00692002203924F
:20352000029201920A320B000400009206A907AA08AD05A80595E7F7B9FE0100200003F082
:203540001CFA0598A84201D0FEF7C0FB0DB030BD73B50B0069464C1D21007F261500013C40
:2035600035402570D209F9D1091B984780260200230001AD7642AB4204D16A4612791B1B35
:20358000C25473BD19780133314311700132F2E70300006A5A790918032A02D81800196224
:2035A00070471A6B1018FAE710B50C000121FFF7EFFF047010BD0300806A5A790918032AA0
:2035C00002D81800996270475A6A80181A6B1018F8E710B50C000121FFF7EDFF047010BD49
:2035E00010B52821E7F73CFF10BD10B52921E7F737FF10BD70B504001500FFF7EAFF0322A5
:20360000A36A0421033393432000A362FFF7D3FF056070BD70B543790D000024032B06D9CE
:20362000836A033CE41AC3699200D358E4180321FFF7C1FF4470240A0570847070BD10B564
:203640003820FEF726FB10BD10B5040081618800FEF70DFBE06110BD10B50400C069FEF70A
:2036600035FB2000FEF732FB10BD13B543790400012B18D00021FFF797FF6379032B13D1D4
:20368000226AD01C9843A36A20626062E362C018FEF7FFFAE3682063D88A1B8BC01880004D
:2036A000FEF7F7FA606313BD042BFCD1E068636AE26A216B9A18037D00930069636BFEF7B7
:2036C0005EF9F0E78079431E9841C0B270474379012B09D08368C918C3688160DA8B91428F
:2036E00000DDD98300238371704770B5012114000500FFF7ECFF0F2C06D821005039280097
:20370000C9B2FFF766FF70BD220019212800E7F7A7FEF8E770B5150004000121FFF7D7FF94
:203720002A001A212000E7F79BFE70BD70B50D0004000121FFF7CBFF2A001B212000E7F7E4
:203740008FFE70BD70B50D0004000121FFF7BFFF2A001C212000E7F783FE70BD012170B549
:20376000494214000500FFF7B2FF0F2C06D8210040392800C9B2FFF72CFF70BD22002221F5
:203780002800E7F76DFEF8E7012170B5150004004942FFF79CFF2A0023212000E7F760FE93
:2037A00070BD70B50D00012104004942FFF78FFF2A0024212000E7F753FE70BD70B50D0058
:2037C000012104004942FFF782FF2A0025212000E7F746FE70BD70B50D0004000021FFF795
:2037E00076FF2A002A212000E7F73AFE70BD70B50D0004000021FFF76AFF2A002B21200030
:20380000E7F72EFE70BD70B5049E050070003602C91A1E43059B091AD4B2002B0AD0023930
:203820002800FFF754FF32000134E1B22800E7F717FE70BD2800FFF74AFF32002100F5E73F
:2038400070B504000D000021FFF741FF6379012B05D0032B03D8A26AE369AD00EA5070BD89
:2038600070B50D00012104004942FFF730FF2A0068212000E7F7F4FD70BD70B50D0004003B
:203880000121FFF724FF2A0069212000E7F7E8FD70BD012110B504004942FFF718FF6A211B
:2038A0002000FFF796FE10BDF7B50D0001210600FFF70DFF2B0010333F2B06D82900803916
:2038C0003000C9B2FFF785FEF7BD14213000FFF780FE6B465C1D21007F202F0022000740B5
:2038E000EBB2013CED1127706F1C012FF5D840273B40013514D1002B02D1013C2070941E57
:203900003000091BFFF757FE80260200230001AD7642AB420AD16A4612791B1BC254D3E7CE
:20392000002BEDD00023013C2370E8E719780133314311700132ECE770B50D0004000121C5
:20394000FFF7C5FE2A0016212000E7F789FD70BD70B50D0004000121FFF7B9FE2A00172135
:203960002000FFF747FE70BD10B504000121FFF7AEFE18212000FFF72CFE10BD70B50D00BA
:2039800004000021FFF7A3FE2A001D212000E7F767FD70BD70B50E00012114005300C91AD5
:2039A0000500FFF794FE21004B1E9941320028001E31E7F755FD70BD10B504000121FFF72F
:2039C00086FE20212000FFF704FE10BD012110B504004942FFF77BFE21212000FFF7F9FD0A
:2039E00010BD70B50D00022104004942FFF76FFE2A0026212000E7F733FD70BD032110B5FE
:203A000004004942FFF763FE27212000FFF7E1FD10BD10B504000121FFF759FE302120000E
:203A2000FFF7D7FD10BD10B504000221FFF74FFE31212000FFF7CDFD10BD012110B50400D6
:203A40004942FFF744FE32212000FFF7C2FD10BD10B504000021FFF73AFE33212000FFF72C
:203A6000B8FD10BD70B504000D00FFF77DFF2000FFF7EEFF29002000FFF7B3FF70BD10B536
:203A800004000021FFF723FE34212000FFF7A1FD10BD10B50400FFF767FF2000FFF7EFFFEB
:203AA0002000FFF7ABFF10BD70B50D0004000021FFF70DFE2A0035212000E7F7DFFC70BD9B
:203AC00070B50E000121150049420400FFF7FFFD2A003621002E00D137212000E7F7CEFC5B
:203AE00070BD70B50E000121150049420400FFF7EEFD2A003821002E00D139212000E7F7E5
:203B0000BDFC70BD70B50D0004000221FFF7DFFD2A003D212000FFF77DFD70BD70B50D001D
:203B200004000021FFF7D3FD2A003F212000FFF771FD70BD70B50D0004000021FFF7C7FD4E
:203B40002A0040212000FFF765FD70BD012110B504004942FFF7BBFD41212000FFF739FD63
:203B600010BD70B50D002B005A1E934103215B4219400400FFF7ABFD4721002D00D105396F
:203B80002000FFF726FD70BD70B50D0004000121FFF79DFD2A0043212000FFF73BFD70BDCE
:203BA000042110B54942FFF792FD10BD10B504000021FFF78CFD44212000FFF70AFD10BD86
:203BC00070B504000D00FFF7F1FF20000E21E7F74BFD29002000FFF733FE20000221FFF7AB
:203BE00076FD20003E21FFF7F4FC042120004942FFF76DFD70BD10B504000021FFF767FD4C
:203C000045212000FFF7E5FC10BD70B50C0000210500FFF75CFD210030392800C9B2FFF7B1
:203C2000D8FC70BD70B505000C00222919D00026232901D10136033C012128004942293C25
:203C4000FFF745FD2800E1B2FFF7C3FC002E07D000212800FFF73BFDD6212800FFF7B9FC76
:203C600070BD01261F24E7E770B50D0001210400491BFFF72CFD2A0050212000E7F7F0FB80
:203C800070BD70B50D0001210400491BFFF71FFD2A0051212000E7F7E3FB70BD70B50D0052
:203CA00004000121FFF713FD2A0053212000E7F7D7FB70BD022110B504004942FFF707FDCC
:203CC00054212000FFF785FC10BD70B50D0001210400491BFFF7FBFC2A0056212000E7F7C3
:203CE000BFFB70BD70B50D0001210400491BFFF7EEFC2A0058212000E7F7B2FB70BDF8B519
:203D00000024050017002600032905D001342600042901D0002401362800E143E419FFF749
:203D2000D6FCA200280032435721E7F799FBF8BD70B50D0004000139FFF7C9FC2A00592104
:203D40002000E7F78DFB70BD70B5140005000E008918FFF7BCFC2202280032435A21E7F7FB
:203D60007FFB70BD70B51A430D0004000121002A07D1FFF7ACFC60212A692000FFF73AFCE7
:203D800070BD4942FFF7A3FC61212A69F5E770B50D0004990400D6B20B430DD10121891A99
:203DA000FFF795FC62212A692000FFF723FC31002000FFF70EFC70BDD143FFF788FC6321A1
:203DC0002A69F1E707B5019300920B0064220021FFF719FD07BD13B50124019300920B00F6
:203DE00066226142FFF70FFD13BD012110B549420400FFF76CFC01235B212000A371FFF728
:203E0000E8FB10BD70B505000C004942FFF75FFC28000221FFF7CFFB5C234470037070BD02
:203E200010B504000021FFF752FC0423E2682000117D0B4313755D21FFF7CBFB10BD012136
:203E400010B504004942FFF742FC0423E2682000117D0B4313755E21FFF7BBFB10BD10B528
:203E60000421FFF734FC10BD032110B54942FFF72EFC10BD70B5050008000021E2F77EFF20
:203E800004002000E2F7DCFF011E00D170BD0122281DFDF718FAF4E710B50400E7F76EFCD3
:203EA0002368036010BD70B50D00FFF7F5FF04002900FFF7DFFF200070BD70B505000E00A5
:203EC000E7F75CFC04003100E7F7B2FC2B682000236070BDF7B50C6801900D002000002A80
:203EE0000AD0E7F763FC0126019B9E4208D32B6820001B682360FEBDE7F740FC0400F2E7C2
:203F0000B300E858844204D12000E7F7A9FC0136EAE70021E2F732FF07003800E2F790FF96
:203F2000011EF4D02000E7F761FCF6E710B50022FFF7D0FF10BD89000B58181E02D0181FC2
:203F4000431E98417047F7B505008668C46873680193019B9C4201D300200AE0F76821005E
:203F60003800FFF7E8FF631C002803D0A400E059EB60FEBD1C00ECE710B50122E7F764FDB9
:203F800010BD10B50022E7F75FFD10BD10B501220430FDF798F910BDF7B50C000025060015
:203FA00011001F002A00012320000095ECF72AFBAC4207D121002000E7F728FD0400200098
:203FC0002660FEBD29002800E7F720FD290004003868E2F7D3FE05002800E2F731FF011E88
:203FE000EDD02000FFF7D2FFF6E7030010B5080000221900E7F764FD10BD10B50022E7F764
:204000005FFD10BD10B50222E7F73AFE10BD10B50122E7F735FE10BD046045608660C760CF
:204020004146016149464161514681615946C161614601626946416268467047704710B5EF
:204040004079DCF725FE10BD13B5040008001100002213000092ECF7D5FA6368984716BD09
:2040600037B51C000023050000930133080011001A00ECF7C7FA6B68206898473EBD37B551
:204080001C000023050000930233080011001A00ECF7B8FA03CC6B6898473EBD37B51C00C8
:2040A0000023050000930333080011001A00ECF7A9FA07CC6B6898473EBDF0B50D0017000D
:2040C000040001798288C90787B0C90F1E005208C388009128003900ECF794FA2379DB07D5
:2040E0000CD5AA003900B21803A8FDF79EF831002800A36803AA984707B0F0BD3100280050
:20410000A3689847F8E7F0B51C0000230F000600012585B000934368110038001A00ECF7FE
:2041200071FAB3681D43002F05D1A847F168E8F705FF05B0F0BD2068012F03D1E7F79EFE01
:20414000A847F3E7022F09D1E7F798FE07006068E7F794FE01003800A847E7E7032F0ED1D1
:20416000E7F78CFE07006068E7F788FE0290A068E7F784FE029902003800A847D6E7E7F74B
:204180007DFE07006068E7F779FE0290A068E7F775FE0390E068E7F771FE039A0300029932
:2041A0003800A847C2E710B502F0CEFC02F0C6FC10BD10B5806802F0C7FC02F0C5FC0430E4
:2041C000FFF7F1FF10BD802010B5C005F1F79EFEFE23FE2140029B05400A18438905F6F73C
:2041E0007FFC10BD70B50D00DFF7A2FB04002800DFF79EFB844202DD0020E3F7E3F9001BA1
:204200000130F1F783FE001900F04BFF70BDF8B5040008680F00DFF78BFB0600012C09D1EB
:20422000002804DDF1F772FE00F03BFFF8BD0020E3F7C8F97868DFF77BFB851B022C06D1B2
:204240008642F4DA2800F1F761FE8019ECE7B868DFF76EFB041E0ADD281801382100F5F7FF
:204260004BFD0028E3DDF1F751FE6043EDE70028DDD028180130F1E710B5DFF759FB04004F
:204280001E2801DC002802D10020E3F79BF98020C005F1F73BFE20231C1B213BE34018409B
:2042A00000F01AFF10BD816810B5C2688C6803000020A24204D2C968900001324058DA60B9
:2042C00010BDF0B585B00E00170000900293DCF763F8009BB34201D305B0F0BD009B043B1F
:2042E000039333680193002F04D019003800FEF74DF801903500039B1C1DA54209D921687C
:20430000002F19D11920019AE3F764F9029B834210D0043DAC4225D2002F12D12A68192034
:204320000199E3F757F9029B8342F2D023682A6822602B600394DEE73800FEF727F80100C2
:20434000E0E738002968FEF721F80200E7E729003A00029B0098FFF7B4FF3500019B2E00AF
:204360000093B6E72368326822603360039B341B08330193009BA410EB1A013C9B10A342F6
:20438000E5DB029B3A0031000198FFF79AFF009B0193E3E710B5020008680B008168C068E1
:2043A000E9F7B4FA10BD70B5040008000021E2F7E5FC05002800E2F743FD01002000002906
:2043C00000D170BDE7F792FEF4E710B50A008168C06800F038FA10BD70B505001020FDF779
:2043E00046FC04002900E7F7BBFF200070BD73B50C00002611001D003200012320000096D5
:20440000ECF700F9B44203D12000FFF7E5FF76BD3000FFF7E1FF2968FFF7C5FFF7E770B575
:204420000D000400FFF7D8FF002D03D00023A400A34200D170BDE958C268D1500433F7E753
:2044400010B5C1688068FFF7EAFF10BD83680B60C368136070478160704770B5002315003A
:2044600004000A0081680068DFF73CFBE3688000C55070BD704710B50C00022102F075F8B9
:20448000002802D00470240A447010BDC36910B50400002B04D0B02109021943FFF7EBFFF3
:2044A000BD21A369090220001943FFF7E4FF10BD70B50D000421140002F057F8002805D03C
:2044C000057084702D0A240A4570C47070BD10B5DB0011431943FFF7CEFF10BD10B5072A22
:2044E00009D8D20007290BD80A438C21C9011143FFF7C1FF10BD083AD30040221A43F1E7AF
:20450000083911438022EFE74369890070B5CC58E021050043680902E41A043C23055B0D86
:204520001943FFF7A8FF2B680120022B08D1E40AE302002C04D08022120198184342584172
:2045400070BDF8B51D0043699200D45843680600E41A043C6210002D14D1FF2709023A40DC
:204560000A43D02109021143FFF785FF33680135022B05D1BC4303D0651CFF356B425D417E
:204580002800F8BD802312059B012340120D1A43802380201B021A43C000A312240303406D
:2045A000A40E1C4389012143F024240230002143FFF77EFFE4E74369F822890070B5CC5858
:2045C000F021050043681202E41A043C63109BB21A4363025B0D09021943FFF769FF2B6886
:2045E0000120022B08D1A40DA305002C04D08022D20398184342584170BD10B50B7901215E
:204600005B001943E2F7E6FF10BD030010B50020012B06D00A790121520018001143E2F732
:2046200043FA10BD70B504000D00002201794020E5F74CFFE3682B60A36858436860237937
:204640000020AB6070BD416870B5C2688C6803000020A24207D29C68551C08791219C968E4
:20466000DD60E5F7A3FF70BD73B50D0000261C0011000223012228000096EBF7C3FF206898
:20468000DEF7D4F80078012D03D13100E8F770FA76BD6168E8F780FBFAE7F0B585B01E0056
:2046A0000AAB1B7815000393039A036802901B6B0191920718D55B6800241F003460002D08
:2046C0000FD033002A0001990298B847002808D0431C0BD133680B2B03D1002C01D000236B
:2046E0003360200005B0F0BD1B68E5E70122039B134205D1019B2D1A1B1801932418DEE7BF
:204700000400EEE710B50022E8F754FC10BD30B50C0087B005000122606803A9DFF7C2FA87
:20472000032D12D1A068DFF72FF90021049B5A1A01930492824200D90200039B20685918CC
:204740000223E8F7ABFD07B030BD042D0BD1A068DFF71AF90500E068DFF716F90499A94251
:20476000E4D92900E2E7012000214042DEE74A43F8B506001F0014000025BD4200D1F8BDE4
:2047800022003100069804F09FF9069B01351B190693F2E7F7B50E00002153680800146805
:2047A00097680193FFF73BFE0500002F11DA019B9C4201DA2800FEBDA3002800F158E7F7EE
:2047C00095FCE419F3E7A3002800F158E7F78EFCE419019B9C42F6DBECE770B5049E04000F
:2047E00015001B2813D10020B2420FD11A000B0011003200AE4200D92A00180004F056F9D3
:2048000003001B2C0FD15A425341D8B270BD192805D01C2805D032002E001500E6E71A24D8
:20482000E7E71D24E5E700208342EFDB0130002BECD1AE4202D0AE425B41E6E71A3C631EE3
:204840009C41E0B2E2E7F7B50025060017002C000191019B9D4203D1600001242043FEBD82
:20486000AB00F0583900DFF711F8431E984101352418EEE7F0B585B0019008000C00FDF739
:204880004EFB05230093042803DC2000FDF747FB00902000FDF751FB0525042803DC20006E
:2048A000FDF74BFB0500019B0433039300231F000293009B9F4211DBD843C017184005239F
:2048C0004343019AD318002204282ADC1A715A719A71DA711A7201300533F5E70026AE42E5
:2048E00011DBE8430523C01728401A1A7B430430C018019B0021181804F002F9039B01378A
:2049000005330393D5E7320039002000FDF7FAFA039B029A9855012383401A430292013664
:20492000DDE7019B029A1A8405B0F0BD73B5060008000D00002404F037F9230001002200AA
:2049400028000094E1F7C8FF012301000093300023009622E9F74EFA73BD70B504000800B0
:204960001600DEF7E5FF05003000DEF7E1FF290002002000E9F78EFB43000120184370BDDE
:20498000A02104230320C9051A00C132FF32920001335050102BF7D1704730B5140012686D
:2049A000030087B0002A0BD101A8416082601900013201930274C460E9F7ECFB07B030BDA6
:2049C000806B0028FAD006236568C90004301943002D06D10222DDF745F80028EED0256007
:2049E000ECE70122DDF73EF80028E7D06368436000232360E2E7F0B589B001AE0400082240
:204A00000F003000002104F07BF8EE230025FF330493CA3B03A8FF3B216883600574C660DB
:204A20000394E9F7B7FB0198A84208D0042808D12069DEF799FE3900436A2069984709B0F1
:204A4000F0BD320029002800FDF7A8FCF7E7F0B5062514001268CB0006000F008BB0043003
:204A60001D43002A28D12900DCF7FCFF031E02D0436823601EE005A8316803748360059662
:204A80004760C460E9F786FB23680193002B11D1E821FF318F420DD0300002AAE2F7F0F83A
:204AA000029B002B06D00120019902AA0495FDF775FC20600BB0F0BD6668002E07D1022213
:204AC0002900DCF7CFFF0028F4D00023D1E701222900DCF7C7FF4660F7E737B51D000023B0
:204AE000009301330400080011001A00EBF78AFD0820FDF7BCF82B68046043603EBD37B5FE
:204B00001C000023009302330500080011001A00EBF778FD0C20FDF7AAF823686268056083
:204B2000826043603EBDF0B58BB003AF04000191160000210822380003F0E2FF2C230125EB
:204B40000793002305A8216803744560C7600594E9F720FB039B2800042B07D12069DEF760
:204B600003FE3200C36A0199206998470BB0F0BD10B5E0240300002288B003A8FF3401A9BD
:204B80004460D03CC160FF3C196803938460027401920292E9F7FEFA0198431E9841C0B254
:204BA00008B010BD10B50C00DEF7DEFD2100E9F7D3FE10BD70B50D000400DEF7D5FD29004A
:204BC000E9F798FE002800D0206970BD70B5050043680120C9182B68060099420FD92B7BD8
:204BE0000340002083420AD10723103199430831A8680C00FDF759F8A86030002C6070BDE0
:204C000070B50E00110004001500FFF7DFFF002807D1237BDB070ED562682568AA420AD2E1
:204C2000AD1AA3686268310098182A0003F055FF63685D19656070BD10B50400081E00D193
:204C40000130002363602060FDF711F80122237BA0609343237310BD70B50D00040001315E
:204C6000FFF7EAFF656070BD00238260027B436001331343016003737047037B10B50400DF
:204C8000DB0702D48068FDF721F80023A36010BD037B70B504000D000020DB070AD4236855
:204CA000A068C918FDF701F803002168A36040184919216070BD70B504000D00FFF786FF76
:204CC000002804D06368A268D0185B19636070BD0368426810B50400934205D00023A26802
:204CE00061685354A06810BD0121FFF7D1FF0028F4D1F8E710B50C000121FFF7DCFF0028CF
:204D000000D0047010BD10B50C007F2906D80121FFF7D1FF002800D0047010BD80231B014B
:204D2000994210D20221FFF7C6FF0028F5D03F21A2092140402380245B42644213430C4390
:204D400003704470E9E780235B02994214D20321FFF7B1FF0028E0D02023220B5B42134396
:204D60003F2180220370A3090B405242214013430A4343708270D0E70421FFF79CFF0028F5
:204D8000CBD01023A20C5B4213433F2103708023220B5B420A401A434270A2090A400C40CA
:204DA0001A431C438270C470B7E770B5050008000C0003F0F9FE210002002800FFF720FFEB
:204DC00070BDF8B54768040015003E008F4200D90E00002D0FD029002000FFF7F7FE0028D3
:204DE0000BD0A06873198119BA1BC01803F075FE63685D196560A0688019F8BD10B5140062
:204E00000122FFF7DEFF002800D0047010BD10B514000122FFF7D5FF002800D0047010BD64
:204E2000426800238A4200D3531A4360704770B504001500626808008A4203D949198A4259
:204E400001D8606070BDA368521A1818591803F044FE63685D1B6560F4E770B5038C046B39
:204E6000032B03D10023C56A9D4205D18B00E25001F087FB012070BD9E00A659964201D065
:204E80000133F1E70020F6E710B50400FFF7FEFA2000FFF7EFFA10BD8BB270B505000C0013
:204EA00003844262032B05D1C36A0021006B9A0003F026FE211F4B4259412800013101F0A7
:204EC0003BFB28000021E7F7ADFB70BD70B5060034200D00FCF7CBFE04002022002103F0FE
:204EE0000FFE2900200001F014FBA662E562A800FCF7BDFE2063200070BD10B50400006BB3
:204F0000FCF7E4FE0021200001F00BFB2000FCF7DDFE10BD73B56B46DE1D32000D000400B2
:204F200001F091FF33780100002B03D02A00200001F0B4FF73BD37B56B460400DD1D2A0063
:204F400001F081FF2A782378002A06D0012B02D90223037037BD0023FBE7012BFAD9037891
:204F6000002BF7D10233F4E770B505000E00100019001C0001F057FF0378002B04D1B368D4
:204F800021002800984770BD012B01D1F368F7E74288022B04D13368210028009847F2E71D
:204FA0007368F9E710B5E6F7B7FE03680620DB00184310BD10B5DBF7E9FD00F072F810BDA7
:204FC00010B5EAF7FDF9407910BDF0B51C0087B00EAB1B780F0005930FAB1B78049203934B
:204FE000A36806000D9A18010C99039BE6F740F93B680500834203D2FCF739FE30603D60EE
:205000003568039B0D9A00930C99059B201D0195FDF7F0FF049B1860280007B0F0BDF8B5D0
:205020000E0017000500EAF741FC04003B00320029000430FDF720FC2000F8BDF8B50F00B9
:2050400015001E0004000021180003F059FD33002A003900201DFDF768FFF8BD012203008E
:20506000104205D04010002B09DB431E9841704780680028FBD01B7910001342F7D00120FD
:205080004042F4E773B50D000600EAF70FFC012304003200009304302B00FDF711FB200020
:2050A00076BD43001A0010B5424002D40120184310BDC117FFF7E6FFFAE773B50D0006002B
:2050C000EAF7F4FB002304003200009304302B00FDF7F6FA200076BD10B5830F03D1400013
:2050E0000133184310BD0021FFF7E7FFFAE7F0B585B004000E0017000393EAF7D7FB039B8C
:205100000500009332003B0021680430FDF763FB236818182060280005B0F0BD10B5C30727
:2051200001D5401010BD0430FDF7D1FEFAE710B50430FDF741FF10BD10B57F244018144096
:20514000431E1C708024091A64425818002800DC10BD2000D209013B10431870F5E70300C3
:2051600030B502687F2500201178C0010C0049B22C40201801320029F6DB1A6030BD13B5CB
:20518000421C0192030000780C00082810D8F4F715FD07110F0509090F0F0B00053301934F
:2051A000019816BD0333FAE701A8FFF7D8FFF7E7192801D80233F2E701A8FFF7D0FF01A8D9
:2051C000FFF7CDFF002CEBD0019B18180190E7E770B50400160008000025A3692900DB0976
:2051E0000135002BFAD10231FFF765FD082303702900A2690130FFF79FFF6569A369AB429A
:2052000006D30835E069A900FCF74FFD6561E061A369E269591C9B00A1619E5070BD10B5F7
:205220000C000221FFF747FD230A0A330370447010BDF8B51E00037804000D001700002B0E
:205240000DD1416883688B420ED318310122C068C900FCF737FD002802D101232370F8BD43
:205260006368E06018336360A268E368511CD200A1609B181A682D02290A150E2D060D4343
:205280001D603A789E80DA70069ADA80E7E710B50C000521FFF70FFD03230370431C053089
:2052A0001C70013324128342FAD110BDF0B5046A89B02300403303931D7807000E00072D45
:2052C0000BD1A16CE06CE3F7BDFC01003000FFF7A6FF2000EFF73AFF4DE0082D0DD1002299
:2052E0002300A16CE06CE7F7E1F90200C3070ED541103000FFF7CBFFEBE7092D0CD1009411
:2053000001220023A16CE06CE7F74EFA020031003800FFF75DFFDCE72B000A3B012B40D894
:20532000A16C04A8FFF788FCA26CE16C04A8FFF767FC2000EFF70AFF039B1B789D42F3D0F8
:205340000A3B0020012B17D9059906980A2915D8E3F778FC041E14D0032130000A3DFFF78B
:20536000AAFC6B1E9D4144700435240A0570847004A8FFF782FC012009B0F0BDE3F72CFCF3
:20538000E8E7069805990A2D08D12200DCF70EFE020031003800FFF71BFFE9E7DCF71EFEB7
:2053A000F6E702213000FFF786FC0123457003708FE713B50130019001A80C00FFF7CFFE81
:2053C0002060019816BD002330B50B60451CEA5CDC00A2400C68013322430A60042BF6D19C
:2053E000053030BD07B501A9FFF7EDFF01980EBD37B5150002780C00032A07D1FFF7F2FF6C
:20540000012340001843206018003EBD0023082AFAD101A9FFF7CDFF019B9B005B59236040
:205420000123F1E770B50D000024A84201D3200070BD01210134FFF7A2FEF6E710B501215E
:20544000FFF79DFE10BD10B50021FFF798FE10BD13B50130019001A80C00FFF780FE01A853
:20546000FFF77DFE019B18182060180016BD13B5040000680378002B02D10130206016BD53
:20548000192B03D80121FFF77AFEF8E71A318B42F8D101A9FFF7DCFF20600198EFE737B547
:2054A0001C00431C0193037801A81A3B0B601500FFF755FE286001A8FFF751FE019B181859
:2054C000206018003EBD07B501A9FFF7C1FF019B181A43425841C0B20EBD10B5806800281F
:2054E00000D110BD4468FCF7F1FB2000F7E770B505000800FFF7ECFB01F030F90400280030
:2055000000F02BF80121020003002000E2F712F870BD07B5FB216A464900E1F7B1FB009834
:20552000431E9841C0B20EBD70B515001E00040086B08200AA1803A8FBF777FE0B9B29003D
:2055400001930A9B2000009303AA3300EBF78AF806B070BD0120404270474068704701225C
:205560001300884202D0037859424B41134018007047037842780A3B1B02134302300B602E
:205580007047838BC26A01339BB28383118C994200D21384704710B50278012A05D1437800
:2055A0000D3B5A425341180010BD0023032AFAD1FFF718FF43424341F5E770B505000C004B
:2055C000100019002A68049BF0F77CFAEB6AA4004360AB6AE05070BD13B50400080001A988
:2055E000FFF7C7FF0199206BFEF7C8F913BD37B50400080001A9256BFFF7DBFE019B226A1B
:205600009B0028009958FEF7A3F937BDF0B587B005000C0003920493002B03D008230A7D88
:2056200013430B750026039B37006383EB6A1B78B3422BD12100049B039A286BFEF792FB68
:2056400007B0F0BD926AF300D118D35C0591033B012B1AD8002313E0029BA26ADB00D0186B
:20566000D35C042B0AD1059B59684368994205D1059B286B5A88FEF738F80137029B0133F1
:205680000293029AA38C9342E6DC0136EA6A938CB342D7DC002FCDD0049B3A000093210068
:2056A000039B286BFEF773FBCAE7F0B506000D00140087B0002906D101212160306BFEF76F
:2056C000CFF807B0F0BD00220B7801927E2B0CD10800FFF7B8FE0500FFF7B0FE2100FFF76D
:2056E00048FF002DE8D0012301932B78002BE3D00A3B0F2B0AD8280005A9FFF73AFF019B43
:20570000002B01D1059B23600599D7E7280002A9FFF79EFE019B0500002B02D12100FFF7F2
:2057200028FF01242F006442029BBB4223D1200003A9FDF73BFD2F000400029BBB4225D1FF
:205740000398FDF73EFD0100306BFEF789F8019B002BB6D02800FFF771FE0400029BA3420D
:20576000AFD005A92000FFF704FF05990400306BFEF704F9F2E7380005A9FFF7FAFE070000
:205780000598FDF73EFD01342418CDE7AF4202D92E2323700134380004A9FFF7EAFE05A9C2
:2057A00007000498FDF737FD059A0100200003F08BF9059BE418C0E773B51D000B781A3290
:2057C0000600080093420ED101A9FFF741FE019B0400984200D173BD30002100A84720004D
:2057E000FFF72CFEF3E7002BF5D03000A847F2E730B5040085B0080003A9FFF7E4FD637942
:205800000500012B08D1E36A02225B7D0399009303002000FFF7D1FE039BA06A990009587C
:2058200048232A002000EBF7F5FD05B030BD7FB50400080003A91600FFF7C5FD63790500A2
:20584000012B06D103000722200003990096FFF7B4FE2800FFF7F2FD039BA16A9B005D5819
:205860000200402320002900EBF7D4FDE88904B070BD70B5040008000D00FFF7DFFD010064
:205880002000EBF703FE29002000EBF7FFFD70BD10B50400EBF7FAFD206BFEF797F810BD33
:2058A00010B50400EBF7F2FD206BFEF7C6F810BD70B504001500A94200D170BD2000EBF71A
:2058C000E5FD0100F7E710B50400FFF7F1FF0B21206BFEF7A7F910BDF0B5040085B0080059
:2058E0000E001500FFF7AAFDFFF7ADFD03A9FFF76AFD63790700012B08D1E36A2A005B7D08
:205900002000009303993300FFF757FE039BA06A9900002309581A002000FFF777FE380018
:20592000FFF78CFD01002000EBF7B0FD062D03D10021206BFEF715F9002301211A00206B98
:20594000FEF740FA05B0F0BD70B504000D001600914205D10E21006BE5F786FE022113E0B1
:205960000B78AE2B14D1006B0E21E5F77DFE2800FFF7A9FD0028F1D12800FFF764FD0100C7
:205980002000EBF783FD0321206BFEF7ABF970BDAF2B0CD10800FFF756FD01002000EBF705
:2059A00075FDFFF750FD01008642E9D1D6E7EBF76DFDD3E770B50D00160004000E21006B06
:2059C000E5F752FE320029002000FFF7BDFF70BD70B515000400EBF759FDFFF734FD2A007A
:2059E00001002000FFF7B0FF70BDF8B50026050014001F00B14202D0EBF748FD0136BC4288
:205A000004D13100286BFEF72FF9F8BD21002800EBF73CFD0400F1E710B513000A000021D8
:205A2000FFF7E3FF10BDF8B5050016001F00EBF72DFD0400B44200D1F8BD21002800EBF723
:205A400025FD39000400286BFEF7ECF8F2E710B50223FFF7E8FF10BD10B50123FFF7E3FF4D
:205A600010BD10B50023FFF7DEFF10BD10B50400EBF70CFD0621206BFEF7C7F810BDF7B53E
:205A800005000C001600076901937B1C0361B44204D13900286BFDF7D3FEF7BD2100280087
:205AA000EBF7F4FC04008642F1D03A000199286BFEF717F8EBE710B50023FFF7E0FF10BDC0
:205AC00010B50123FFF7DBFF10BDF7B50D00040011002800FFF7A6FC290001902000EBF7F6
:205AE000D5FC019B05000027032B02DD27697B1C236101230093009B019A01339A421BDC61
:205B0000032A18DD2569206B6B1C23612900FDF7CBFF3900206BFDF793FE0121206BFDF76E
:205B2000D6FD206BFDF794FF206BFDF786FF2900206BFDF785FEF7BD2B78012B35D16878E8
:205B4000A91C36380B282ED8F4F738F83E2D062D2D2D2D2D2729252B1A262000EBF796FCF8
:205B6000009B019A023305000093934205DA206BFDF74FFF206BFDF782FF3100206BFEF7F0
:205B800051F8009B019A9342B5DA3A000021206BFDF7A7FFAFE71B26DFE71C26DDE71D26BC
:205BA000DBE71E26D9E71F26D7E72226992B06D02800FFF788FC023E002800D103362800FE
:205BC000FFF73CFC0100C8E71926C6E710B5C36A04005A7DFFF72BFE01002000EBF7F8FC18
:205BE00010BD37B504000D00006B0021FDF75CFE206B0E21E5F738FD2900200001AAFFF74C
:205C000054FD20000199EBF7E3FC37BD1FB50400E3680800002B0BD1002909D00B78192BC9
:205C200006D903AB02AA01A9FFF739FC029BE3601FBDF7B504000D001600914203D311000D
:205C4000EBF724FCF7BD07697B1C03610B78902B27D10800FFF7F7FB01002000EBF716FCE8
:205C600039000190206BFDF74DFF002220000199EBF7CAFE2800FFF7E1FB05002000FFF7F4
:205C800080FC320029002000FFF7D3FF206B3900FDF796FFA38B206B013BA383FDF756FF94
:205CA000D0E7EBF7F3FB39000500206BFDF72AFF206BFDF7C2FEE1E713B50400019101A869
:205CC0007521FFF7D4FB019902002000FFF7B1FF13BD7FB50400080003A91500FFF773FBD2
:205CE00062790600012A05D10300039920000095FFF763FC206BFDF75FFE039BA26A9B00F8
:205D00009D58002329001A002000FFF77FFCE989206BFDF711FE3000FFF790FB037801006A
:205D2000B82B00D10021200002230022ECF780F9E88904B070BD10B5C36A04005A7DFFF7B6
:205D4000C8FF01002000EBF743FC10BD91429241002310B511401A00ECF76AF910BDF0B5BC
:205D60000400076985B003937B1C03610D00006B39001600FDF7DEFE2000FFF702FC002E10
:205D800026D10321206BFDF7A2FC29002000EBF77DFB0321206B4942FDF799FC206BFDF7E6
:205DA00005FF206B0E21E5F75FFC3900206BFDF747FD0B98FFF747FB01002000EBF766FBB3
:205DC000A38B206B013BA383FDF7C0FE05B0F0BD0A9B3200009329002000039BECF7D2FA94
:205DE000DCE7F0B5060087B008000D00FFF726FB03900378FD22190076310C001440114232
:205E00000CD1722103A8FFF732FB0300039A009429003000ECF7B6FA07B0F0BD892B1ED11D
:205E200004A9FFF715FB7221059005A8FFF71FFB0400FFF703FB049B834203D12300059AD8
:205E40000094E5E7059F2000FFF7F8FA23003A000190009429003000FFF781FFDCE7002200
:205E6000019013000092F5E7F8B50D000400110028001600FFF773FB0021002835D12B78AD
:205E8000A62B34D12800FFF7DEFA0500FFF7D6FA027813005733DBB2012B15D8FFF7D3FAEB
:205EA000070029002000EBF7F1FA200032003900FFF7FEFC31003800246BFFF7B3FA411C52
:205EC0002000FDF7DEFE06E0C12A05D129002000BE3AFFF701FDF8BD29002000EBF7D6FA46
:205EE00001002000EBF7D2FA0221206BE9E729002000EBF7CBFA0121F7E7F8B50D000400A7
:205F0000110028001600FFF72AFB071E06D000231A0019002000FFF768FD18E02800FFF735
:205F200092FA0500FFF78AFA027813005733DBB2012B05D8FFF787FA330002002900E9E704
:205F4000C12A05D129002000BB3AFFF7C5FCF8BD33002A003900DDE770B50D000400110035
:205F60002800FFF7FCFA002100280ED12B78742B0FD12800FFF767FA01002000EBF786FAC1
:205F800001002000EBF782FA0221206BFDF73AFF70BD29002000EBF779FA0121F5E710B519
:205FA00043234222ECF7A2FC10BD10B54B234A22ECF79CFC10BD70B54D7802310400EBF7DF
:205FC00065FA2F2D04D10321206BFDF71EFE70BD0421206B302DF8D00521F6E7F0B587B091
:205FE00001910B7804000D00012B01D07B2B35D105950025612105A8FFF739FA002607008E
:206000000598B84235D10198FFF718FA0190077803003100012F03D15B78206B312B35D03B
:20602000206BFDF741FC662101A8FFF720FA0027019E0090009B9E423CD33900206BFDF7CC
:2060400013FE2900200002AAFFF72FFB019D009B9D423FD3206BFDF7F0FC29E00026782BB3
:20606000D1D10800FFF7EFF90590FFF7E7F90500C0E70378012B07D143784A2B04D10136C6
:20608000FFF7DCF90590BBE70336F9E7FDF70CFC0221206BFDF750FC3900206BFDF7E4FD62
:2060A0002000290005AAFFF700FB206BFDF7F1FB07B0F0BD3000FFF7C6F905A9FFF759FA4C
:2060C0000599206BFDF738FC3000FFF7B7F901370600AFE7280003A9FFF7BAF904A9FFF7A5
:2060E00048FA04990500206BFDF7C7FB039B0499AB4205D0280005A9FFF73BFA05000599DA
:206100002000EBF765FAA2E710B50278012A05D143780F3B5A425341180010BD0023032AEB
:20612000FAD1FFF75FF903005A1E9341F4E7F0B5050085B008000C0016001F00FFF72BFAD9
:20614000002809D0002E03D13900286BFDF7ACFC2000FFF773F950E02000FFF7D5FF002810
:2061600002D0002EF4D0EFE72378192B4FD9200003A9FFF76DF923780090362B2FD1002E9C
:2061800028D101242B69019301332B610098FFF755F9039B83420DD100993B0032002800AE
:2061A000FFF7C5FF01990400286BFDF749FB200005B0F0BD22002800019B00997240FFF713
:2061C000B6FF0090E2E73B00320028000099FFF7AEFF0090039C009BA342F4D1E7E7372B3C
:2061E00002D1002ECDD1F5E7382B08D101223B00280000997240FFF79AFF0400D7E7442B57
:2062000005D12000FFF75FF90028AAD09AE721002800EBF73BF93A0004003100286BFDF7C2
:206220004FFCC4E7F0B504000F00066987B00293B31C03613100006B751C0392FDF700FB91
:206240002900206BFDF7A0FC002239002000EBF7DBFB3800FFF7F2F8FFF7F0F8039B83426E
:2062600021D102992000EBF711F9E36A1978062912D1206BFDF7D4FD206BFDF7DEFB3100BC
:20628000206BFDF711FC2900206BFDF7D9FA206BFDF786FC07B0F0BD0C9B206B9A0005328F
:2062A000FDF72DFDEBE70378C22B09D103A9FFF7CFF83300010000222000FFF738FFCDE7EC
:2062C00005A9FFF7C5F8FFF7B9F80700FFF7B6F801002000EBF7DAF8206B0121FDF741FC58
:2062E0000C9B3900013300932000029B059AFFF799FFC4E7F7B5040008000E00FFF79EF810
:20630000FFF7A1F825690022AB1C0100236120002B00FFF70CFF6F1C310001902000EBF757
:20632000B5F83900206BFDF7BFFB2900206BFDF787FA0121206B4942FDF7C9F9019920006D
:20634000EBF7A4F83900206BFDF77AFAF7BDF0B5836987B0059204930669C38B771C039303
:20636000B31C0361838B0683C3834783040008000D00FFF763F80190FFF760F80290280040
:20638000FFF709F900281ED123692800009301332361FFF7B9FE002803D13900206BFDF78E
:2063A00083FB0099206BFDF74BFA01992000EBF76DF83900206BFDF743FA012229002000A0
:2063C000009BFFF7B4FE049B059AA361039BE383029B934203D019002000EBF757F8310054
:2063E000206BFDF72DFA07B0F0BDF0B50400256985B06B1C0800236103910092FFF7CBF835
:20640000061E1FD00398FFF719F80390FFF716F80390039B009A93420ED06C2103A8FFF784
:2064200026F806000398B0423FD1009B9E4203D031002000EBF72AF82900206BFDF700FA56
:2064400005B0F0BD276903987B1C2361FFF75CFE3B003200039901902000FFF768FE01002D
:2064600003902000EBF712F8019B06000390002BE2D10099FFF773F8002809D1206BFDF7EF
:2064800021F900280CD12900206BFDF70DFB07E03000FEF7D3FF0099FFF761F80028EDD082
:2064A0003900206BFDF7CCF9B3E7FEF7CCFF0390FFF771F80190002807D00398FEF7BEFF36
:2064C0000390FEF7BBFF0390ACE7276903987B1C2361FFF719FE3B00019A039902902000DD
:2064E000FFF725FE010003902000EAF7CFFF029B0390002BA0D1206BFDF7E4F8002803D1FD
:206500002900206BFDF7D0FA3900206BFDF798F988E710B5040001618800FBF7A8FB606148
:2065200010BD10B50400002902D0C068FBF7CEFB6069FBF7CBFB10BD70B504000D00012939
:206540000AD101210369494240699A0002F0D8FA00232560636070BD0229F9D14068FBF719
:2065600086FB6368E060A360F2E7030010B51C6842680020022C01D1D8688018891859606B
:2065800010BD0368012B03DC426843698900CA50704742684B1E9B18494219404160704706
:2065A00070B50C001500FFF7E0FF0419002803D170BD05702D0A0130A042FAD1F8E7816828
:2065C000030010B5081E08D00122013999604900114358680332DDF733FB10BD7FB51D00ED
:2065E0000024012306000094080011001A00EAF709F8FD21286802AA4900E0F741FB029B51
:20660000A34208D02100200002AAFBF7C7FE0400200004B070BD0C20FBF729FB0400066068
:2066200028686060DDF7F6FADDF782F9A060EFE7F8B505000C001600FBF79FF80700A023FA
:20664000A222DB05D2009B580122EB401340A34210D1FBF792F80700A023A222DB05D200AE
:206660009B580122EB401340A3420BD0FBF785F8C01BF8BDFBF781F8C01BB042DFD30220BB
:206680004042F6E7FBF779F8C01BB042E4D30120F6E710B5022901D100F0B1FC10BD10B5C5
:2066A000040002F081FA01002000EDF7FDF8FF38431E9841400010BDFEE770478023F0B50D
:2066C0005B0585B01D69ECF783FF0378FD2B1AD1ECF77EFF037802AA1371ECF779FF040042
:2066E000ECF782FF01950090009B20009C4218D100F04BFC0122200003A9EFF727FBECF77D
:20670000A9FF05B0F0BDECF76FFF037802AA1371ECF76AFF0400ECF75BFF6B420090019315
:20672000E2E700F032FC200000F02FFC80235B051D69019BED09E7183E00ED012D19AC42BD
:2067400001D13C00D0E73378002B04D0802231002000EFF7FBFA80348036F0E770B5050091
:2067600002F022FA002301001A002800EDF7D0F8041E06D02800FCF710FD2100EDF71CFABE
:206780000400200070BD73B50D00040001CD1600EDF762FB00232A000093611E3300EDF7D4
:2067A00097FB76BD13B513000C000A1D411E002000902068EDF78CFB16BD13B513000C004A
:2067C0000A1D411E012000902068EDF781FB16BD10B50C00F3F776FB081E02DA002C04DC8D
:2067E00010BD0029FCD0002CFADA0019F8E710B5002806DB002901DACB43C018F3F77CFAC7
:2068000010BD0029FADB401A0130F7E700B589B001A8EAF7FBFA0120039B5B00184309B0A9
:2068200000BD00B589B001A8EAF7F0FA0120029B5B00184309B000BD13B50400080011006A
:20684000002213000092E9F7DDFE0420FBF70FFA046016BD10B54368984710BDF0B504009B
:20686000270085688BB003936B18019316005300019A0091D0185B189B000C37029305288C
:2068800015D8AD002A00390005A802F01DF905AB029A0399581902F017F960683200019957
:2068A00005ABE0F775F9040020000BB0F0BD8000FBF7DDF90500A36839009A0002F004F93D
:2068C000A368029A98000399281802F0FDF8A36800999C4632002B0060686144E0F758F93E
:2068E00004002800FBF7F2F9DEE7C268030010B5002A05DD41688068814208DB002010BDA8
:20690000101EFCD059689C680020A142F7DD012059684C00521820435A60F0E710B58468A4
:20692000C2686168030000208A4204D2911C890001320859DA6010BD0B0009680200080048
:2069400010B549680830E6F7E1FF10BD030010B50A0059680830FDF776FF10BD436808301B
:206960000B601060704710B5FBF7B0F910BD10B508001100DCF79CFE10BD70B5050008000E
:206980000E0002F011F9041E04D0020031006B6828689847200070BDF0B58DB0039314ABFE
:2069A0001B780D0004930F2304A95B1800210600139F19708A4221D08D421BDA2D226D426D
:2069C0001A70129B0CAC0A3B059328000399F3F78FF90B002A0030330500092901D9059B6C
:2069E0005B18013C237008AB9C420FD0039B9342EBD90BE0BA072FD52B221A70002DE0D148
:206A000030221F2408ABDA7304ABE4180F2140223D0004ABC9180B781540174220D0002591
:206A2000AB420BD0049B3F3A009330003B000192EDF746FE0500159B013B15930CAB1A1B38
:206A4000159B21000193049B300000933B00EDF737FE28180DB0F0BD7A07CFD52022CCE757
:206A6000002BEBD008AA9442E8D9013C2370E5E7F0B51E008DB012AB1B7807002B24081C81
:206A80000393B30702D47407E40F6401149B0194009304A913002022E8F7ACFC0500F305A0
:206AA0000CD5431C1F2B09D80821252202A84018425500221D0002A84118CA54402334006B
:206AC00004A91C401E4212D00B7800242F2B0ED801222300009438000192EDF7F1FD0921E3
:206AE0000400139B013D013B139302ABC918139B2A000193039B380000933300EDF7E0FD6D
:206B000020180DB0F0BD0EB403B503AA02CA0192EDF754FF02B008BC03B01847030030B5A6
:206B200002687F2400201178C0010D0049B22540013228430029F6DB1A6030BD07B5019025
:206B400001A8FFF7EBFF0EBD037801307F2BFBD87047136870B5002B0DD14568AC1CA4003F
:206B600024589D4207D09E00A659B14204D102339B001B58136070BD0133F2E74B6810B516
:206B800002339B000A005958EEF7DCF910BD4368F7B505009800FBF76AF80027060069689D
:206BA000B94206D833000022A868DFF7F1FF04000CE0BB0001932B00BA000C339858E0F7A7
:206BC0003FF9041E04D13000FBF780F82000FEBDBB00F0500137E2E710B514000800110023
:206BE000DCF758FD200010BD026910B504000A2A22D1C3690133C361012323626369606864
:206C00002361A3696361A36898476369A0610D2B07D1033B6361984203D16068A3689847F7
:206C2000A061A369013306D163695A1C03D00A2B01D00A23A36110BD036A092A02D1073376
:206C4000023A93430133D8E7F8B504000D00002601272069431C01D13000F8BD0A2809D178
:206C6000002D02D0A36A002BF6D02000FFF7BCFF3E00EEE7DDF756FB002803D02000FFF7FD
:206C8000B3FFE6E72369232B08D12000FFF7ACFF23695A1CDDD00A2BF7D1DAE75C2BDBD161
:206CA00063690A2BD8D12000FFF79EFFE6E7026903000120272A22D0222A20D0752A04D029
:206CC000102110008843622813D159690120272915D0222913D0722A0BD1002062290ED1F2
:206CE0009B690120272B0AD0223B18004342584105E00020622A02D15A69722AF0D0704776
:206D00007FB506005420019102920393FAF7AFFF030001AD40C3040007CD07C302220025CB
:206D20000123524222620C32E262E361236314206562A562FAF79BFF6063200020214430A6
:206D4000FDF77AFF636B20001D80A56165612561FFF74AFF2000FFF747FF2000FFF744FFF5
:206D60002000EEF7F3F9E36B012B03D02300052240331A70200004B070BD1FB5040001A80C
:206D8000E3F78CFB20000199029A039BFFF7B8FF04B010BD10B5041E0CD0E36840689847DB
:206DA00020004430FDF769FF606BFAF78FFF2000FAF78CFF10BD10B5DCF720FEF6F724FB6E
:206DC000E4F7B6F910BD10B5DCF718FEF6F748F9E4F7AEF910BD10B5DCF710FEF6F7B4F8F2
:206DE000E4F7A6F910BD836870B55D1C040085604068DCF70FFFDCF79BFD854201DB002320
:206E0000A3600121A36804225B0060681943DCF717FF70BD10B50400806AFAF757FF20006D
:206E2000FAF754FF10BD0200002330B5848C9C4201D8002030BD956AD800281845688D42D0
:206E4000F8D00133F3E770B504000E001500FFF7EAFF0023002816D1618CA38C8B4208D33B
:206E60000631A06AC900FAF720FF638CA06206336384A38CA06A5A1CDB00C0180023A2843C
:206E80000360466001332B7070BD030010B518005B68002BFBD1FFF7C6FF10BDF7B5446873
:206EA0000F001500261E08D100233B7004E00378022B01D101330370F7BD30007668002ECE
:206EC000F2D02900FFF7AFFF0028F6D00378023B022BE9D804263E706B46DF1D3A002900A7
:206EE0002000FFF7B0FF3B78002BE0D006706468F2E770B50D000400DCF736FC2900036A53
:206F000004222000984770BD70B50D0016000400DCF72AFC32002900036A2000984770BDE6
:206F200070B50D000400DCF71FFC2900036A00222000984770BD70B50D000400DCF714FC30
:206F40002A00836921001F20984770BD802307B55B051A6E082100925B6E68460193DBF7D0
:206F60003DF80EBD10B5EFF3108072B6FEF799F810BD70B50D000400E9F7E4FB2900200021
:206F8000F1F7BAFCE9F7CEFB70BD10B50400E9F7D9FB2000F1F794FCE9F7C4FB10BD802359
:206FA0005B051B69013B03405A425341D8B270477FB40C1C151CA0230C21DB0305331B024E
:206FC0005A180833011CEFF3108640B472B608E01960064200D11160760807D10134013D9F
:206FE00005D08026C04611602078F1E7FBE7116040BC86F310887FBC70470020704710B541
:20700000EEF7CEFE10B50400006800F086F8200010BD70B5060008000D0001F0C5FD04003C
:207020000530F1F7F1F9306000F069F8306829004480621C043001F047FD70BD70B50B6837
:20704000040000680D00984205D000F066F82868206000F057F8200070BD0300002010B536
:20706000814206DB1B6802241A5F8A4201DD5918087910BD002310B503600400EFF73CF878
:20708000A060E160200010BD70B50180428004001D00EFF731F8A060E160002D02D02000CA
:2070A000EFF78AF8200070BD10B50400006800F034F8200010BDF8B51400D243D2171440CE
:2070C000050020000C301F000E00F1F79DF9286000F015F82B681C7228684760002E04D0C5
:2070E00022003100093001F0EFFCF8BD002310B504000A001900FFF7DEFF200010BD03237E
:207100000380704710B504000088EFF77BF8002802D123880233238010BD10B504000088EF
:20712000EFF770F8002805D12388023B9BB2012B01D0238010BD2000F1F79AF9FAE770472E
:207140007047036870B5040001811B6A9847236805005B69200098472081280070BD00892C
:207160007047036870B5040081721B6A984723680500DB6920009847A072280070BD807A39
:2071800070477047704710B50400102101F029FC200010BD10B50400442101F022FC200070
:2071A00010BD0200C368006952695B43404352431818801870477FB50400FFF7F2FF260037
:2071C000902305001B04313698422AD9638F002B07D1013308221B216846FFF755FF0123E9
:2071E000638790239B049D420AD9A38F002B07D1013309221B216846FFF746FF0123A3878A
:207200008023DB049D420AD9E38F002B07D101330A221B216846FFF737FF0123E38700238E
:2072200033703378042B0ED8013333702000EFF7E3F802000B280AD101231B21684662862D
:20724000FFF722FF14E000236387E363EEE72300A18E303381420CD11A78042A01D80132DA
:207260001A70A28E618E914202D01B78042BE3D87FBD0022A086F3E730B50400036A8BB054
:20728000009302AD416A8269C369280000F06AFF23000C3307CD07C30222A3792000934333
:2072A000A371FFF788FF0123A1881A0006A8FFF7EBFE00200BB030BD70B505000B680C00D8
:2072C00008005B6A98472B000C3407CC07C3280070BD10B5040003685B6A9847E06810BDB8
:2072E00010B5040003685B6A9847206910BD10B5040003685B6A9847606910BD10B5040029
:2073000003685B6A9847A3799B0702D42000EFF741F9A06A10BD10B5040003685B6A9847DB
:20732000A3799B0702D42000EFF734F9E06A10BD408E7047036870B5040001811B69984771
:20734000236805009B69200098472081280070BD00897047704710B50400482101F041FB4E
:20736000200010BD30B50400436BC26801699A1A83698BB05A43836B92125B1AC1694263A7
:207380004B439B12C16B8363406902AD091A206A414389122800E1630091216C00F0E2FE22
:2073A0002300283307CD07C30123A1881A0006A8FFF76AFE00200BB030BD002310B583719A
:2073C00064330381036804001B69818098470222A37993431A0001231343A37110BD84B000
:2073E00030B5069303000491059204AC0C3326CC26C326CC26C322681A60022382791343C1
:20740000837130BC08BC04B01847030030B50C3134C934C334C934C30A681A6030BD0223AA
:20742000807918407047042380791840704780220023D2008261C26102620222C360036169
:207440004361436283799343837170474164704773B50C00050016000B680800DB6998471D
:20746000E36B280001960093626BA36B216C00F03AFE280076BD70B505000B680C000800D0
:20748000DB6998472B00283407CC07C3280070BDF0B587B0010003A8FFF7EDFF0398F5F75F
:2074A00005FB040004980D00F5F700FB060005980F00F5F7FBFA2200009001912B00200016
:2074C0002900F4F7BFFC320004000D003B0030003900F4F7B7FC02000B0020002900F3F718
:2074E00073FD009A019B04000D0010001900F4F7A9FC02000B0020002900F3F765FDF5F78E
:207500009FFFF5F79DFA07B0F0BD10B504000368DB699847A06A10BD10B504000368DB6940
:207520009847E06A10BD10B504000368DB699847206B10BD82B030B5040085B0089202A812
:207540000822099301F0C0FA039B029D58102418DB0701D523685D590AA90822684601F064
:20756000B3FA2000089A099BA84705B030BC08BC02B01847F8B50A6803680C000500981A46
:20758000F3F792FC62686B68071C981AF3F78CFCA368061CA868C01AF3F786FC391C041C97
:2075A000381CF3F777F9311C051C301CF3F772F9011C281CF2F708FE211C051C201CF3F73A
:2075C00069F9011C281CF2F7FFFDF8BDF0B585B0019002910392FFF7CDFF0126041C071C8F
:2075E000039B9E4217DA0C217143029B01985918FFF7C0FF051C011C201CF2F7CDFC00288B
:2076000000D02C1C291C381CF2F7B2FC002800D02F1C0136E4E7211C381CF3F761FA05B052
:20762000F0BDF0B58BB009938023DB000024C36003614361002306000C2707910892046062
:207640004460846084610293119B9C4266DB00270023109C0593019700973D1C059B119AFC
:20766000934271DA210007A8FFF784FFF6F720F8011C03900298F2F745FFFE218905F3F78E
:207680002FFA0490281CF3F7EFFB05000498F3F7EBFB030028009D4200DA1800F3F704FCBE
:2076A0002368079A051C981AF3F7FEFB0399F2F729FF400004994008F3F7ECF8011C009893
:2076C000F2F782FD089B00900693069A6368981AF3F7EAFB0399F2F715FF400004994008CC
:2076E000F3F7D8F8011C0198F2F76EFDA368019009980C34181AF3F7D7FB0399F2F702FFD5
:20770000400004994008F3F7C5F8011C381CF2F75BFD059B071C013305939FE739006143F9
:20772000109B07A85918FFF725FFF5F7C1FFF3F79BFBF3F7B9FB0299051CF2F72DFC0028A4
:2077400000D0029501347FE70099081CF3F7A2F80199041C081CF3F79DF8011C201CF2F747
:2077600033FD391C041C381CF3F794F8011C201CF2F72AFDF5F79CFF041C011C0098F2F7EC
:20778000C1FE291CF3F786F8FE218905F2F71CFD8921C905F3F77EF8F3F766FB211CF0601E
:2077A0000198F2F7AFFE291CF3F774F8FE218905F2F70AFD8921C905F3F76CF8F3F754FB63
:2077C000211C3061381CF2F79DFE291CF3F762F8FE218905F2F7F8FC8921C905F3F75AF83C
:2077E000F3F742FB079B70613360089B029800937360099BB360F3F737FBB06130000BB0EA
:20780000F0BDF0B50025040016000B002F0028002A0091B00791B24208DA19680132401890
:2078200059687F1899680C336D18F4E73100F2F763FA310020603800F2F75EFA31006060BE
:207840002800F2F759FA3200A06007992000FFF7BDFE00230A900693059304930DADC823F7
:207860005B420393C8235B420293C8235B4201932B00220083CA83C32A68039B94466A68E0
:20788000634494462B60AA681F00029B07996344944608936B60019B32006344280009934E
:2078A000AB60FFF793FE0A990B90F2F761FB002806D0099B04970693089B05930B9B0A935F
:2078C000C822019B5200C83301939342D0D1029B019AC83302939342C7D1039B029AC83361
:2078E00003939342BED12368049A934207D16368059A934203D1A368069A934206D0049BB0
:207900002360059B6360069BA360A8E7200011B0F0BD70B504000D00160086B003A8FFF79D
:2079200070FF20000399049A059B01960095FFF778FE200006B070BD4A6810B55310C01891
:207940000B68D20701D50268D358984710BD10B50021406C00F0C2FF10BD10B50400EFF705
:2079600095FA2000782101F03CF8200010BD70B505000400743501212800F0F7BDFE2200C8
:20798000563213780133DBB21370E17901318B4222D1002326001370226D54360221525E8C
:2079A00033882021934205DA200019B25030FFF754FB01000023E2792800F0F757FE226DF5
:2079C00033880221525E934207DD23000022483320001A70EFF76AFB70BD01333380FBE7B5
:2079E00070B505000600826D5C350221525E2B88040020217436934204DA19B25830FFF766
:207A00002CFB0100002330001A00F0F72FFEA26D2B880221525E934207DD230000224833AF
:207A200020001A70EFF742FB70BD01332B80FBE773B504000600250074363000643500F0D1
:207A4000B9FB0023EA5E2100002330006031009300F0C0FB002804D123006C331B78002B47
:207A60000AD16622A256002A06D02B886C349B182B800123237073BD230000224833200033
:207A80001A70EFF713FBF6E7F0B506000021050004006636006E7156408864350023EA5E19
:207AA0004B1D1B1A200085B06C3003909A4211DC0378002B0ED01C3D2B78062B03D1200037
:207AC000743000F077FB002320002B70EFF7EEFA05B0F0BD27007437002A04DD49423800F2
:207AE00009B2F0F709FE0023EA5E2100002338000093603100F06EFB0023F356002B05D10C
:207B00002200483220001370EFF7D0FA0123039A137000232A88F3569B182B80D8E770B5D2
:207B2000050048352B780400002B31D0EEF79CFA22004C3213881818230080B210804A33A8
:207B40001B88834224D8002313802B78022B02D12000FFF70CFF2B78032B02D12000FFF78D
:207B60003FFF2B78042B02D12000FFF761FF2B78052B02D02B78062B02D12000FFF784FFC7
:207B80002B78072B04D1002320002B70EFF78EFA70BD1FB5036F827A9B68040001339A4269
:207BA00008D10123818802226846FFF76DFA0023A3721FBDEFF7FEF92000FFF7B0FFA37ABD
:207BC0000133F5E710B583790400DB0704D5027B022A02D1FFF7DDFF10BD837A016F013359
:207BE000DBB2837289688B4201D100238372002A02D12000EFF7DEF9237B012B05D163730B
:207C000000232000A373EFF7C3F82000FFF787FFE2E7407A7047F0B5837904000D0087B0AB
:207C2000DB0703D5002903D007B0F0BD0029FBD01023216F01278A68CB569818002298428C
:207C400004DD3E009E4001333243F8E71123C868CB56012700211818984204DD3E009E40CA
:207C600001333143F8E70A43002D09D00123002101A8F1F7CFFA0123A2791343A371D3E728
:207C80002B00290001A8F1F7C5FA290001A800F0F0FD0122A3799343F0E710B50121FFF7C8
:207CA000BAFF10BD10B50021FFF7B5FF10BD10B5743000F07FFA10BD10B50400F0F7D2FEC2
:207CC00000232000237510BD1FB56C46637300232273009303AA0233EFF784FA04B010BD8E
:207CE0001FB50F2401236C4400932300EFF78AFA002800D1207804B010BD4A6810B553109D
:207D0000C0180B68D20701D50268D358984710BD82B030B5040085B0089202A808220993CE
:207D200000F0D2FE039B029D58102418DB0701D523685D590AA90822684600F0C5FE20004B
:207D4000089A099BA84705B030BC08BC02B0184770B504000D001822002100F0D1FE2900FF
:207D6000200000F04DFC200070BD0300026841689B685018C018032110B5F1F7BDFFA923AB
:207D80005B00984208DD1800181A0821FF23FF315843F1F7B1FF10BD4B28F5DA4B20F3E77D
:207DA00013B50C0001A8EFF727FD210001A8EFF735FD13BD73B50D0014001E0001A8EFF794
:207DC0001BFD33002A00210001A8EFF75BFD73BD802307B55B05009101921A695B6969461D
:207DE000133B5A430223FFF7E5FF07BD84B010B50492802203910593520513695169526930
:207E00001139133A5A434B430F99CB1AD21803A90C23FFF7CFFF10BC08BC04B01847802344
:207E2000F7B55B051F6901915D69EFF7D5FB0600041E22D0302000F0D8FD113D30220021B0
:207E40007D430400002700F05BFE0835B7420DDA29003022200000F037FE2100019800F067
:207E600099FE002809D030350137EFE7B74204D12000302100F0B5FD00242000FEBD10B552
:207E800009680431EFF7D8FB10BD29DF704728DF704710B503685B6A984710BD10B50400CF
:207EA000EFF7B2FD2000A42100F09BFD200010BD10B50D22C9B2FFF713FFC738434258413F
:207EC00010BD10B503685B6A984710BD10B50400EFF7DAFE20005C2100F083FD200010BDB3
:207EE00010B50D22C9B2FFF7FBFE5A384342584110BD10B50368DB69984710BD10B50400BE
:207F0000EFF738FF2000602100F06BFD200010BD10B50722C9B2FFF7E3FEC4384342584104
:207F200010BD10B503685B6A984710BD10B50400F0F740F820005C2100F053FD200010BD21
:207F400010B50F22C9B2FFF7CBFE33384342584110BD10B50368DB69984710BD10B50400B2
:207F6000F0F7DCF82000602100F03BFD200010BD10B54F22C9B2FFF7B3FE403843425841A2
:207F800010BD72B60B680165002B04D143658365086062B670471A005B6D002BFBD15065BE
:207FA00082654365F5E7036D002B0FD072B6826D436D002A0BD05365436D002B01D0826DBD
:207FC0009A65002343658365036562B67047026D1360F1E770B50500EFF30884C36B006CCC
:207FE0001C1B6B6C1B1A9C420CD91F2320349C43002801D0F0F73CFA2000F0F705FA28645E
:208000000019686470BD10B5F0F722F9F0F738F9FAE70300F0B58208980702D1181E01D1E2
:20802000F0BD0132541C72B6802503C92D0681421BD90368002B02DB9B00C018F7E75B004E
:208040005E085B00C3181F68002F09DA994207D92B007F007F08F61933430360B300F1E78C
:20806000A64205D2B6008019E1E762B60020D7E70232B24203D292008218914206D80368EF
:208080005B005B08036062B60430C9E78023361B1B06043A1E4316600460F4E710B508008D
:2080A000F0F7B2F910BD10B50800F0F7E1F910BD10B5838804009B0705D58068002802D0D4
:2080C000182100F08EFC200010BD10B5F0F7F8F9406810BD10B5F0F7F3F9006810BD0170B0
:2080E00042704360704782B0F0B505920200069308AB1B7805ACE0CCE0C2002B1ED04A784B
:20810000002A05D04268524242608268524282604A68022A16D0032A1AD0012A04D10268DB
:208120004168524201604260012B17D0022B05D143685B42436083685B428360F0BC08BC23
:2081400002B0184702685242026042685242EAE742680168524202604160E5E74268036814
:208160000260E7E782B037B50400180007930B7806920193089B009303002000FFF7B3FF4B
:2081800020003EBC08BC02B0184710B504000068FEF7C3FF200010BD10B50A00002100F03B
:2081A000AFFC10BD10B5040008682060FEF7AAFF200010BD10B50068438881880630594330
:2081C000FFF7EAFF10BD10B504000023F0F7D8F9200010BDF0B587B003910CA909780700B5
:2081E000049101680020029149888C468A426FDA029989888B426BDA0398066870880190C6
:20820000101800900020009C844261DDB5885819059000205C1984425ADD824236DA0098A5
:20822000604501DD60460090002B37DA059C8C4200DD0C00B01D0026D11755422940B34221
:2082400002DA019D6E425E43029D761886190635111C002A00DA0021002209B2934201DD6A
:2082600062465A43049B51186D18002B25D000221000A2422CDA002300998B4213DAF15C2D
:20828000002901D0E95401300133F5E76046019C801A0090A042C7DD2000C4E7CC1AAC42D4
:2082A000C8DD2C00C6E7039B01321B6801935B88F6183B685B88ED18DBE7049B0193019B4B
:2082C000A34207DBE043009BC01720404343180007B0F0BD31002800009A00F0F5FB039B6F
:2082E0001B6802935B88F6183B685B88ED18019B0133E3E710B5040000F0FAFA200010BDB6
:20830000F8B505000F0004001618B44200D1F8BD7B1B2000195DF0F7EFFA0134F5E751DFB1
:20832000704761DF7047F0B585B01C000AAB050016001F780391F0F7B7FB01235F40320010
:20834000230028000399009700F053FA201A431E984105B0F0BDF0B585B01C000AAB0500DC
:2083600016001F780391F0F79FFB01235F403200230028000399009700F0F9F9201A431E4B
:20838000984105B0F0BD8269806812681040431E9841704710B5043000F0D5F910BD7047D9
:2083A00010B50400402100F01CFB200010BD10B500F046F810BD10B500F047F810BD704767
:2083C00003004A1C080018214A4341439A189268581810B5C068002A03D1002800D080471C
:2083E00010BD0028FCD0103159189047F8E710B50400402100F0F5FA200010BD70B50D002C
:2084000004000430F0F7F6FFE56370BD10B5043000F081FA10BD70B50C0003001100043029
:20842000221E0AD0182215004D435D19EC604C1C62439B1800229A600132F1F727F870BD3E
:2084400010B5043000F05AFA10BD10B50C000430F1F760F8200010BD10B5040043684269C1
:20846000991800F081F8E36A002B04D1A369002B00D0984710BDA0690028FBD021001C3178
:208480009847F7E710B5040000F076F80023A361E36210BD10B50400F0F73CFB2000302167
:2084A00000F09FFA200010BD70B50D00040000F063F86561206900F02FF94119200000F0F4
:2084C00053F870BDC36A010010B58069002B03D1002800D0804710BD0028FCD01C3198479D
:2084E000F9E710B50400F0F723FB2000302100F078FA200010BD036810B50400002B05D1D9
:20850000C06800F009F901236060236010BD10B504000068002804D0E06800F0FDF86368E8
:20852000C01A10BD10B58468FFF7F1FF201810BD10B50400C06800F0EFF800236060A3604A
:2085400010BD002310B50360436083600400F0F7BBFBE0602000FFF7EBFF200010BD10B5EA
:2085600003689B68984710BD10B503000A00011D006900F098F810BD10B5011D006900F0FF
:20858000AFF810BD0FB4012010B5F7F721FE70B50D0004001600F0F70BFC6B1C07D00021F8
:2085A000200000F0D6F83100200000F0CCF870BDF8B50D001F0004001600F0F7F9FB6B1C56
:2085C0000CD06368002F0AD0E26801212000136000F0BFF83100200000F0B5F8F8BD226917
:2085E000F3E710B50322FFF7D2FF10BD10B5FFF7CEFF10BD10B513000022FFF7D9FF10BD39
:2086000010B50022FFF7F6FF10BD10B5022804D8802300209B014B6010BDF7F7D3FD09232F
:20862000036001204042F7E7012010B5F7F7D0FD7047704710B5FFF7FCFFFFF7F9FFEAF7C2
:20864000E5FE10BD10B5002801D000F084F9FEE770B504000D0003681B68984763681D600F
:2086600070BD036870B5DB680400984763685A682368002A02D19B68984770BD5B681568B3
:20868000984763682D1A5A68002D07DC916859601B68002BEAD050689847E7E72368106895
:2086A0001B699847E9E770B506000C00100072B64B6000230A6071684D68002D08D1002B21
:2086C0000CD133684C601B699847A56062B670BD2A68821AF3D42B00AD68EEE79C60F4E7E8
:2086E00010B572B6426853688B420DD19B6853600268002B03D19368984762B610BD126924
:2087000018689047F9E71300002BF6D09A688A42F9D18A689A60F0E710B503685B689847F1
:2087200010BD70B50400F1F79DF90500F1F79AF9401BA042FAD370BDFA2310B59B005843F6
:20874000FFF7EFFF10BD10B5007840B200F081F810BD002902D0012900D070470023A02272
:20876000C356D205C133FF339B009950F5E7F7B50192B1221C0003684910D2009950802135
:20878000012289005A50190000260500FC31CE601A60671E019BB7420BDC01222800D9192C
:2087A000F0F72AFC002819D02800F0F7EDFC3C0010E0002228009919F0F71EFC00280BD077
:2087C0002800F0F713FD04002800F0F7DDFC002C00DB34002000FEBD0136DAE7089B002BB2
:2087E000F8D02B68FC339A68002AFCD000229A60F0E7F8B51700B1221C000368D2004910BB
:2088000099508022002592009D50012206009A60A54204DB069B002B13D120000EE0300052
:20882000795DF0F7D5FB002809D03000F0F7ACFC3000F0F7DBFC002800DB2800F8BD0135E7
:20884000E6E73000F0F7B8FC0028E6D001204042F4E7A0238000DB05C018E02310B50C2431
:20886000DB00C2588900A243C250C2581143C15010BDF8B505000E00002401273B00A3400D
:208880002A691A4203D0310060B2FFF7E2FF01341F2CF3D1F8BD30B5002902D001290FD01A
:2088A00030BD01220C0013008B4005691D4203D005688B00EB181C6001311F29F3D1EFE793
:2088C00000230A009A400469144203D004689A00A218116001331F2BF3D1E1E70B0042680B
:2088E00010B514680169634019406140116010BD10B5407840B2F0F7A1FC10BD03681A00AD
:20890000FC32D1680129FCD10021D160A322D2009858C0B270470368FC33D868013843425F
:208920005841704782B00190C046C046C046C046C046C046C046C046C046C046C046C046DC
:20894000C046C046019B013B0193002BECD102B070477047704710B59AB0032102A8FFF70D
:208960004FFE022108A8FFF74BFE01210EA8FFF747FE102114A8FFF743FE9624059B039A6A
:2089800020001A60099A0C9B1A600F9A129B1A60159A179B01921A60FFF7CEFE069B039A3B
:2089A00020001A60099A0B9B1A600F9A119B01921A60159A189B1A60FFF7BEFEDEE70300A2
:2089C00000200856421C02D0984201D1486870470C31F5E7030010B508001900F7F7E4FB07
:2089E00010BD10B500F013F810BD10B5041E00D101342000EFF708FD002807D1F1F7CEF877
:208A0000002801D100F007F88047F2E710BD10B5EFF72EFD10BD062010B5F7F775FD0120F1
:208A2000FFF710FE70B568254A1E55430E0029007431FFF733FB041E08D000212A000160DA
:208A400046600C30A060683200F05AF8200070BDF7B5040006000027019148346368A56848
:208A60000093009B013B009304D52468002CF5D13800FEBDAB89012B08D90E22AB5E013301
:208A800004D029003000019B984707436835E8E7704770477047C9B28218904201D100207A
:208AA000704703788B42FBD00130F6E730B500240139A24201D1002005E0035D01340D5DE1
:208AC000AB42F6D0581B30BD002310B59A4200D110BDCC5CC4540133F8E710B5884202D964
:208AE0008B18984203D3002307E08B5C8354013AFBD210BDCC5CC45401339A42FAD1F8E78C
:208B000003008218934200D1704719700133F9E770B504000D001F2904D9162303600120A6
:208B2000404270BD436C002B04D08A009B181A68002A08D1200000F015F82A0001002000AE
:208B4000F7F7ECFCEDE70020012AEAD0511C03D1162301302360E4E7002428001C609047CE
:208B60002000DEE710B5F8F713FA10BD10B50E23C95EF7F70DFE10BDC9B20378002B04D0AA
:208B80008B4200D170470130F7E74B42594149420840F7E702780B78002A03D0013001313C
:208BA0009A42F7D0D01A70470023C25C0133002AFBD1581E704730B50500101E08D00024C5
:208BC000013A2B5D085D834201D1944201D1181A30BD0134002BF4D1F9E7936810B5013B0E
:208BE0009360002B04DA9469A34207DB0A2905D01368581C10601970080010BDF7F7E6FC20
:208C00000100F9E7F8B506000F001400D518AC4201D1002007E021783A003000FFF7DDFF14
:208C20000134431CF3D1F8BDF7B5150001938A680B690C000090934200DA130022002B6061
:208C400043321278002A01D001332B6023689B0602D52B6802332B602268062317001F40DC
:208C60001A4227D0230043331B785A1E93412268920630D4220001990098089E4332B0479D
:208C8000431C25D0062320682A68E16800250340042B03D18D1AEB43DB171D40A3682269CF
:208CA000934201DD9B1AED180027BD4220D1002010E00137E3682A689B1ABB42D2DD220088
:208CC000012301990098089E1932B047431CF0D101204042FEBD3020E11843310870210082
:208CE0005A1C45310978A218433202331170C1E72200012301990098089E1A32B047431CBA
:208D0000E6D00137D1E70000F8B5C046F8BC08BC9E467047F8B5C046F8BC08BC9E46704721
:208D2000182D4454FB21E9BFD221337F7CD90240D221337F7CD902C000000000000000801A
:208D4000182D4454FB210940182D4454FB2109C04FBB610567ACDD3F182D4454FB21E93F4F
:208D60009BF681D20B73EF3F182D4454FB21F93FE2652F227F2B7A3C075C143326A6813C07
:208D8000BDCBF07A8807703C075C143326A6913CF0CE02000100FFFF310200007C9402005F
:208DA000670100002C000000AC8D02009E0F0000CE1000006E0200007CA5020006050000BB
:208DC000200000209E05000048E90200A605000054E90200CE0500004CA102007E0600004D
:208DE000A8BC0200860C000034C60200B606000058E002007E0B000064000020FE0B000073
:208E00000C000020C6000000388F0200CE000000488F0200D6000000408F0200DE0000006B
:208E20002C8F0200E6000000508F0200EE150000908D0200A60100000CD90200AE0100004F
:208E40005CD90200B60100006CD90200BE01000074D90200C60100007CD90200CE010000E2
:208E600084D90200D60100008CD90200DE01000094D90200E60100009CD90200EE010000BA
:208E8000A4D90200F601000014D90200FE0100001CD902000602000024D902000E02000060
:208EA0002CD902001602000034D902001E0200003CD902002602000044D90200FE140000F4
:208EC0004CD902002E02000054D902003602000064D902002E150000A0D80200361500008D
:208EE000A8D8020026150000E4D902000615000004D902001E150000FCD802000E150000D0
:208F0000ECD8020016150000F4D80200F3020301000000004602030100000000E302030164
:208F2000000000002CDE02009C8D0200F0CE0200000001001102000000CE020089010000CC
:208F400000CE0200B10F02003CCE02009901000000CE0200D9010000248F02008AFA0200F4
:208F60002C8F0200BBFA0200488F020020FB0200408F02009EFB0200508F0200E3FB02005A
:208F80004CA1020017FC020034A102006EFC02003CA10200A6FC020044A10200DEFC020044
:208FA00048E902006CFD020054E90200B8FD020068E9020004FE020070E9020046FE020025
:208FC00060E90200C1FE020098BC020025FF0200A8BC02005DFF0200A0BC020000000300E4
:208FE00068BC02008C00030070BC02002101030080BC02008401030088BC02003002030028
:2090000090BC0200DC02030078BC02008803030020000020BD03030018D50200DB0303008A
:2090200000D5020088040300D0D4020021050300D8D402004C0503000CD50200DD05030031
:20904000F0D4020066060300E8D4020088060300E0D40200AC060300F8D40200FA06030050
:209060000CD90200550703005CD90200840703006CD90200B307030074D90200E2070300A6
:209080007CD902001108030084D90200400803008CD902006F08030094D902009E080300BA
:2090A0009CD90200CD080300A4D90200FC08030014D902002B0903001CD902005B09030057
:2090C00024D902008B0903002CD90200BB09030034D90200EB0903003CD902001B0A0300E7
:2090E00044D902004B0A030054D902007B0A030064D90200AB0A0300DCD90200DB0A0300AC
:20910000BCD90200390B0300D4D90200830B0300B4D90200D90B0300ACD902004D0C0300D8
:2091200058E00200AB0C030060E00200490D03006CE00200940D03004CE00200EA0D030086
:209140007CA502002C0E0300B8A50200200F030040A502004A0F030038A50200750F030075
:2091600050A502000410030064A502008F1003006CA50200E010030074A5020033110300CC
:209180005CA502007911030024A50200C31103002CA50200F611030048A50200AB12030011
:2091A0006400002036130300D8E502007B130300D0E50200101403000CD202007814030042
:2091C00024D20200C914030018D202000C15030030D202008C1503000C000020D8150300E3
:2091E00050C702003916030068C70200EC1603005CC702003417030070C702005C170300AC
:20920000CCD3020029180300B4D302007818030094D30200E7180300A0D3020087190300CA
:209220008CD30200181A0300C0D30200711A0300ACD302009B1A030050960200DB1A03005C
:20924000B0CA0200F61A0300A8CA02007A1B0300C8C90200C61B0300C0C90200FF1B030054
:2092600000CE02001104000000CE0200010400003CCE0200ED030000F0CE02000000010077
:20928000B5030000F0CE02000000010061040000F0CE0200000001002104000000CE02003A
:2092A000BF0F02002CDE0200AC9202007C9402004F00000009000000BC9202009E0F00002B
:2092C000C60C00001611000070980200D61400008492020056140000789202007615000088
:2092E000909202005E1600009C9202009E12000060920200A6120000689202007E130000BD
:20930000709202003CCE0200310500003CCE02008B100200F0CE020004000300E5080000AA
:20932000BCD5020014930200F0CE020004000300E10F02003CCE0200790800003CCE02009F
:20934000950800007C940200770000000E00000054930200460C00000493020046050000BA
:209360000C93020046120000209302006E120000289302005E130000349302008E13000027
:209380003C93020046150000C49302004E150000D09302001E160000D89302007E1700004A
:2093A000E4930200A6170000F0930200460F0000D4E80200DE0F0000DCE80200160F000007
:2093C000CCE80200F0CE020004000300D70F02003CCE0200C9060000F0CE02000400030086
:2093E000CD0F0200F0CE02000300FFFFE50500003CCE02001505000070D602006D02000007
:2094000000000000000000000000000000000000000000000000000000000000B91702007A
:20942000251002000000000000000000000000000000000070D602002C0200006D0500000D
:209440000000000000000000000000005B1002000000000000000000A904000000000000F2
:20946000000000000000000000000000000000008B21030096210300A021030070D6020077
:209480002B020000E50700003109000000000000410500000D070000000000008509000091
:2094A0008D040000000000000000000000000000000000004493020070D60200D201000027
:2094C000E50700003109000000000000410500000D07000000000000850900008D040000ED
:2094E0000000000000000000000000007C9402004493020070D60200AA000000C5090000C1
:2095000000000000000000000000000000000000000000000000000000000000000000004B
:20952000000000000000000000000000000000000100E2040000000000FC00000000000048
:2095400000000000000000000000000000000000000000000000000000000000000000000B
:209560003CCE0200E11900007C9402001F0000000300000078950200EE10000060950200AD
:209580008E0D000090950200E61600009895020078CE0200FD110200F0CE020004000400BE
:2095A000AD19000070D602004C020000811800000000000000000000DD17020000000000C0
:2095C0000000000000000000B9170200D119000000000000000000000000000068950200D0
:2095E00070D602004C020000000000000000000031180000DD170200000000000000000096
:20960000000000000000000000000000000000000000000000000000000000000600000044
:20962000000000000000000000CE0200311D00007C94020017000000020000004096020009
:209640009E0F0000FE000000660F0000289602002CDE020030960200000000000000000056
:20966000511D0000411D0000491D00007C96020000000000000000000000000070D602005C
:20968000160200007D270000652600000000000000000000012E000000000000F12500003E
:2096A000251E000000000000BF1602000000000000000000B89602007C940200B700000077
:2096C00016000000C89602000612000090970200C615000004980200C6120000A897020041
:2096E000CE1500001098020076130000DC9702004E16000034980200DE1500001C98020004
:209700006616000040980200BE110000849702009E1600004C98020006140000EC970200CE
:20972000E615000028980200261200009C970200A6150000F89702002E1100007897020063
:20974000EE130000E4970200861700005898020036130000CC970200EE120000B497020001
:20976000F6120000BC97020056130000D497020026130000C4970200F0CE02000400040058
:2097800051240000F0CE02000400030009230000F0CE020004000400DD140200F0CE0200E6
:2097A0000300FFFF7D350000F0CE020004000400F71402003CCE0200B12500003CCE020033
:2097C000C12500003CCE0200E12500003CCE0200A12500003CCE0200D125000078CE020075
:2097E000ED2000003CCE020011250000F0CE0200020002001F150200F0CE02000600040056
:209800003B150200F0CE020004000400E9140200F0CE02000400040003150200F0CE02008D
:209820000200030079340000F0CE0200020002002D150200F0CE0200020003003D33000039
:20984000F0CE020004000300A1220000F0CE020002000200111502003CCE02002125000040
:209860000000000000000000B9350000251702003CCE02008B1702007C94020037000000C3
:2098800006000000889802009E0F00008E170000BE100000C0980200E6140000D4980200BE
:2098A000EE140000C89802006E170000E098020076170000E09802002CDE02007898020020
:2098C0003CCE020039180200F0CE02000600FFFFB93E0000F0CE02000200FFFF713E0000FF
:2098E000F0CE020004000300BD3C000070D6020038020000000000005B1A020000000000AF
:2099000000000000000000000000000000000000B9170200331A0200000000000000000026
:20992000000000000000000070D60200CF020000294400004120000000000000F14300000C
:20994000012E000000000000F1450000D543000000000000BF1602000000000000000000B3
:20996000649902007C940200B700000016000000749902000612000090970200C6150000DE
:2099800004980200C6120000A8970200CE1500001098020076130000DC9702004E16000021
:2099A00034980200DE1500001C9802006616000040980200BE110000849702009E1600003A
:2099C0004C98020006140000EC970200E615000028980200261200009C970200A61500001D
:2099E000F89702002E11000078970200EE130000E497020086170000589802003613000030
:209A0000CC970200EE120000B4970200F6120000BC97020056130000D49702002613000028
:209A2000C4970200F0CE02000400FFFFD94600003CCE0200DD4C00003CCE0200514C00000A
:209A40003CCE02004D4700003CCE02007D4700003CCE0200C71A02003CCE0200AD470000A7
:209A60003CCE0200C9470000F0CE020000000100294D000078CE0200DB1A0200F0CE020094
:209A800004000300ED4B000000CE0200C146000078CE0200C54B00003CCE0200391B0200F6
:209AA0003CCE0200E91A02003CCE02009B170200F0CE020000000100654800003CCE02005B
:209AC000BD1A02003CCE0200153C000000CE0200CD460000F0CE02000300FFFF451B02004A
:209AE000F0CE02000300FFFF4F1B02003CCE0200A14C00003CCE0200F71A02003CCE020015
:209B00009D490000F0CE020004000300BD4C0000F0CE02000100FFFF314A00003CCE020049
:209B2000E54A0000F0CE020002000200114B0000B4CE0200314C0000F0CE02000300FFFF14
:209B4000894B0000F0CE020002000200051B02002CDE0200589B02007C940200D70200005F
:209B60005A000000689B02009E0F00008E100000F60E0000249A02005E0F000040DD0200EB
:209B8000C60F0000309A02007E100000ECD00200B61000007C9602009E100000D0D10200AD
:209BA0005E1100007C940200C6110000EC980200FE11000078C602000E120000CCA10200E9
:209BC0004E12000064CB0200D6120000F8CA0200CE130000A0D002000E140000C0E402002D
:209BE000BE14000094E202008615000048E30200BE15000048DF02000E160000A0CB0200C6
:209C000056050000F49402007E16000028990200B616000034D60200361700000CE40200F1
:209C20003E17000070D60200BE170000D8C90200E6100000BCD502006E160000F8D5020033
:209C4000260E0000C0E30200FE0F0000389A02001E100000409A0200C60B0000489A02008B
:209C60006E100000509A0200C6100000589A0200DE100000609A02007E110000689A020033
:209C80009E110000749A0200CE11000010CD0200D61100001CCD02007E1200007C9A0200CD
:209CA00016160000309B020086120000889A02008E120000909A020096120000989A020047
:209CC0009E0000007CA60200AE120000A09A0200B6120000A89A0200A6000000B09A0200C8
:209CE0001E130000ACD502003E130000B4D5020066130000BC9A0200C6130000C49A0200CA
:209D0000DE130000CC9A02001E140000D49A02005E140000E09A0200AE140000EC9A020010
:209D2000C6140000F49A0200DE140000FC9A020056150000049B02005E150000109B020003
:209D4000AE1500001C9B0200D6150000249B020046160000389B0200AE160000449B020005
:209D6000160E0000A0A80200FE0D0000ECA70200060E000028A802000E0E000064A80200C5
:209D80001E0E0000DCA802002E0E000018A90200360E000054A902003E0E000090A9020048
:209DA000460E0000CCA902004E0E000008AA02005E0E000080AA0200560E000044AA0200DC
:209DC000660E0000BCAA02006E0E0000F8AA0200760E000034AB0200860E000070AB020071
:209DE0008E0E0000ACAB02009E0E0000E8AB0200A60E000024AC0200AE0E000060AC0200DD
:209E0000B60E00009CAC0200BE0E0000D8AC0200C60E000014AD0200CE0E000050AD020070
:209E2000D60E00008CAD0200DE0E0000C8AD0200CE1400008CA7020070D60200100200002F
:209E40000000000000000000C11B0200000000000000000000000000000000000000000024
:209E600000000000000000000000000000000000000000007CA502000951815F7CA5020062
:209E800001047D447CA5020001C455427CA50200011C53117CA50200096714047CA502000B
:209EA000018454477CA50200094150CC7CA50200011095717CA5020001447C417CA5020077
:209EC000016003077CA5020009FB93BF7CA5020001AAAAAA7CA50200016010007CA50200C5
:209EE000014210007CA50200018410007CA50200010811007CA50200010013007CA50200C0
:209F0000010070007CA502000100100C7CA50200010010847CA50200010010427CA502003F
:209F2000010010217CA50200010090017CA5020001001C007CA50200094001557CA5020015
:209F400001317E477CA50200014445457CA50200018028027CA5020001E678077CA502009E
:209F6000017F03E57CA5020009BFFE5F7CA50200014308A77CA50200014081E87CA502002B
:209F800001EA7F477CA50200014039027CA5020001C47DA77CA50200010A20227CA50200D2
:209FA000018490737CA502000184D1737CA50200095ECABD7CA50200095111157CA5020056
:209FC000097E9DE77CA5020001B57E427CA5020001A5BCF57CA502000118FFAF7CA5020056
:209FE000094001177CA50200097391357CA5020009117CCA7CA5020001AE7EE77CA50200BE
:20A00000010080E87CA5020001632B077CA50200093FC6F87CA5020001C029077CA50200BE
:20A0200009E413157CA50200010A10457CA50200018410477CA5020001C46D477CA50200CA
:20A0400001C07D057CA50200096194F47CA502000180A80F7CA5020001FB3BE77CA50200E9
:20A0600001EE93627CA5020009C411F77CA502000100A22200000000C3000000C400000095
:20A08000C5000000C6000000C7000000C8000000C9000000CA000000CB000000CC0000007C
:20A0A000CD0000007C940200570000000A000000DCA002003CCE0200895B000078CE0200AA
:20A0C000B55C000078CE0200795C00003CCE0200095D00003CCE0200C15B0000D6050000DD
:20A0E00034A10200DE0500003CA10200E605000044A10200EE050000B4A002007612000024
:20A10000D4A00200FE0500002CA1020006060000BCA002000E060000C4A0020016060000F7
:20A12000CCA00200F605000050A102003CCE0200E55C00003CCE02004D5B00003CCE0200B6
:20A14000615B00003CCE0200755B000058A1020078CE0200F55B000070D60200B8000000D4
:20A160000000000000000000000000000000000000000000000000000000000000000000DF
:20A1800000000000000000000000000000000000A4A002003CCE0200ED5D00003CCE020017
:20A1A000CD5D00003CCE0200255E000078CE0200055E000078CE0200D31B020000CE020033
:20A1C0003D5E000000CE0200555E000070D6020041020000CD5E00002D5F0000000000001F
:20A1E0006D5E0000A31D0200000000000000000000000000000000000000000000000000D2
:20A200000000000000000000F0CE02000C0008002163000078CE02000562000070D60200EF
:20A22000B1000000000000000000000000000000351E0200000000000000000037230200BC
:20A240006961000000000000000000000000000000000000000000007C9402007F020000A1
:20A260004F000000A4A2020070D602006D0200000000000000000000000000000000000090
:20A28000000000000000000000000000B91702000D230200000000000000000000000000BA
:20A2A000000000007E020000B8A502008602000040A50200A602000038A502009E02000029
:20A2C00050A50200AE02000064A50200B60200006CA50200BE02000074A50200C60200005E
:20A2E0005CA502004605000024A502004E0500002CA502008E02000048A502009602000008
:20A3000014A20200D602000008A20200DE0200007C9F0200E6020000849F0200EE02000007
:20A32000749F0200FE020000FC9F0200F6020000DC9F020006030000349F02000E03000007
:20A34000749E020016030000BC9E02001E03000024A0020026030000EC9F02002E030000A6
:20A360005C9F020036030000949F02003E0300006CA0020046030000B49F02004E03000034
:20A38000E49E020056030000EC9E02005E030000F49E020066030000FC9E02006E030000E9
:20A3A000049F0200760300000C9F02007E030000149F0200860300001C9F02008E030000C5
:20A3C000249F0200960300002C9F02009E030000D49E0200A6030000DC9E0200AE03000067
:20A3E000849E0200B60300008C9E0200BE0300007C9E0200C6030000A49E0200CE03000099
:20A400009C9E0200D6030000AC9E0200DE030000B49E0200E6030000949E0200EE03000098
:20A420004CA00200F603000044A00200FE030000CC9E020006040000449F02000E040000E1
:20A440004C9F0200160400000CA002001E04000014A0020026040000CC9F02002E040000A6
:20A460003C9F0200360400009C9F02003E040000A49F020046040000AC9F02004E04000018
:20A48000C49F02005604000064A002005E040000BC9F02006604000034A00200E60400000E
:20A4A0001CE20200DE040000F4E102006E04000054A0020076040000D49F02007E0400000A
:20A4C000549F0200860400008C9F02008E0400003CA0020096040000C49E02009E040000C0
:20A4E0001CA00200A6040000649F0200AE0400002CA00200B60400006C9F0200BE040000E6
:20A50000F49F0200C60400005CA00200CE04000004A00200D6040000E49F02007CA50200E4
:20A52000010000003CCE0200CF210200F0CE02000A00050019210200B4CE0200C963000061
:20A540003CCE0200732102003CCE020027220200F0CE0200080004002164000078CE020069
:20A56000BD22020078CE02007B22020078CE02009122020078CE0200A722020070D60200BB
:20A580004C00000095640000556500000000000000000000696800000000000000000000EB
:20A5A000000000000000000000000000000000000000000058A202003CCE02002D1F020045
:20A5C00070D602006D020000000000000000000000000000000000000000000000000000C4
:20A5E00000000000B9170200356200000000000000000000000000000000000070D60200AA
:20A60000AD000000000000000000000000000000000000000000000000000000000000008D
:20A62000C561000000000000000000000000000000000000000000002CDE0200A42B0020F9
:20A6400070D602004A0200000000000000000000617900000000000000000000000000008C
:20A6600000000000000000000000000000000000000000000000000000000000F0CE02001A
:20A6800000000100BD790000FD390100953A01000000000000000000F0CE020008000400B0
:20A6A000B17B000070D602009D010000000000000000000000000000000000000000000088
:20A6C000000000000000000000000000000000000000000088A6020000000000E8A60200BA
:20A6E0003CCE0200A17B00007C9402004F00000009000000F8A60200EE100000E0A60200A2
:20A70000AE0C000040A702001E0F0000709802002E0F000098A60200FE0C000048A70200E7
:20A72000BE0600000CD20200DE0B000018D20200D60B000024D20200C606000030D20200F7
:20A740003CCE0200F53801003CCE02008D7B000070D602009E0100000000000000000000C4
:20A760000000000000000000000000000000000000000000000000000000000000000000D9
:20A7800098A7020000000000E8A60200F0CE020002000200C17B0000FD390100953A0100E1
:20A7A0000000000001000000F0CE02000200FFFF218100007C9402000F0000000100000014
:20A7C000C4A70200660F0000A8A7020054A90200000000000000000004E40200F8AA0200B9
:20A7E000000000000000000004E4020070D60200BF01000035810000D18000000000000060
:20A800000000000000000000C18100000000000000000000000000000000000000000000F6
:20A8200018A902000000000070D60200C001000035810000D1800000000000000000000045
:20A8400000000000C1810000000000000000000000000000000000000000000018A90200F3
:20A860000000000070D60200C101000035810000D1800000000000000000000000000000C7
:20A88000C1810000000000000000000000000000000000000000000018A9020000000000B3
:20A8A00070D60200C201000035810000D1800000000000000000000000000000C181000044
:20A8C000000000000000000000000000000000000000000000000000B4A7020070D60200D3
:20A8E000C301000035810000D1800000000000000000000000000000C1810000000000004B
:20A900000000000000000000000000000000000018A902000000000070D60200C501000066
:20A9200035810000D1800000000000000000000000000000C18100000000000000000000CE
:20A94000000000000000000000000000A0A802000000000070D60200C601000035810000E8
:20A96000D1800000000000000000000000000000C181000000000000000000000000000044
:20A980000000000000000000A0A802000000000070D60200C701000035810000D180000056
:20A9A000000000000000000000000000C18100000000000000000000000000000000000055
:20A9C0000000000018A902000000000070D60200C801000035810000D1800000000000009C
:20A9E0000000000000000000C1810000000000000000000000000000000000000000000015
:20AA00009CAC02000000000070D60200C901000035810000D18000000000000000000000D3
:20AA200000000000C18100000000000000000000000000000000000000000000BCAA02006C
:20AA40000000000070D60200CA01000035810000D1800000000000000000000000000000DC
:20AA6000C18100000000000000000000000000000000000000000000BCAA0200000000002C
:20AA800070D60200CB01000035810000D1800000000000000000000000000000C181000059
:20AAA0000000000000000000000000000000000000000000A0A802000000000070D6020004
:20AAC000CC01000035810000D1800000000000000000000000000000C18100000000000060
:20AAE0000000000000000000000000000000000018A902000000000070D60200CD0100007D
:20AB000035810000D1800000000000000000000000000000C18100000000000000000000EC
:20AB200000000000000000000000000018A902000000000070D60200CE0100003581000085
:20AB4000D1800000000000000000000000000000C181000000000000000000000000000062
:20AB6000000000000000000018A902000000000070D60200D001000035810000D1800000F2
:20AB8000000000000000000000000000C18100000000000000000000000000000000000073
:20ABA0000000000024AC02000000000070D60200D101000035810000D180000000000000A2
:20ABC0000000000000000000C1810000000000000000000000000000000000000000000033
:20ABE00018A902000000000070D60200D301000035810000D180000000000000000000006F
:20AC000000000000C18100000000000000000000000000000000000000000000ECA702005D
:20AC20000000000070D60200D401000035810000D1800000000000000000000000000000F0
:20AC4000C1810000000000000000000000000000000000000000000018A9020000000000EF
:20AC600070D60200D501000035810000D1800000000000000000000000000000C18100006D
:20AC8000000000000000000000000000000000000000000018A902000000000070D60200A9
:20ACA000D601000035810000D1800000000000000000000000000000C18100000000000074
:20ACC0000000000000000000000000000000000018A902000000000070D60200D701000091
:20ACE00035810000D1800000000000000000000000000000C181000000000000000000000B
:20AD0000000000000000000000000000A0A802000000000070D60200D80100003581000012
:20AD2000D1800000000000000000000000000000C181000000000000000000000000000080
:20AD4000000000000000000018A902000000000070D60200D901000035810000D180000007
:20AD6000000000000000000000000000C18100000000000000000000000000000000000091
:20AD8000000000008CAD02000000000070D60200DA01000035810000D1800000000000004E
:20ADA0000000000000000000C1810000000000000000000000000000000000000000000051
:20ADC00018A902000000000070D60200DB01000035810000D1800000000000000000000085
:20ADE00000000000C18100000000000000000000000000000000000000000000ECA702007C
:20AE0000000000007C9402002F0000000500000014AE02009E0F0000B60C00009E15000006
:20AE20004CAE0200060D00003CAE0200160D000044AE0200BE0C0000E0AE020000CE0200D6
:20AE4000193B01003CCE0200613B01003CCE0200CD3901002CDE020004AE02009901000087
:20AE60009A0100009B0100009C010000A101000028990200000000001B0000002632030023
:20AE80002899020000000000080000000D46030084E4020005000000C0AE020080AE020082
:20AEA000B0AE0200D0AE020070AE02005CAE02002899020000000000050000004232030047
:20AEC0002899020000000000080000000D46030028990200000000005600000048320300BB
:20AEE00000CE0200858300003CCE02008D8300003CCE0200E98400007C94020017000000BC
:20AF00000200000018AF02007C940200170000000200000028AF0200460C0000F0AE020070
:20AF20000E050000E8AE02009E0F00002E0C0000360C000058AF02000100030154E20200F7
:20AF4000010002010000000087010200030000002CDE020008AF020070D6020086010000CC
:20AF6000000000005D840000000000008B3102000000000000000000B983000000000000F6
:20AF800000000000000000000000000000000000F8AE02002CDE02009CAF02007C9402009E
:20AFA0004700000008000000ACAF02009E0F000096170000CE0000009CA102002E1600003A
:20AFC00094A1020036160000A4A10200FE160000BCA1020006170000C4A10200EE160000AC
:20AFE000ACA10200F6160000B4A1020000000000000000000A000000F802000089610300AE
:20B000008C610300394503003D45030041450300454503004B450300514503005945030057
:20B020005D450300804503008B45030096450300A3450300B0450300BC450300C8450300FB
:20B04000D3450300DD450300E5450300EC450300F4450300024603000B4603001646030015
:20B060001E46030026460300354603003D4603004B460300524603005C4603006A4603006F
:20B08000714603007C46030091460300AC460300BF460300CE460300DE460300EC460300E7
:20B0A000FB4603000F47030030470300514703005E47030067470300744703007D47030000
:20B0C000854703008A47030095470300A2470300A9470300B0470300B7470300BE4703000C
:20B0E000C5470300CC470300D3470300DA470300E1470300E8470300F0470300F847030011
:20B10000004803000848030010480300184803002048030028480300304803003B480300F4
:20B1200046480300504803005C48030066480300764803007E480300864803008E48030057
:20B1400097480300A0480300A7480300B3480300BF480300CC480300DA480300E5480300BC
:20B16000F2480300FE480300054903000D4903001B490300234903002949030031490300D7
:20B180003C490300444903004D49030059490300614903006C490300724903007849030072
:20B1A0007D490300874903009049030099490300A2490300AB490300B4490300BD49030044
:20B1C000C6490300CF490300D8490300E2490300EC490300F6490300014A03000B4A0300D0
:20B1E000164A0300204A03002B4A0300354A0300404A03004B4A03005B4A0300684A030003
:20B20000724A0300824A03008B4A03009A4A0300A34A0300A94A0300BA4A0300C94A0300DE
:20B22000D94A0300E54A0300EC4A0300F54A0300FE4A0300074B0300154B03001C4B0300CE
:20B24000244B03002F4B03003B4B0300494B0300514B0300594B0300634B03006B4B03002F
:20B26000764B03007E4B0300894B0300964B0300A34B0300B54B0300C64B0300D94B030054
:20B28000E34B0300EA4B0300F34B0300FB4B0300044C03000C4C0300134C03001A4C030042
:20B2A000214C0300284C0300304C0300374C0300454C0300574C03005C4C0300624C03000C
:20B2C0006A4C0300734C0300844C03008F4C03009A4C0300A74C0300B54C0300C34C03004D
:20B2E000DB4C0300EB4C0300F34C0300FB4C0300034D0300104D03001C4D03002E4D0300C1
:20B300003B4D0300494D0300584D03005D4D0300644D03006B4D0300734D03007D4D0300B5
:20B32000894D0300944D0300994D03009E4D0300A34D0300AB4D0300BD4D0300C74D030067
:20B34000D14D0300E14D0300ED4D0300014E0300164E0300244E03002A4E0300314E030033
:20B36000394E0300404E0300444E03004A4E0300534E03005A4E0300604E0300664E0300CB
:20B380006E4E03007A4E0300854E03008D4E0300934E03009A4E0300A64E0300B24E0300A6
:20B3A000B84E0300C04E0300C84E0300D24E0300DD4E0300E54E0300ED4E0300F94E03004B
:20B3C000074F0300114F0300184F0300244F03002E4F0300354F03003B4F0300484F0300A3
:20B3E000534F03005D4F0300694F0300724F03007D4F0300894F0300934F0300974F030002
:20B400009C4F0300A34F0300AA4F0300AF4F0300B44F0300BB4F0300C24F0300C84F03000B
:20B42000CE4F0300D44F0300DA4F0300DE4F0300E54F0300EA4F0300EF4F0300F64F03006E
:20B44000FD4F030002500300095003000F50030015500300195003001E50030024500300CE
:20B460002C500300345003003B50030042500300495003004E500300555003005C5003000F
:20B4800061500300685003006F500300765003007B50030082500300895003009050030050
:20B4A000975003009D500300A3500300A9500300AF500300B5500300B9500300BE50030099
:20B4C000C6500300CD500300D4500300D9500300DE500300E5500300EA500300F1500300F6
:20B4E000F8500300FE500300045103000A51030010510300165103001C5103002251030046
:20B50000265103002D51030032510300395103003E510300455103004B51030051510300AE
:20B52000575103005D51030063510300695103006F510300765103007A5103007F5103000D
:20B54000855103008D510300945103009B510300A2510300A7510300AD510300B351030061
:20B56000B9510300BF510300C5510300C9510300CE510300D5510300DC510300E3510300C3
:20B58000E8510300EF510300F6510300FB51030002520300085203000E5203001452030013
:20B5A0001A5203001E520300255203002B5203003152030037520300465203004D52030060
:20B5C000545203005F520300665203006F520300765203007D52030082520300875203003F
:20B5E0008D52030097520300A2520300AD520300B3520300BA520300C8520300CE5203002D
:20B60000D5520300DC520300E3520300EA520300FB520300065303001153030017530300D8
:20B620001F53030028530300365303003D53030049530300535303005C5303006653030042
:20B640006E5303007B53030088530300915303009C530300A3530300A8530300B0530300A1
:20B66000BE530300C8530300D3530300DD530300E7530300F1530300FA530300055403000C
:20B680000F54030019540300205403002D540300365403003C540300485403004F54030074
:20B6A000585403006054030068540300705403007C540300845403008D5403009A5403001B
:20B6C000AA540300B1540300BB540300D0540300DF540300E8540300F0540300FA5403001B
:20B6E000025503000E55030018550300205503002F5503003C550300495503005B55030033
:20B700006C5503007D5503008D55030098550300A3550300AF550300BF550300CD5503007D
:20B72000E0550300ED550300F85503000C5603001A56030028560300345603003F560300BE
:20B74000555603005F5603006D5603007D5603008C5603009C560300AA560300B7560300FA
:20B76000C3560300D2560300DF560300F3560300FD560300085703001A5703002557030053
:20B7800031570300405703004E5703005A570300635703006E5703007757030085570300F3
:20B7A000935703009C570300A7570300B4570300BF570300CA570300D3570300DD570300F6
:20B7C000E6570300F1570300FE57030009580300135803001E580300295803003858030024
:20B7E000495803005458030063580300715803007B58030085580300955803009B580300D0
:20B80000A2580300A8580300B0580300B6580300BD580300C6580300CD580300D55803007B
:20B82000DC580300E8580300EE580300F5580300FD58030003590300085903000F5903006F
:20B840001E590300295903002E5903003A5903004559030051590300595903006459030006
:20B860006F5903007E590300855903008B59030099590300A1590300AB590300B159030055
:20B88000B7590300C1590300C9590300D4590300DA590300E2590300EA590300F25903001B
:20B8A000F9590300035A03000D5A0300145A0300205A03002D5A0300415A0300475A0300AF
:20B8C000515A03005F5A0300695A0300725A03007B5A0300885A03008E5A0300995A0300CB
:20B8E000A55A0300AC5A0300B35A0300BA5A0300C05A0300C95A0300D05A0300D95A030070
:20B90000E05A0300E85A0300F05A0300F75A0300005B0300085B0300105B03001D5B030057
:20B92000285B0300345B03003F5B0300445B0300505B0300565B0300655B03006F5B0300BE
:20B94000795B0300835B03008A5B0300965B0300A45B0300AA5B0300AF5B0300C05B03001E
:20B96000C85B0300D15B0300D75B0300E65B0300FC5B0300065C0300105C03001D5C03004F
:20B98000295C0300345C03003C5C0300495C0300535C03005B5C0300655C0300725C030048
:20B9A0007D5C03008A5C0300945C03009C5C0300A35C0300AE5C0300B55C0300C05C030092
:20B9C000C65C0300CD5C0300D55C0300DD5C0300E35C0300EA5C0300F25C0300F95C030072
:20B9E000FF5C0300065D03000F5D0300185D03001E5D0300265D03002C5D0300325D03007A
:20BA00003B5D0300415D0300485D03004E5D0300545D03005C5D0300645D03006B5D030095
:20BA2000775D0300825D03008D5D0300935D03009A5D0300A35D0300AD5D0300B35D030050
:20BA4000BA5D0300C15D0300C95D0300CF5D0300DC5D0300E35D0300E95D0300F25D030039
:20BA6000F85D0300FF5D03000B5E0300115E0300185E0300245E0300295E0300315E030017
:20BA80003B5E0300475E0300535E0300615E03006B5E0300765E0300815E03008C5E03007A
:20BAA000925E03009C5E0300A25E0300AA5E0300BC5E0300C35E0300CF5E0300D95E0300DD
:20BAC000E15E0300E85E0300FB5E0300045F03000E5F0300155F03001F5F03002A5F030025
:20BAE000325F03003B5F0300435F03004C5F0300555F03005D5F0300645F03006B5F0300B9
:20BB0000715F0300775F0300815F03008E5F0300945F03009F5F0300AA5F0300B15F030090
:20BB2000BA5F0300C25F0300C95F0300D55F0300E25F0300F15F0300F85F0300FE5F030012
:20BB4000056003000D600300146003001C60030022600300286003003060030047600300CA
:20BB6000656003006B600300716003007D60030085600300916003009E600300A960030092
:20BB8000B4600300BB600300CB600300D0600300DB600300E3600300EB600300F2600300E8
:20BBA00001610300086103000F61030017610300236103002C6103003A610300436103006A
:20BBC0004B610300556103005D610300656103006E6103007D6103008361030070D6020091
:20BBE000CE0000000000000000000000000000000000000000000000000000000000000077
:20BC0000000000000000000000000000000000000000000018BC02007C94020047000000F5
:20BC20000800000028BC02008606000098BC02008E060000A0BC02009606000068BC020080
:20BC40009E06000070BC0200D605000080BC0200DE05000088BC0200E605000090BC020097
:20BC6000A606000078BC02003CCE0200618E00003CCE0200F98D00003CCE02004D8E00006E
:20BC80003CCE0200118E00003CCE0200258E00003CCE0200398E00003CCE0200DD8E0000F0
:20BCA0003CCE0200D58D0000DCBB02000CE4020002000000960800002E0A00000CE40200C1
:20BCC00008000000F60800004E0B0000D60900007E0900004E0B0000AE0800004E0B000037
:20BCE000A60A00000CE4020019000000160900004E090000E609000066090000760A000035
:20BD0000660A00005E0900004E090000E609000066090000DE0A0000D60A00005E09000068
:20BD20004E0900004609000026080000760A0000060A000076090000160800000E080000EC
:20BD40004E080000760A0000DE0A0000D60A00000CE4020030000000E6080000060A000025
:20BD6000DE0A0000FE07000006080000FE070000DE0A0000060A0000E6080000060A0000CD
:20BD8000DE0A0000FE07000006080000FE070000DE0A0000060A0000760A0000FE07000026
:20BDA000EE080000760900007E09000076090000AE0800001E080000E6080000060A00002E
:20BDC000DE0A0000FE07000006080000FE070000DE0A0000060A0000DE0A00005E0800001D
:20BDE0009E090000760A0000AE0A0000FE070000EE0800007E090000E6080000060A0000E4
:20BE0000DE0A0000060A0000DE0A0000760A0000060A0000760900000CE402002800000019
:20BE20002E0800005E0800002609000076080000460800004E0B00003E0800005E08000066
:20BE40002609000076080000460800004E0B000046080000260A00007E090000060A000079
:20BE6000760A0000060A00007E090000060A00007E0800002609000076090000AE080000B1
:20BE8000860800004E0B00009E0800002609000076090000AE080000860800004E0B0000CA
:20BEA000A6080000260A00007E090000060A0000760A0000060A00007E090000060A0000E6
:20BEC0000CE402000A000000560B0000DE0A0000DE0A0000DE0A00006E0A0000660B000064
:20BEE000760A0000760A0000760A0000FE0900000CE4020012000000AE0900007E09000079
:20BF0000060A0000360900001E0A0000360900001E0A00003E0900004E0900007609000026
:20BF20007E090000060A0000AE080000760900003E0A00007E080000C60900006609000029
:20BF40000CE402000B000000FE0800005E0900004E0900006609000096090000CE0900003B
:20BF6000DE0900004E0900005E09000066080000FE0800000CE4020012000000E6080000B6
:20BF8000AE0800007E0900004E090000BE0A00004E090000BE0A00007E0A0000DE0A0000B6
:20BFA000AE080000AE080000DE0A00004E0900009E0A00004E0900009E0A0000760A0000AF
:20BFC0007E0900000CE4020005000000260B0000760A0000060A000076090000AE080000ED
:20BFE0000CE40200050000002E09000076090000060A0000760A0000DE0A00000CE402002A
:20C000006A0000008E0A0000E60A0000D60800008E0900007E080000BE090000B6080000AE
:20C02000860800005E080000BE08000076090000CE090000B60800007E080000C6080000DE
:20C040007E0900007E0A0000E60A00007E0900007E0A0000B6080000760900007608000017
:20C06000BE08000076080000860900007E0A0000EE0A00007E0900007E0A0000B6080000A0
:20C080007E09000076080000B60900007E09000076090000B608000076080000BE080000D4
:20C0A000D60900007E080000BE0800007E0900007E0A0000B608000076090000B60800004B
:20C0C00076080000CE08000076080000BE08000076080000960A0000E60A0000A60800000C
:20C0E000960A0000E60A00005E080000BE0800007E09000076080000260A00007E090000C8
:20C10000060A00007E0A0000860800005E080000960A0000E60A00005E0800007E0A000015
:20C12000260A00007E090000B6080000760800007E0A00007E090000060A00007E0A000065
:20C14000A6080000960A0000E60A0000A6080000960A0000E60A00005E0800005E08000097
:20C16000BE0800007E090000760800007E0A0000E60A00007E0A0000A60800009E080000A0
:20C18000060800005E0800007E0A0000E60A00005E080000260A00007E090000060A000086
:20C1A0007E0A000086080000BE0800000CE402001E000000160A0000060A0000760A0000E3
:20C1C000DE0A0000DE0A0000760A0000060A000076090000AE080000AE0800007609000095
:20C1E000060A00005E0A0000D6090000FE0900004E0A0000060A0000760A0000DE0A000011
:20C20000DE0A0000760A0000060A000076090000AE080000AE08000076090000060A00002C
:20C22000F6090000560900006E0900000CE4020006000000260B00007E090000AE080000C3
:20C24000160B00009E0800003E0900000CE40200060000000E0B000026090000060A000080
:20C26000360B0000360A00003E0B00000CE40200400000000E090000060A0000DE0A0000B3
:20C2800026090000060A0000060B000026090000060A000006090000060A0000DE0A000008
:20C2A00026090000060A0000060B000026090000060A00000609000076090000DE0A000079
:20C2C000B6090000760A0000060B0000B6090000760A00000609000076090000DE0A000059
:20C2E000B6090000760A0000060B0000B6090000760A00006E080000A6090000DE0A0000A2
:20C30000B6090000760A0000060B0000B6090000760A00006E080000A6090000DE0A000081
:20C32000B6090000760A0000060B0000B6090000760A000006090000060A0000DE0A000067
:20C3400026090000060A0000060B000026090000060A000006090000060A0000DE0A000047
:20C3600026090000060A0000060B000026090000060A00000CE40200090000001609000014
:20C38000FE0A00007E0A0000DE0A0000F60A0000DE0A00004E0B00005E080000060900006F
:20C3A0000CE402004F000000BE090000760800004E0B00005E0800005E08000006080000C4
:20C3C0005E0800001E0B00004E0B000076090000760900004E0B0000760800002609000071
:20C3E0004E0B0000AE080000AE0800004E0B000076090000560A00004E09000026080000BB
:20C400004E0B0000FE070000FE070000E60A0000FE070000860A00004E0B0000060A0000CB
:20C42000060A00004E0B0000AE080000760800004E0B00005E0800005E0800004E0B0000E1
:20C4400026090000EE090000CE090000760800004E0B00005E0800005E080000060800002E
:20C460005E0800008E0800004E0B0000DE0A0000DE0A00004E0B000076090000B608000001
:20C480004E0B0000FE070000FE0700004E0B0000FE070000560800002E0B00009E0A00009C
:20C4A0003E080000FE070000E60A0000FE0700003E0A00003E080000FE070000E60A0000B9
:20C4C000FE070000760900004E0B0000B6080000760900004E0B0000B6080000D60900004C
:20C4E0006E0B00000CE402000D0000000E090000760900003E0A0000DE0A0000CE09000027
:20C50000060A0000BE0A0000FE070000360A0000760A0000360B00005E0800004609000088
:20C520000CE40200070000000E0A00005E0B0000960900005E0B0000E60900005E0B000021
:20C54000DE0800000CE40200120000001E090000C60A0000B60A0000D60A000066090000EB
:20C560003E0B0000360A0000D60A000066090000C60A00003E080000460900003608000040
:20C58000B60A0000CE0A0000460A0000B60A0000460B000078CE0200E99100009E0F000033
:20C5A000860C0000A60B0000E0C502002E070000D4C502001E0D0000E8C502008E0C00004D
:20C5C0003CC602007C9402002F000000050000009CC50200F0CE02000100FFFF199800003E
:20C5E00000CE0200E195000000CE0200D19000007C9402000F0000000100000000C60200DA
:20C60000A60C000094C502000CD902005CD902006CD902009301030100000000A600010069
:20C6200001000000E400030054E202009201030054E202002CDE0200C4C5020070D602002D
:20C640009101000000000000DF320200000000008132020071980000000000001D920000C8
:20C6600000000000000000008D3202000000000000000000F0C5020070D602003F020000B9
:20C6800000000000F53202000000000000000000000000000000000000000000B91702009F
:20C6A000399900000000000000000000000000000000000070D602007E01000000000000E1
:20C6C00000000000000000000000000000000000000000000000000000000000000000005A
:20C6E000000000000000000000000000F0C602007C940200270000000400000000C702007C
:20C70000860B000050C70200C606000068C70200BE0600005CC70200260C000070C702001E
:20C720007101020040420F00720102000800000080010200000000008101030254E2020035
:20C740008201030254E202008301030254E20200F0CE02000300FFFF6D990000F0CE0200D1
:20C7600004000300359A000078CE0200D99A0000B4CE02008D9A000000CE0200219E0000EE
:20C7800000CE0200E19C00003CCE0200B5A1000000CE0200159B0000F0CE02000100FFFFAB
:20C7A000459E00007C9402007F0000000F000000D4C7020000CE0200659C000000CE0200B8
:20C7C000319E00003CCE0200D5A1000000CE0200259C00009E0F00006E0D0000660F0000DA
:20C7E000BCC70200C600000090C70200760D000098C702007605000078C702007E05000072
:20C8000080C702007E0D0000C4C70200860D00004CC802008E0D000088C70200960D00007F
:20C82000B4C702009E0D000054C80200A60D0000CCC70200E60D000005000000EE0D000077
:20C8400001000000F60D00000300000000CE0200273302003CCE0200353302002CDE020023
:20C86000A4C7020070D6020001000000000000000000000000000000000000000000000002
:20C88000000000000000000000000000000000000000000000000000000000000000000098
:20C8A000950100009C0100002CDE0200B0C802007C9402004700000008000000C0C80200D4
:20C8C0009E0F0000CE160000E60C000064C90200AE17000040C90200BE1200000CC902002F
:20C8E0003E15000054C90200AE100000D6130000DE11000000C902006615000034C90200EB
:20C90000F0CE0200000001000DA2000084E4020002000000C60C000020C90200A0C8020014
:20C920000CE4020003000000030000001300000005000000F0CE0200020002002DA2000054
:20C940000CE402000300000007000000090000000100000028990200000000000800000006
:20C960000D4603002899020000000000050000001464030000CE0200C5A200007C940200D5
:20C980001F000000030000008CC902009E0F000006010000660F000074C902000E010000A7
:20C9A000C0C9020000000000398EE33D398E633E398EE33EABAA2A3F721C473F0000803F24
:20C9C00000CE0200C5A200002CDE02007CC9020078CE0200D5A2000070D60200F7020000CD
:20C9E00000000000B1A800000000000000000000000000000000000000000000B91702000C
:20CA00008934020000000000000000000000000000000000A2000000A7000000A700000067
:20CA20007F00000080000000E20000003C0000003C0000000000000000000000E1000000BC
:20CA40003C0000003B0000000000000000000000C800000000000000000000003600000061
:20CA600037000000C70000000000000000000000360000003600000000CE020029B00000A3
:20CA80007C9402001F0000000300000090CA02009E0F0000EE000000660F000078CA0200B2
:20CAA000F6000000A8CA020000CE020009B000002CDE020080CA0200F0CE02000600040061
:20CAC000C9B00000BCD50200B8CA02007C9402001700000002000000DCCA02003E120000A3
:20CAE000C4CA020026170000ECCA0200F0CE02000600040049B0000070D602005A0200004A
:20CB000015350200BDB1000000000000C9F80000A1F9000000000000000000000000000000
:20CB200000000000000000000000000000000000CCCA0200E1350200EB350200D737020013
:20CB4000EF370200EB360200153702002D370200453702005D37020089370200A337020024
:20CB6000BD37020070D6020049020000DDB80000993F02000000000091B9000079BB00003F
:20CB8000000000000000000029B70000000000000000000000000000000000003CCC0200AB
:20CBA00070D60200C1020000DDB80000993F02000000000091B9000079BB0000000000007D
:20CBC0000000000029B70000000000000000000000000000000000003CCC020078CE020023
:20CBE000D1B700003CCE020061B800003CCE0200993E0200F0CE02000200FFFF2D3F020075
:20CC0000F0CE02000200FFFF79B8000078CE0200EDB7000078CE0200833F020078CE0200E3
:20CC2000793F020078CE020045B7000078CE0200FB3F020078CE0200EB3F02007C940200EC
:20CC400097000000120000004CCC02000E100000DCCB0200460C0000E4CB020046050000FC
:20CC6000ECCB0200961100000CCC02006E110000F4CB02007611000000CC0200DE120000F5
:20CC800014CC0200E61200001CCC0200FE12000024CC0200461300002CCC02004E1300001A
:20CCA00034CC020046150000DCCC02009E150000E4CC0200BE160000ECCC0200C61600009E
:20CCC000F4CC02005E170000FCCC02007E17000004CD02000E0F0000C4E802003CCE020014
:20CCE000B9B8000078CE020089B8000078CE0200BB3E020078CE020031B8000078CE02007E
:20CD0000A73E0200F0CE02000200FFFF09B80000F0CE02000200030005400200F0CE0200DF
:20CD2000020003000F40020000000000000000002D0000003D400200250000003D4002004D
:20CD4000260000003D400200A000000035BD00002F00000035BD0000E000000035BD0000A9
:20CD6000900100003D400200300000003D400200D600000035BD00007F01000035BD0000BA
:20CD8000280000003F40020070D602004A020000000000000000000007410200DD17020016
:20CDA000000000000000000000000000000000000000000000000000000000000000000073
:20CDC0000000000070D602004A0200000000000000000000C5BD0000DD1702000000000047
:20CDE000000000000000000000000000000000000000000000000000000000000000000033
:20CE000070D602004A020000000000000000000049400200DD1702000000000000000000FD
:20CE20000000000000000000000000000000000000000000000000000000000070D60200AA
:20CE40004A020000000000000000000061400200DD170200000000000000000000000000ED
:20CE600000000000000000000000000000000000000000000000000070D602004A0200001E
:20CE800000000000000000007F400200DD17020000000000000000000000000000000000DB
:20CEA000000000000000000000000000000000000000000070D602004A02000000000000DE
:20CEC000000000009D400200DD17020000000000000000000000000000000000000000007D
:20CEE0000000000000000000000000000000000070D602004A02000000000000000000009E
:20CF0000BB400200DD1702000000000000000000000000000000000000000000000000001E
:20CF2000000000000000000000000000F0CE02000000010025C000003CCE020049C0000036
:20CF400000CE020009C0000078CE0200E541020078CE0200C9BF0000F0CE02000200030033
:20CF60000F4202007C94020047000000080000007CCF02003CCE0200794202009E0F00003A
:20CF80004E0C0000560C000074CF02005E0C00002CCF0200660C000058CF02006E0C000014
:20CFA00048CF0200760C000038CF02004E0C000040CF02007E0C000050CF02002CDE0200AB
:20CFC00064CF02007002030254E20200B60201020000000078CE0200EDC000003CCE0200B1
:20CFE00081C100003CCE02004144020078CE0200CB43020078CE0200E9C20000F0CE020051
:20D000000400040095430200B4CE020035C100007C9402005F0000000B00000020D0020046
:20D020002E100000D4CF0200460C0000DCCF020046050000E4CF02002E110000ECCF020012
:20D04000EE110000F4CF0200C6120000FCCF0200CE12000008D002004615000078D0020008
:20D060009E15000084D00200B61500008CD002003E16000094D00200F0CE02000200020000
:20D0800005C2000078CE020081C200003CCE0200BDC00000F0CE02000300FFFFA9C100008A
:20D0A00070D6020079020000A1C20000EF4302000000000079C0000095C300000000000085
:20D0C0006DC40000A1C000000000000000000000000000000000000010D00200ECD002001E
:20D0E00000000000ECD002000100000070D602000F0200000DCA000029CA0000000000004E
:20D100000B460200FB4502000000000000000000000000000000000000000000000000007A
:20D12000000000000000000078CE020005CB000078CE020099CA000070D602006D02000075
:20D1400000000000000000000000000000000000000000000000000000000000B9170200FD
:20D1600047460200000000000000000000000000000000007C9402001700000002000000F5
:20D1800084D102002E10000028D10200EE11000030D1020070D60200070200004DCE000091
:20D1A00069460200000000005DCA000061CC000000000000B5CB000085CA0000000000009B
:20D1C00025460200000000000000000074D1020070D60200130200004DCE0000D9CE00007C
:20D1E000000000005DCA000061CC000000000000B5CB000085CA000000000000254602009F
:20D20000000000000000000074D10200F0CE02000200020005470200F0CE020004000300EE
:20D220007DD10000F0CE020002000200D9D10000F0CE0200040004000F47020000CE020042
:20D24000C5D300007C940200EF0000001D00000054D202009E0F000006070000660F0000C1
:20D260003CD20200C6000000ACD3020036070000B4D302003E0700008CD302002E070000B6
:20D28000A0D302001E07000094D30200A60B0000C0D302007E070000C0BE020086070000B3
:20D2A000F0BE0200CE0700006CC20200B6070000ACC10200AE070000FCBF0200E60700002E
:20D2C000E4C402009607000074BF02006E07000050BD020066070000E4BC0200F607000042
:20D2E00044C502008E07000040BF0200D607000074C30200DE070000A0C3020056070000D0
:20D30000BCBC02007607000018BE02005E070000ACBC0200EE07000020C50200A6070000E6
:20D32000E0BF02009E070000C4BF0200C60700004CC20200BE0700002CC20200E0000301AC
:20D3400000000000E40003000CD90200A600010001000000A700010000000000E1000201CB
:20D3600000000000E2000200FFFFFFFFE40003000CD90200A600010001000000E90002026A
:20D3800000000000E80002020000000000CE02005DD30000F0CE02000100FFFF05D5000008
:20D3A000F0CE02000100FFFF61D4000000CE0200DDD20000F0CE02000100FFFF85D30000E3
:20D3C000F0CE0200000001002DD400002CDE020044D202000500000005000000030000005A
:20D3E000090000000D0400004575030070D602009D00000000000000000000000000000071
:20D4000000000000000000000000000000000000000000000000000000000000000000000C
:20D420000000000028D402007C9402004F0000000900000038D40200A6020000D8D4020020
:20D440009E0200000CD502000E05000018D502001605000000D50200460C0000D0D402005D
:20D4600076050000F0D402007E050000E8D4020086050000E0D4020096150000F8D4020070
:20D480004E00030100000000A3000200900100008801010200000000A600010201000000CE
:20D4A000A700010200000000AB00030100000000A300020096000000A6000102010000002E
:20D4C0005900010200000000A7000102000000003CCE02001DE00000B4CE02005B49020013
:20D4E0003CCE020019DA00003CCE02002DDA00003CCE0200B5E000003CCE0200A5DA0000EE
:20D50000F0CE02000300FFFF6DDF0000F0CE02000800040065E00000F0CE02000300FFFF2C
:20D520006DDE00000000000000000000000000000000000000000000DC010000FD010000C5
:20D540000000000000000000000000000000000000000000000000000000000000000000CB
:20D560000000000000000000000000000000000000000000000000000000000000000000AB
:20D580000000000000000000F0010000E9010000E4010000EE010000E601000000000000F5
:20D5A000E1010000000000000100000078CE0200A54B020078CE0200D1E9000070D6020004
:20D5C0001C02000000000000DB4A0200000000000000000000000000000000000000000006
:20D5E00000000000000000000000000000000000000000000000000070D60200CD02000014
:20D6000000000000DB4A0200000000000000000000000000000000000000000000000000E3
:20D62000000000000000000000000000000000000000000070D60200D6020000A9E600003B
:20D64000FF4A0200000000000000000000000000F1E30000000000000000000000000000AB
:20D660000000000000000000000000000000000070D60200E702000061E4000095E80000B7
:20D68000E9E60000DD170200000000009B49020000000000000000000000000000000000DF
:20D6A000000000000000000000000000DD010000EF010000EA0100000000000000000000B1
:20D6C0000000000001000000994E0200894E0200EDEA00005B4E0200A1EC00003CCE02006C
:20D6E000A54F02003CCE020019F2000078CE020099F100007C9402006F0000000D000000BD
:20D7000024D702007C940200670000000C0000008CD702007C940200770000000E0000008B
:20D72000ECD7020036010000DCD902002E010000BCD9020046010000D4D902003E0100003B
:20D74000B4D902004E010000CCD9020056010000C4D902005E0100005CD802004E02000069
:20D760000700000056020000030000005E020000010000003E020000E4D6020046020000A2
:20D78000ECD6020096010000DCD6020036010000DCD902002E010000BCD90200460100007F
:20D7A000D4D902004E010000CCD9020056010000C4D902005E0100005CD802004E020000E9
:20D7C0000700000056020000030000005E020000010000003E020000E4D602004602000042
:20D7E000ECD6020096010000DCD6020036010000DCD902002E010000BCD90200460100001F
:20D80000D4D902003E010000B4D902004E010000CCD9020056010000C4D902005E01000040
:20D820005CD8020066010000ACD902004E0200000700000056020000030000005E020000B2
:20D84000010000003E020000E4D6020046020000ECD6020096010000DCD602003CCE020068
:20D86000B54F020070D6020023000000000000000000000000000000000000000000000037
:20D8800000000000000000000000000000000000000000000000000000000000F4D60200BC
:20D8A000B0D8020015110500B0D802001610050070D6020022000000000000000000000094
:20D8C000000000000000000000000000000000000000000000000000000000000000000048
:20D8E000000000000000000004D70200B0D802001A1D0100B0D802001B1E0100B0D802003B
:20D90000191C010064D8020018030100B0D8020000000100B0D802000A0A0400B0D80200C0
:20D920000B0B0400B0D802000C0C0100B0D802000D0D0100B0D802000E0E0100B0D8020054
:20D940000F0F010064D80200101A010064D80200111B0100B0D8020013130900ECD9020054
:20D9600001010100B0D8020014140900ECD9020002020100B0D802000303040064D802004B
:20D980000404040064D802000505040064D8020006060400B0D8020007070400B0D80200BB
:20D9A00008080100B0D80200090904003CCE020061F300003CCE0200E1F200003CCE02006B
:20D9C000E1F1000078CE02003DF3000078CE020015F3000078CE020055F2000078CE0200D6
:20D9E00039F10000B0D802001712010070D6020024000000000000000000000000000000DD
:20DA0000000000000000000000000000000000000000000000000000000000000000000006
:20DA20000000000014D702001FB14F0A9595E62477CC2B3217B7D1380AD7233CCDCCCC3D43
:20DA4000AEC59D74CA1B0E5A20BCBE4C00401C460000C8420000204194F7020098F70200E4
:20DA6000E4F60200BEF70200ACF8020052F702006CF90200FEF602006CF8020072F60200F5
:20DA8000E0F6020094F802006AFA020082F802002AF802000CF80200D6F7020050F80200FB
:20DAA00004F60200DCF702002AFA0200AEF702009CF9020042FA020018F902003CF90200A9
:20DAC00036F8020040F8020066F80200C0F502005CF80200C8F60200D2F802004CF702009E
:20DAE00052FA0200BAF502009AF80200F2F502001CF9020086F7020076F8020046F6020066
:20DB000050F602003AF6020032F602008EF9020086F9020096F9020002F90200E4F80200EB
:20DB2000EAF8020048F9020010F7020076F6020064FA020000000000B2F802009CF70200A6
:20DB400042F7020048F70200F0F60200FAF60200EAF60200D0F70200D0F90200EAF9020014
:20DB6000F2F90200FAF90200DCF90200D6F90200E4F9020078F9020000FA020012FA0200BF
:20DB80001AFA020020FA020006FA02000CFA020026FA0200D8F80200A6F80200C0F80200FB
:20DBA00058F702006EF702006AF7020064F702005EF7020072F9020058F60200A2F702003E
:20DBC00088F802008EF8020030F8020016F802001CF8020022F8020004F8020062F8020075
:20DBE00070F80200F8F7020028F70200FEF50200FEF702002EF7020034F702004AF8020025
:20DC00000CF60200CEF60200F4F70200EAF70200A6F90200BCF90200B2F90200ACF90200BE
:20DC2000C4F90200C8F902003AF702004CFA020036FA02003CFA020008F902000EF9020071
:20DC40002CF9020032F9020042F9020056F80200A4F60200C2F60200B8F60200BEF6020027
:20DC6000A0F80200F8F5020022F9020080F702008CF7020042F602004CF602007CF802000C
:20DC800012F602002CF602004EF9020054F902005AF9020060F9020066F902007EF9020034
:20DCA000DEF80200F0F80200F6F80200FCF80200BAF8020074F702007AF7020004F702002B
:20DCC0000AF7020022F7020016F702001CF7020082F60200C6F50200CCF50200DAF5020037
:20DCE000D4F50200E0F50200E6F50200ECF502009EF602008AF6020096F6020058FA0200C8
:20DD00005EFA020070D602006D0200000000000000000000000000000000000000000000F2
:20DD20000000000000000000B9170200FD0101000000000000000000000000000000000012
:20DD4000F0CE020002000500C9020100000001000000020000000400CF0000001900000041
:20DD600064DD02008E0F000038A602008E100000509B0200C60C0000A49202003E10000000
:20DD80009CE80200461700006CE802008E170000B89802001614000038E70200CE16000024
:20DDA000A8C802005E1200009CE10200CE100000248F020006070000CCD30200EE000000D3
:20DDC000B0CA0200FE0000005096020006010000C8C902002E0C000050AF02004E0C0000B2
:20DDE000BCCF0200B60C000054AE02006E0D00005CC80200860C000034C60200260D00006E
:20DE000050E102009617000094AF02000E0D000090E90200AE0000006CE80200B60000008D
:20DE2000B89802000E17000094AF020070D602008D020000390A010000000000000000000B
:20DE40000000000000000000D50901000000000000000000000000000000000000000000E3
:20DE60000000000000000000B1580200B158020089210100CD5B0200B1580200F51B01009B
:20DE8000195A020005140100B15802004D260100212601008D270100A1580200595F0200C2
:20DEA000F5130100DD5F0200B125010029250100552D0100EB6302004F630200091D010047
:20DEC000E35D0200B95C0200B1580200F5620200F1570200F1570200C15A0200B75A0200C1
:20DEE0006D5A0200CB5A02003D160100635A0200595A02004F5A0200951501009515010069
:20DF000095150100B75F0200C7580200DD290100FB5E0200695E0200D12701004D5D02004D
:20DF200091580200D9550200195A0200D1590200B5590200195A020073580200375D02003D
:20DF4000BD1F0100EF55020070D60200B702000000000000DD650200000000000000000059
:20DF6000000000000000000000000000B9170200BF650200000000000000000000000000A9
:20DF800000000000F0CE020004000300E530010070D60200D5000000000000000000000087
:20DFA000000000000000000000000000000000000000000000000000000000000000000061
:20DFC0000000000000000000D4DF02003CCE0200253201007C9402002700000004000000EB
:20DFE000E4DF0200860B00004CE00200F6150000CCDF0200BE06000060E00200C606000013
:20E000006CE00200DD000200A0860100DE00030054E20200DF00030054E20200D90002019D
:20E0200000000000DA00020100000000DC00010000000000D900020100000000DB0003016B
:20E0400000000000DC00010000000000F0CE02000300FFFF1D31010090DF0200282B0020EF
:20E06000F0CE02000300FFFF71310100F0CE02000300FFFFCD310100050000000500000072
:20E0800003000000090000000D040000A78003007C9402002F00000005000000A0E0020071
:20E0A0009E0F0000260D00002E0D0000FCE002003E0D000008E10200360D0000F0E002001C
:20E0C000660D000058E10200E300020240000000AA01020248000000A90102028000000046
:20E0E000A801020280000000AB01010200000000F0CE02000300FFFFA5670200F0CE0200B5
:20E100000300FFFF87670200F0CE02000300FFFFBB67020070D602006D0200000000000072
:20E12000000000000000000000000000000000000000000000000000B9170200E53F0100E8
:20E14000000000000000000000000000000000002CDE020090E002003CCE0200593E01009D
:20E1600000CE02005541010000CE02000541010000CE02001D41010000CE020035410100AB
:20E1800000CE02002368020000CE02000D680200F0CE020000000100654101002CDE020067
:20E1A000A4E102007C9402004700000008000000B4E102009E0F00005E1200000E110000A4
:20E1C00060E102008611000068E10200A611000070E102000613000078E102004E1400003A
:20E1E00088E102004614000080E10200DE16000090E102000CE4020008000000849E020072
:20E200008C9E02007C9E0200A49E02009C9E0200AC9E0200B49E0200949E02000CE4020070
:20E220000C000000E49E0200EC9E0200F49E0200FC9E0200049F02000C9F0200149F02008B
:20E240001C9F0200249F02002C9F0200D49E0200DC9E020058E2020070D60200CF0100002B
:20E26000A14101000000000000000000DD17020000000000000000000000000000000000C5
:20E28000000000000000000000000000000000000000000070D6020097020000000000009D
:20E2A0003968020000000000000000000000000000000000000000000000000000000000BB
:20E2C0000000000000000000000000000000000070D602006D020000000000000000000087
:20E2E0000000000000000000000000000000000000000000B917020055680200000000008D
:20E3000000000000000000000000000070D602001E02000000000000000000005D680200CE
:20E320000000000000000000000000000000000000000000000000000000000000000000DD
:20E34000000000000000000070D60200B0020000B14201004942010000000000E54101001C
:20E3600000000000E94201001D4301002D42010000000000000000000000000000000000A0
:20E380000000000070D602006D0200000000000000000000000000000000000000000000C6
:20E3A0000000000000000000B9170200EB6802000000000000000000000000000000000036
:20E3C000C8E30200C401000070D6020001000000B543010000000000000000000000000089
:20E3E00000000000000000000000000000000000000000000000000000000000000000001D
:20E40000000000000CE402000000000070D60200E6020000E143010041460100000000002D
:20E420003D440100D544010000000000C9450100C543010000000000000000000000000028
:20E44000000000005CE4020078CE02004D690200F0CE020004000400396902007C940200FC
:20E4600017000000020000006CE402002E11000048E40200C612000050E4020000000000B6
:20E480006F69020070D60200E60200007D6B020000000000000000003D440100D5440100EC
:20E4A000536B0200C9450100C5430100000000000000000000000000000000000000000084
:20E4C00070D602008102000000000000A14F01000000000000000000000000000000000080
:20E4E00000000000B91702008F6B02000000000000000000000000000000000070D6020006
:20E500006E010000000000000000000000000000000000000000000000000000000000008C
:20E5200000000000000000000000000038E502000000000048E50200F1500100D96B020005
:20E5400000000000000000007C940200470000000800000058E50200860B0000D8E50200CB
:20E56000C60B0000D0E50200BE0600000CD20200D60B000024D20200DE0B000018D20200C1
:20E58000C606000030D20200E60B000003000000EE0B0000050000007101020080250000A0
:20E5A00072010200080000007301030054E2020074010200010000007501030254E2020004
:20E5C0007601030254E202007701030254E202003CCE0200D5500100F0CE02000300FFFFDF
:20E5E000F54F0100507403001C8203004B740300578303006183030065830300688303000F
:20E600006F830300B176030075830300768703007E83030082830300878303008C830300B5
:20E62000938303003524030035610300457F0300848303005A7A0300BC4603004F46030087
:20E640009B830300247F0300A283030036240300B84D0300FE2D0300A683030039240300AC
:20E660002F240300945A0300AD8303003CCE0200195901003CCE0200F958010078CE0200FB
:20E68000AD5801003CCE0200D95801003CCE0200D76D020078CE0200815801003CCE0200B6
:20E6A000795901003CCE0200C15601003CCE0200995901003CCE0200615701003CCE020093
:20E6C000C76D020078CE0200555801003CCE02001D5801003CCE0200295701003CCE0200F3
:20E6E0007D5701003CCE02000957010078CE0200ED570100F0CE0200020002001D5A01000F
:20E700003CCE0200B557010078CE0200B95901003CCE0200E55601003CCE0200595901007E
:20E720003CCE0200E55901003CCE0200395901003CCE0200B76D02002CDE020040E7020088
:20E740007C940200E70000001C00000050E702009E0F000016140000060A000056F8ADC0C9
:20E76000F6140000DA0FC9C05616000020E702005615000008E70200E6110000ACE60200C1
:20E78000E6130000F4E60200261100009CE602002616000018E70200D616000028E70200AF
:20E7A000061000006CE602004610000074E602005E10000084E60200661000007CE6020089
:20E7C000D61000008CE602001E11000094E60200F6110000B4E6020016120000BCE60200C5
:20E7E0001E120000C4E602002E120000CCE602009E130000ECE602006614000000E7020061
:20E800000E130000D4E6020016130000DCE602002E130000E4E602002E17000030E70200C3
:20E820007E15000010E7020056110000A4E6020070D602006D0200000000000000000000A2
:20E840000000000000000000000000000000000000000000B9170200E76D02000000000090
:20E860000000000000000000000000002CDE020074E802007C9402001F00000003000000FA
:20E8800084E802009E0F000046170000A6140000D0C90200960E0000B89402002CDE0200AD
:20E8A000A4E802007C9402001700000002000000B4E802009E0F00003E1000003E100000B8
:20E8C00094D1020078CE0200376F020078CE0200216F020078CE0200F36E0200B4CE0200D8
:20E8E000096F020070D60200B20000000000000000000000000000000000000000000000A4
:20E900000000000000000000000000000000000000000000000000000000000020E90200EC
:20E920007C9402001F0000000300000030E90200AE05000068E90200B605000070E902006C
:20E94000BE05000060E90200E4E80200A0D8020000000000E4E80200A8D802000100000010
:20E960003CCE02005D5B01003CCE0200115B01003CCE0200355B010000CE0200656F020016
:20E980003CCE0200A15C010000CE0200995C01002CDE020098E902007C94020057000000AF
:20E9A0000A000000A8E902009E0F00000E0D000066170000F8E90200C6000000388F020003
:20E9C000EE06000088E902008E11000078E90200AE11000080E902003E14000010EA020056
:20E9E0002E14000000EA02003614000008EA02001617000084DF020000CE02004D6F02008B
:20EA000018EA02000200000018EA02000400000018EA02000100000070D602008402000015
:20EA2000395D01000000000000000000000000000000000000000000DD5C01000000000005
:20EA40000000000000000000000000000000000000000000FFFF00000000000000000000B8
:20EA6000000000003F71020041710200857102008771020000000000000000003F7102008C
:20EA8000417102008371020095710200437102005F710200637102007F71020029620100E8
:20EAA000316201007972020000000000000000003F710200417102005573020057730200D9
:20EAC0007566010035730200517302007D66010065730200010000001700000046000000CE
:20EAE000A30000005F010000D6020000C4050000A00B00000000000000000000C57B020085
:20EB0000417102008D6E01005B7902001CEB02000300000034EB0200080000000200000038
:20EB20000000000004000000010000000800000002000000C409000000000000881300005E
:20EB4000080000001027000010000000204E00001800000080380100200000000071020094
:20EB60002800000000E2040030000000008813003800000000000000000000003F710200D2
:20EB8000937E0200097A01009D7E0200437102005F710200637102007F71020015790100E2
:20EBA0004D7A010079720200BCFFFFFF000000003F710200057901002D7A01003D7A010056
:20EBC000F97901003573020051730200497B010065730200E4EB020003000000FCEB0200F6
:20EBE00008000000020000000000000004000000010000000800000002000000E204000016
:20EC000000000000C40900000800000088130000100000001027000018000000204E0000B7
:20EC2000200000008038010028000000007102003000000000C4090038000000000000002B
:20EC4000000000003F710200C37E0200897C0100CD7E0200437102005F710200637102000E
:20EC60007F710200D97B0100A17C01007972020078EC02000B000000D430000000000000CD
:20EC8000A86100002000000050C3000040000000A086010060000000400D030080000000A1
:20ECA000801A06008800000000350C0090000000006A1800B000000000D43000D000000055
:20ECC00000A86100F00000000050C300F800000000000000000000003F710200F37E02000B
:20ECE000757D0100FD7E02008D7D01003573020051730200317E0100657302000CED0200A4
:20ED0000040000002CED0200090000000200000000000000040000001000000008000000AD
:20ED20002000000010000000300000006902000080000000E802000090000000C409000041
:20ED40007000000088130000600000001027000050000000204E000040000000409C000037
:20ED600030000000A08601002000000040420F001000000000000000000000003F710200C9
:20ED8000237F0200B57F01002D7F0200437102005F710200637102007F710200157F010007
:20EDA000CD7F010079720200B0ED020004000000102700000C000000204E000008000000BD
:20EDC00050C3000004000000A08601000000000000000000000000003F710200537F02006F
:20EDE0001D8101005D7F0200BD80010035730200517302003581010065730200FFFF010058
:20EE00000100000000000000000000009F830200A18302000000000000000000BF83020063
:20EE2000EF8302000000000000000000158B010095840200598402000000000000000000C3
:20EE4000318B0100E3840200C5840200000000000000000000000000000000002986020090
:20EE600068EE0200702E0020D9990100659A010053890200558902007D9A01000100000032
:20EE8000007000400400000002000000007000400800000003000000007000401000000041
:20EEA0000400000000700040200000000500000000700040400000000600000000700040D3
:20EEC00080000000FF000000FFFFFFFF00000000B004000000F004006009000000D00900CD
:20EEE000C012000000B0130080250000005027004038000000003B00004B000000A04E0075
:20EF00008070000000F07500127A0000000080000096000000509D0000E1000000F0EB0051
:20EF2000002C010000903A0100C2010000E0D7010084030000B0AF0390D00300000000040E
:20EF40000008070000705F0700100E00A4DFBE0E40420F0000000010D8A6010064A6010034
:20EF6000C0A5010078A50100C0A50100A0A60100C0A5010078A5010064A6010064A60100C6
:20EF8000A0A6010078A501007EA501007EA501007EA50100AEA6010064A6010064A6010035
:20EFA000C0A5010074A50100C0A50100A0A60100C0A5010074A5010064A6010064A601008E
:20EFC000A0A6010074A501007EA501007EA501007EA50100AAA6010038A9010008A901007F
:20EFE00008A9010006A901000CA901000CA9010054AA010006A901000CA9010054AA0100DF
:20F000000CA9010006A9010000AA010000AA010000AA010090AA01001CB701000AB70100B8
:20F02000E8B6010012B70100E8B60100EAB90100E8B6010012B701000AB701000AB7010037
:20F04000EAB9010012B70100D4B60100D4B60100D4B6010060BA01002ABF0100E8BE0100F5
:20F06000E8BE0100E4BE0100EEBE0100EEBE0100FAC10100E4BE0100EEBE0100FAC1010024
:20F08000EEBE0100E4BE01008EC101008EC101008EC1010064C201003863ED3EDA0F493FD2
:20F0A0005E987B3FDA0FC93F6937AC3168212233B40F14336821A2330000004B000000CBD6
:20F0C00000000000DB0F49BFE4CB1640E4CB16C000000080DB0F4940DB0F49C00000003F8F
:20F0E000000000BF8071313F807131BFD1F71737D1F717B70000000000000080000FC93FCC
:20F10000000F494000CB9640000FC9400053FB4000CB164100ED2F41000F49410031624124
:20F1200000537B41003A8A4100CB9641005CA34100EDAF41007EBC41000FC94100A0D541B2
:20F140000031E24100C2EE410053FB4100F20342003A0A420083104200CB164200141D42B3
:20F16000005C234200A5294200ED2F4200363642007E3C4200C74242000F4942A20000002F
:20F18000F9000000830000006E0000004E000000440000001500000029000000FC000000B9
:20F1A0002700000057000000D1000000F500000034000000DD000000C0000000DB0000005F
:20F1C0006200000095000000990000003C000000430000009000000041000000FE00000051
:20F1E0005100000063000000AB000000DE000000BB000000C500000061000000B70000003A
:20F20000240000006E0000003A000000420000004D000000D2000000E000000006000000DB
:20F22000490000002E000000EA00000009000000D1000000920000001C000000FE000000E7
:20F240001D000000EB0000001C000000B100000029000000A70000003E000000E8000000E3
:20F260008200000035000000F50000002E000000BB0000004400000084000000E900000048
:20F280009C0000007000000026000000B40000005F0000007E000000410000003900000031
:20F2A00091000000D600000039000000830000005300000039000000F40000009C0000000F
:20F2C000840000005F0000008B000000BD000000F9000000280000003B0000001F00000088
:20F2E000F800000097000000FF000000DE00000005000000980000000F000000EF00000007
:20F300002F000000110000008B0000005A0000000A0000006D0000001F0000006D000000C5
:20F32000360000007E000000CF00000027000000CB00000009000000B70000004F00000049
:20F34000460000003F000000660000009E0000005F000000EA0000002D0000007500000039
:20F3600027000000BA000000C7000000EB000000E5000000F10000007B0000003D0000006C
:20F380000700000039000000F70000008A0000005200000092000000EA0000006B00000073
:20F3A000FB0000005F000000B10000001F0000008D0000005D0000000800000056000000DB
:20F3C000030000003000000046000000FC0000007B0000006B000000AB000000F000000037
:20F3E000CF000000BC000000200000009A000000F4000000360000001D000000A9000000D8
:20F40000E300000091000000610000005E000000E60000001B00000008000000650000004B
:20F4200099000000850000005F00000014000000A000000068000000400000008D00000066
:20F44000FF000000D8000000800000004D0000007300000027000000310000000600000037
:20F46000060000001500000056000000CA00000073000000A8000000C9000000600000000D
:20F48000E20000007B000000C00000008C0000006B0000000000C93F0000F0390000DA3716
:20F4A0000000A2330000842E0000502B0000C2270000D0220000C41F0000C61B0000441750
:20F4C000040000000700000009000000000000000000000000000000000000000000000018
:20F4E00000000000000000000000000000000000000000000000000000000000000000000C
:20F500000000000000000000000000000000000000000000000000000000000000000000EB
:20F5200000000000000000000000000070000020000002000400060008000A000C00110000
:20F5400017001D0025002F003B00490061007F00A700DF00250185010902B3029703C70468
:20F560005B0671089D0CDF124B1C6D2A913F575FFF8E7BD6E108E907EE0E4D0DDA0B2F0B67
:20F58000F70961080000180E8E0C00008F0A6809000002000200040007000D0019003100D2
:20F5A00061000068740200787502008877020060CF020070D0020080D202233124203A1073
:20F5C0001D317D2011109F33A0204810A013A120A220A320A22232107A20A12231107A20FE
:20F5E000A3627A20A430A412A720A520A5624D107A2025312620832083122F10301065623E
:20F6000012100710122313107A206A306A6248107A208A1C0710081009100A100B100C1028
:20F620000E100F100D102A202B202C208B1236208C202C234610993047102B2344108C30CD
:20F6400045108711292029628A208830883291202A2342108B304310581C4E104F105010DE
:20F660005110531054105510561058105710591052100921141035A5151007109E30491072
:20F6800078209E6342109F304310A7A51D10972022101C20A630A82320107C20A630A612C4
:20F6A000A720A8207E193610381040103E103F10411022107F2080208022231081308121BF
:20F6C00026107F22261022101F3121207E206B181320142015201620172003203520022096
:20F6E0000A21161002623D203E203E12352003203C244C1068202D3004103D323C20072229
:20F7000018109720996234209B309A6249107A2034627A209A309C2248109D309D33342000
:20F7200048109B12A7209C20646268206530673164204810683107104A1074631A10491086
:20F7400078203A6233203B303B210410213122203B100522062052305212532054205612E6
:20F760003620062055624D10562054325520536258205620973398204810981220202120E0
:20F7800085122720282027628620852086132F1030103D100061013001323920391204108D
:20F7A0004F20591509200A200B200D200C2015271D1097202210332049107820743003A8B0
:20F7C000171007104210403043103F30491078203F625A107A2010221F106920132620107E
:20F7E0007A20491078206C3074306D2419107A20491078206C326D20632207106530663304
:20F800006320481060634210662043100F241E105D2021105F205D1268205E205E626120DB
:20F8200068305F133110602066200E22211067205C120E200F201AA42410483049107A2067
:20F840001BA42410483049107C206931071048101122251069207D121E201F201E222610CC
:20F860007D20613262201C311D2027100821281062124A100C1028628720893089623210B3
:20F8800085200D2229105A305A627A205B305B621E107A200B222A10333024312520822065
:20F8A000821237103910506204200410043351204B103813041050206B20962249107A3022
:20F8C00051180720082059205C2010201120122005202022311021204F126B2050209212FF
:20F8E0003220312031627A203230322249109330931294209520942249107A3095627A200E
:20F9000096303033922048107812792050207964041005101820061018324F202631852018
:20F920008420841431103310351034107A121A2019207B2420101C201A107A2019621C20F9
:20F940007B307C121B201C2033337A2048108C628D208E308D1220207A208E12A7208F20B7
:20F960008F624810903090338D204810063357204810571220207A204722071045309113D2
:20F980002D202E202F202E234410302045102D2342109F3043102F224A10071016242B1038
:20F9A000491078206E206E126F20732071627A20653070241B107130491078206F6372206F
:20F9C000743073307232702073231C1049107820403341204810456249107A20442332108A
:20F9E0000710453046624D107A20411342204320442042630710453046304322311047309B
:20FA00004833492048104C22321007104D624D107A2049134A204B204C204A6207104D3060
:20FA20004B2231104E304E61071014252C107A2049107820743076627A207730776212101C
:20FA4000212017242D10752049107820753176204810223123203C10A912AA203320AA224D
:20FA60001E107A2036222E10A9300C2136204D6963726F426974416363656C65726F6D65C3
:20FA800074657220747970650A0055736566756C20737475666620746F20636F6E74726FBB
:20FAA0006C20746865206D6963726F3A6269742068617264776172652E0A00507574206D5A
:20FAC0006963726F3A62697420696E2070616E69632829206D6F646520616E642064697315
:20FAE000706C617920616E20756E686170707920666163652E0A5072657373207265736579
:20FB00007420627574746F6E20746F20657869742070616E69632829206D6F64652E0A005F
:20FB2000507574206D6963726F3A62697420746F20736C6565702874696D652920666F7236
:20FB400020736F6D65206D696C6C697365636F6E6473202831207365636F6E64203D2031E8
:20FB6000303030206D7329206F662074696D652E0A736C656570283230303029206769763E
:20FB80006573206D6963726F3A62697420612032207365636F6E64206E61702E0A0052651D
:20FBA0007475726E2072756E6E696E675F74696D65282920696E206D696C6C697365636F24
:20FBC0006E64732073696E6365206D6963726F3A6269742773206C6173742072657365744A
:20FBE0002E0A0052657475726E206D6963726F3A62697427732074656D7065726174757297
:20FC00006520696E20646567726565732043656C636975732E0A00446574656374206D691A
:20FC200063726F3A6269742773206D6F76656D656E7420696E2033442E0A4974206D65610C
:20FC400073757265732074696C7420285820616E6420592920616E642075702D646F776EC3
:20FC600020285A29206D6F74696F6E2E0A0052657475726E206D6963726F3A6269742773FE
:20FC80002074696C7420285820616363656C65726174696F6E2920696E206D696C6C692D59
:20FCA0006727732E0A0052657475726E206D6963726F3A62697427732074696C74202859C0
:20FCC00020616363656C65726174696F6E2920696E206D696C6C692D6727732E0A005265A6
:20FCE0007475726E206D6963726F3A62697427732075702D646F776E206D6F74696F6E202E
:20FD0000285A20616363656C65726174696F6E2920696E206D696C6C692D6727732E0A5A40
:20FD2000206973206120706F736974697665206E756D626572207768656E206D6F76696EEF
:20FD4000672075702E204D6F76696E6720646F776E2C205A2069732061206E6567617469E6
:20FD60007665206E756D6265722E0A006D6963726F3A62697427732027412720627574740C
:20FD80006F6E2E205768656E20627574746F6E206973207072657373656420646F776E2CD4
:20FDA0002069735F70726573736564282920697320547275652E0A006D6963726F3A62698E
:20FDC0007427732027422720627574746F6E2E205768656E20627574746F6E206973207081
:20FDE00072657373656420646F776E2C2069735F7072657373656428292069732054727580
:20FE0000652E0A0049662074686520627574746F6E206973207072657373656420646F77FD
:20FE20006E2C2069735F70726573736564282920697320547275652C20656C73652046610E
:20FE40006C73652E0A00557365207761735F70726573736564282920746F206C6561726EB3
:20FE60002069662074686520627574746F6E2077617320707265737365642073696E6365C3
:20FE800020746865206C6173742074696D650A7761735F70726573736564282920776173F8
:20FEA0002063616C6C65642E2052657475726E732054727565206F722046616C73652E0A78
:20FEC00000557365206765745F70726573736573282920746F206765742074686520727515
:20FEE0006E6E696E6720746F74616C206F6620627574746F6E20707265737365732C206121
:20FF00006E6420616C736F0A7265736574207468697320636F756E74657220746F207A6519
:20FF2000726F2E0A004769766573206120636F6D706173732068656164696E6720626574C8
:20FF40007765656E20302D33363020776974682030206173206E6F7274682E0A005573650C
:20FF6000206D6963726F3A626974277320636F6D7061737320746F206465746563742074EE
:20FF8000686520646972656374696F6E2069742069732068656164696E6720696E2E0A5447
:20FFA000686520636F6D706173732063616E20646574656374206D61676E65746963206685
:20FFC00069656C64732E0A49742075736573207468652045617274682773206D61676E6504
:20FFE000746963206669656C6420746F2064657465637420646972656374696F6E2E0A00E8
:020000040003F7
:200000004966206D6963726F3A626974277320636F6D706173732069735F63616C69627206
:2000200061746564282920616E642061646A757374656420666F7220616363757261637938
:200040002C2072657475726E20547275652E0A496620636F6D70617373206861736E277492
:20006000206265656E2061646A757374656420666F722061636375726163792C20726574E9
:2000800075726E2046616C73652E0A004966206D6963726F3A62697420697320636F6E66A4
:2000A000757365642C2063616C69627261746528292074686520636F6D7061737320746FD1
:2000C0002061646A75737420746865206974732061636375726163792E0A49742077696CD8
:2000E0006C2061736B20796F7520746F20726F746174652074686520646576696365207481
:200100006F2064726177206120636972636C65206F6E2074686520646973706C61792E0AE3
:20012000005265736574206D6963726F3A626974277320636F6D70617373207573696E6713
:2001400020636C6561725F63616C6962726174696F6E282920636F6D6D616E642E0A527542
:200160006E2063616C696272617465282920746F20696D70726F76652061636375726163E2
:20018000792E0A0052657475726E206D61676E65746963206669656C642064657465637409
:2001A000656420616C6F6E67206D6963726F3A6269742773205820617869732E0A55737536
:2001C000616C6C792C2074686520636F6D706173732072657475726E732074686520656150
:2001E0007274682773206D61676E65746963206669656C6420696E206D6963726F2D546574
:20020000736C6120756E6974732E0A556E6C6573732E2E2E61207374726F6E67206D61679C
:200220006E6574206973206E6561726279210A0052657475726E206D61676E6574696320A7
:200240006669656C6420646574656374656420616C6F6E67206D6963726F3A6269742773BA
:20026000205920617869732E0A557375616C6C792C2074686520636F6D706173732072656F
:200280007475726E73207468652065617274682773206D61676E65746963206669656C6467
:2002A00020696E206D6963726F2D5465736C6120756E6974732E0A556E6C6573732E2E2E58
:2002C00061207374726F6E67206D61676E6574206973206E6561726279210A0052657475FC
:2002E000726E206D61676E65746963206669656C6420646574656374656420616C6F6E67FF
:20030000206D6963726F3A6269742773205A20617869732E0A557375616C6C792C207468F2
:200320006520636F6D706173732072657475726E73207468652065617274682773206D61F2
:20034000676E65746963206669656C6420696E206D6963726F2D5465736C6120756E6974C8
:20036000732E0A556E6C6573732E2E2E61207374726F6E67206D61676E6574206973206E8A
:200380006561726279210A0052657475726E20737472656E677468206F66206D61676E65F3
:2003A000746963206669656C642061726F756E64206D6963726F3A6269742E0A006D69630C
:2003C000726F3A626974277320357835204C454420646973706C61792E0A00557365207324
:2003E000686F7728782920746F207072696E742074686520737472696E67206F7220696D87
:20040000616765732027782720746F2074686520646973706C61792E205472792073686FE5
:2004200077282748692127292E0A5573652073686F7728732C20692920746F2073686F7731
:2004400020737472696E67202773272C206F6E652063686172616374657220617420612013
:2004600074696D65207769746820612064656C6179206F660A276927206D696C6C6973657C
:20048000636F6E64732E0A00557365207363726F6C6C28732920746F207363726F6C6C209B
:2004A00074686520737472696E6720277327206163726F73732074686520646973706C61BA
:2004C000792E0A557365207363726F6C6C28732C20692920746F207363726F6C6C2073745D
:2004E00072696E6720277327207769746820612064656C6179206F6620276927206D696CB1
:200500006C697365636F6E64732061667465720A65616368206368617261637465722E0A45
:200520000055736520636C656172282920746F20636C656172206D6963726F3A6269742712
:200540007320646973706C61792E0A00557365206765745F706978656C28782C207929201E
:20056000746F2072657475726E2074686520646973706C61792773206272696768746E6554
:200580007373206174204C454420706978656C2028782C79292E0A4272696768746E6573DD
:2005A000732063616E2062652066726F6D203020284C4544206973206F66662920746F20AB
:2005C0003920286D6178696D756D204C4544206272696768746E657373292E0A00557365C0
:2005E000207365745F706978656C28782C20792C20622920746F207365742074686520647E
:200600006973706C6179206174204C454420706978656C2028782C792920746F206272692E
:200620006768746E657373202762270A77686963682063616E2062652073657420626574D1
:200640007765656E203020286F66662920746F2039202866756C6C206272696768746E6525
:200660007373292E0A00557365206F6E282920746F207475726E206F6E2074686520646981
:2006800073706C61792E0A00557365206F6666282920746F207475726E206F6666207468DD
:2006A0006520646973706C61792E0A005573652069735F6F6E282920746F20717565727978
:2006C00020696620746865206D6963726F3A626974277320646973706C6179206973206FDC
:2006E0006E20285472756529206F72206F6666202846616C7365292E0A0055736520726567
:2007000061645F6C696768745F6C6576656C282920746F206765742074686520616D626958
:20072000656E74206C69676874206C6576656C2C206265747765656E203020286461726B92
:200740002920616E64203235352028627269676874292E0A006D6963726F3A62697427730B
:200760002070696E2030206F6E2074686520676F6C64206564676520636F6E6E6563746F70
:20078000722E0A006D6963726F3A62697427732070696E2031206F6E2074686520676F6C0A
:2007A00064206564676520636F6E6E6563746F722E0A006D6963726F3A6269742773207040
:2007C000696E2032206F6E2074686520676F6C64206564676520636F6E6E6563746F722EFE
:2007E0000A006D6963726F3A62697427732070696E2033206F6E2074686520676F6C6420C4
:200800006564676520636F6E6E6563746F722E0A006D6963726F3A62697427732070696E8C
:200820002034206F6E2074686520676F6C64206564676520636F6E6E6563746F722E0A0068
:200840006D6963726F3A62697427732070696E2035206F6E2074686520676F6C64206564A2
:20086000676520636F6E6E6563746F722E0A006D6963726F3A62697427732070696E20369F
:20088000206F6E2074686520676F6C64206564676520636F6E6E6563746F722E0A006D6986
:2008A00063726F3A62697427732070696E2037206F6E2074686520676F6C6420656467654A
:2008C00020636F6E6E6563746F722E0A006D6963726F3A62697427732070696E2038206F7A
:2008E0006E2074686520676F6C64206564676520636F6E6E6563746F722E0A006D696372E0
:200900006F3A62697427732070696E2039206F6E2074686520676F6C642065646765206339
:200920006F6E6E6563746F722E0A006D6963726F3A62697427732070696E203130206F6E05
:200940002074686520676F6C64206564676520636F6E6E6563746F722E0A006D6963726F7E
:200960003A62697427732070696E203131206F6E2074686520676F6C64206564676520631F
:200980006F6E6E6563746F722E0A006D6963726F3A62697427732070696E203132206F6EA3
:2009A0002074686520676F6C64206564676520636F6E6E6563746F722E0A006D6963726F1E
:2009C0003A62697427732070696E203133206F6E2074686520676F6C6420656467652063BD
:2009E0006F6E6E6563746F722E0A006D6963726F3A62697427732070696E203134206F6E41
:200A00002074686520676F6C64206564676520636F6E6E6563746F722E0A006D6963726FBD
:200A20003A62697427732070696E203135206F6E2074686520676F6C64206564676520635A
:200A40006F6E6E6563746F722E0A006D6963726F3A62697427732070696E203136206F6EDE
:200A60002074686520676F6C64206564676520636F6E6E6563746F722E0A006D6963726F5D
:200A80003A62697427732070696E203139206F6E2074686520676F6C6420656467652063F6
:200AA0006F6E6E6563746F722E0A006D6963726F3A62697427732070696E203230206F6E83
:200AC0002074686520676F6C64206564676520636F6E6E6563746F722E0A006D6963726FFD
:200AE0003A6269742C2077726974655F6469676974616C2863686F6963652920746F207476
:200B000068652070696E2E20596F7520686176652074776F202763686F6963652720766108
:200B20006C7565732C0A3020286C6F29206F72203120286869292E0A006D6963726F3A62C8
:200B400069742C20726561645F6469676974616C28292076616C75652066726F6D20746835
:200B6000652070696E20617320656974686572203020286C6F29206F7220312028686929E4
:200B80002E0A006D6963726F3A6269742C2077726974655F616E616C6F672876616C7565FD
:200BA0002920746F207468652070696E2E20596F752063616E2075736520616E7920766198
:200BC0006C7565206265747765656E0A3020616E6420313032332E0A006D6963726F3A6264
:200BE00069742C20726561645F616E616C6F6728292076616C75652066726F6D207468659C
:200C00002070696E2E20576F772C20616E616C6F6720686173206C6F7473206F66207661FA
:200C20006C7565730A2830202D203635353335292E204469676974616C20686173206F6E96
:200C40006C79203020616E6420312E0A0049662070696E2069735F746F75636865642829D5
:200C6000206F6E206D6963726F3A6269742C2072657475726E20547275652E204966206E8D
:200C80006F7468696E6720697320746F756368696E67207468652070696E2C0A7265747590
:200CA000726E2046616C73652E0A00436F6D6D756E69636174652077697468206F6E65203E
:200CC0006F72206D6F7265206E616D6564206465766963657320636F6E6E65637465642045
:200CE000746F206D6963726F3A6269742E2045616368206E616D65640A64657669636520E0
:200D000068617320616E202761646472657373272C20636F6D6D756E69636174657320756B
:200D200073696E67204932432C20616E6420636F6E6E6563747320746F2074686520492F2C
:200D40004F2070696E732E0A00557365207265616428616464726573732C206E2920746F55
:200D6000207265616420276E272062797465732066726F6D207468652064657669636520AF
:200D800077697468207468697320616464726573732E0A005573652077726974652861641C
:200DA00064726573732C206275666665722920746F20777269746520746F2074686520272A
:200DC00062756666657227206F662074686520646576696365206174207468697320276117
:200DE000646472657373272E0A0055736520696E6974286672657175656E63792C207363F2
:200E00006C2C207364612920746F207365742074686520627573206672657175656E63798D
:200E200020616E642070696E732E0A0043726561746520616E6420757365206275696C74F9
:200E40002D696E20494D4147455320746F2073686F77206F6E2074686520646973706C61D9
:200E6000792E205573653A0A496D616765280A20202730393039303A270A2020273939393F
:200E800039393A270A20202739393939393A270A20202730393939303A270A2020273030E2
:200EA0003930303A27290A2E2E2E746F206D616B652061206E65772035783520686561722D
:200EC0007420696D6167652E204E756D6265727320676F2066726F6D203020286F6666298B
:200EE00020746F20392028627269676874657374292E204E6F74650A74686520636F6C6F5D
:200F00006E20273A2720746F207365742074686520656E64206F66206120726F772E0A006E
:200F200052657475726E20746865207769647468206F662074686520696D61676520696E20
:200F400020706978656C732E0A0052657475726E2074686520686569676874206F662074A1
:200F6000686520696D61676520696E20706978656C732E0A00557365206765745F70697860
:200F8000656C28782C20792920746F2072657475726E2074686520696D616765277320628F
:200FA00072696768746E657373206174204C454420706978656C2028782C79292E0A4272B4
:200FC000696768746E6573732063616E2062652066726F6D203020284C4544206973206FA7
:200FE00066662920746F203920286D6178696D756D204C4544206272696768746E6573730C
:20100000292E0A00557365207365745F706978656C28782C20792C20622920746F2073651E
:201020007420746865204C454420706978656C2028782C792920696E2074686520696D6167
:20104000676520746F206272696768746E6573730A2762272077686963682063616E2062A7
:201060006520736574206265747765656E203020286F66662920746F2039202866756C6C42
:20108000206272696768746E657373292E0A005573652073686966745F6C65667428692967
:2010A00020746F206D616B65206120636F7079206F662074686520696D616765206275742F
:2010C000206D6F7665642027692720706978656C7320746F20746865206C6566742E0A00E2
:2010E0005573652073686966745F726967687428692920746F206D616B65206120636F70AA
:2011000079206F662074686520696D61676520627574206D6F7665642027692720706978EF
:20112000656C7320746F0A7468652072696768742E0A005573652073686966745F757028D0
:20114000692920746F206D616B65206120636F7079206F662074686520696D6167652062E5
:201160007574206D6F7665642027692720706978656C732075702E0A0055736520736869F1
:2011800066745F646F776E28692920746F206D616B65206120636F7079206F662074686531
:2011A00020696D61676520627574206D6F7665642027692720706978656C7320646F776E02
:2011C0002E0A0055736520636F7079282920746F206D616B652061206E6577206578616311
:2011E0007420636F7079206F662074686520696D6167652E0A005573652063726F7028784E
:20120000312C2079312C2078322C2079322920746F206D616B652061206375742D6F75745E
:2012200020636F7079206F662074686520696D61676520776865726520636F6F7264696E11
:201240006174650A2878312C7931292069732074686520746F70206C65667420636F726E0D
:201260006572206F6620746865206375742D6F7574206172656120616E6420636F6F72640D
:20128000696E617465202878322C793229206973207468650A626F74746F6D207269676885
:2012A0007420636F726E65722E0A0055736520696E76657274282920746F206D616B6520C2
:2012C00061206E6567617469766520636F7079206F662074686520696D6167652E205768D9
:2012E000657265206120706978656C2077617320627269676874206F720A6F6E20696E20E5
:20130000746865206F726967696E616C2C2069742069732064696D206F72206F66662069B3
:201320006E20746865206E6567617469766520636F70792E0A00436F6D6D756E6963617448
:2013400065207769746820612073657269616C2064657669636520636F6E6E6563746564C8
:2013600020746F206D6963726F3A626974277320492F4F2070696E732E0A0055736520696E
:201380006E6974282920746F2073657420757020636F6D6D756E69636174696F6E2E205504
:2013A00073652070696E732030202854582920616E642031202852582920776974682061F2
:2013C00020626175640A72617465206F6620393630302E0A4F7665727269646520746865DE
:2013E0002064656661756C747320666F7220276261756472617465272C20277061726974C5
:20140000792720616E64202770696E73272E0A0049662074686572652061726520696E63E0
:201420006F6D696E6720636861726163746572732077616974696E6720746F2062652072C3
:201440006561642C20616E7928292077696C6C2072657475726E20547275652E0A4F7468C2
:201460006572776973652C2072657475726E732046616C73652E0A00557365207265616452
:20148000282920746F207265616420636861726163746572732E0A557365207265616428B3
:2014A0006E2920746F20726561642C206174206D6F73742C20276E27206279746573206FF4
:2014C0006620646174612E0A0055736520726561646C696E65282920746F207265616420F3
:2014E00061206C696E65207468617420656E647320776974682061206E65776C696E652099
:201500006368617261637465722E0A005573652072656164696E746F286275662920746FB2
:20152000207265616420627974657320696E746F207468652062756666657220276275664F
:20154000272E0A5573652072656164696E746F28627566662C206E2920746F20726561641C
:201560002C206174206D6F73742C20276E27206E756D626572206F662062797465732069F1
:201580006E746F2027627566272E0A00557365207772697465286275662920746F20777205
:2015A0006974652074686520627974657320696E2062756666657220276275662720746F02
:2015C0002074686520636F6E6E6563746564206465766963652E0A00436F6D6D756E6963D4
:2015E000617465207573696E6720612073657269616C207065726970686572616C20696E07
:20160000746572666163652028535049292064657669636520636F6E6E656374656420749C
:201620006F0A6D6963726F3A626974277320492F4F2070696E732E0A0055736520696E697E
:2016400074282920746F2073657420757020636F6D6D756E69636174696F6E2E204F766543
:201660007272696465207468652064656661756C747320666F722062617564726174652C80
:20168000206D6F64652C0A53434C4B2C204D4F534920616E64204D49534F2E205468652064
:2016A00064656661756C7420636F6E6E656374696F6E73206172652070696E313320666F6A
:2016C000722053434C4B2C2070696E313520666F720A4D4F534920616E642070696E31348A
:2016E00020666F72204D49534F2E0A00557365207772697465286275662920746F207772E1
:2017000069746520627974657320696E2062756666657220276275662720746F20746865A0
:2017200020636F6E6E6563746564206465766963652E0A005573652072656164286E292046
:20174000746F207265616420276E27206279746573206F6620646174612E0A005573652093
:2017600077726974655F72656164696E746F286F75742C20696E2920746F2077726974656F
:201780002074686520276F7574272062756666657220746F2074686520636F6E6E6563741A
:2017A0006564206465766963650A616E64207265616420616E7920726573706F6E736520C0
:2017C000696E746F207468652027696E27206275666665722E20546865206C656E677468FE
:2017E000206F662074686520627566666572732073686F756C640A626520746865207361B1
:201800006D652E2054686520627566666572732063616E206265207468652073616D6520FA
:201820006F626A6563742E0A00506C756720696E206120737065616B6572207769746820E2
:2018400063726F636F64696C6520636C69707320616E64206D616B65206D6963726F3A62B2
:20186000697420676F20626C65657020616E6420626C6F6F702E0A00557365207365745FAE
:2018800074656D706F286E756D6265722C2062706D2920746F206D616B6520612062656134
:2018A00074206C617374206120276E756D62657227206F66207469636B73206C6F6E672045
:2018C000616E640A706C61796564206174202762706D2720626561747320706572206D691E
:2018E0006E7574652E0A0055736520706974636828667265712C206C656E6774682920742E
:201900006F206D616B65206D6963726F3A62697420706C61792061206E6F746520617420A5
:20192000276672657127206672657175656E637920666F720A276C656E67746827206D6982
:201940006C6C697365636F6E64732E20452E672E207069746368283434302C2031303030FC
:20196000292077696C6C20706C617920636F6E636572742027412720666F72203120736523
:20198000636F6E642E0A0055736520706C6179286D757369632920746F206D616B65206DA8
:2019A0006963726F3A62697420706C617920276D7573696327206C697374206F66206E6FCE
:2019C0007465732E20547279206F7574207468650A6275696C7420696E206D7573696320D3
:2019E000746F2073656520686F7720697420776F726B732E20452E672E206D757369632E21
:201A0000706C6179286D757369632E50554E43484C494E45292E0A00557365206765745FA6
:201A200074656D706F282920746F2072657475726E20746865206E756D626572206F66204E
:201A40007469636B7320696E2061206265617420616E64206E756D626572206F662062655C
:201A60006174730A706572206D696E7574652E0A0055736520746F2073746F7028292074E8
:201A80006865206D75736963207468617420697320706C6179696E672E0A00496620746874
:201AA000696E677320676F2077726F6E672C207265736574282920746865206D75736963D0
:201AC00020746F206974732064656661756C742073657474696E67732E0A005365653A204E
:201AE000687474703A2F2F786B63642E636F6D2F3335332F0A00546865205A656E206F6611
:201B000020507974686F6E20646566696E6573207768617420697420697320746F2062656E
:201B200020507974686F6E69632E20497420776F756C646E277420666974206F6E2074687C
:201B400069730A64657669636520736F207765277665207772697474656E2061205A656E34
:201B6000206F66204D6963726F507974686F6E20696E73746561642E0A0055736520617571
:201B800074686F7273282920746F2072657665616C20746865206E616D6573206F66207404
:201BA00068652070656F706C652077686F2063726561746564207468697320736F66747722
:201BC0006172652E0A00416C6C20796F75206E6565642E20557365206C6F76652E6261649D
:201BE00061626F6F6D282920746F2072657065617420746865206566666563742E0A004874
:201C0000656172206D7920736F756C20737065616B3A0A546865207665727920696E737446
:201C2000616E74207468617420492073617720796F752C206469640A4D79206865617274BE
:201C400020666C7920746F20796F757220736572766963652E0A0057656C636F6D6520747E
:201C60006F204D6963726F507974686F6E206F6E207468652043616C6C696F7065206D69BC
:201C80006E69210A0A54727920746865736520636F6D6D616E64733A0A2020646973706CAE
:201CA00061792E7363726F6C6C282748656C6C6F27290A202072756E6E696E675F74696D06
:201CC0006528290A2020736C6565702831303030290A2020627574746F6E5F612E69735FCA
:201CE0007072657373656428290A5768617420646F20746865736520636F6D6D616E647361
:201D000020646F3F2043616E20796F7520696D70726F7665207468656D3F2048494E543A26
:201D2000207573652074686520757020616E6420646F776E0A6172726F77206B6579732074
:201D4000746F2067657420796F757220636F6D6D616E6420686973746F72792E20507265AB
:201D600073732074686520544142206B657920746F206175746F2D636F6D706C6574650A50
:201D8000756E66696E697368656420776F7264732028736F2027646927206265636F6D65D7
:201DA000732027646973706C61792720616674657220796F75207072657373205441422930
:201DC0002E2054686573650A747269636B7320736176652061206C6F74206F6620747970F1
:201DE000696E6720616E64206C6F6F6B20636F6F6C210A0A4578706C6F72653A0A5479701B
:201E000065202768656C7028736F6D657468696E67292720746F2066696E64206F757420CB
:201E200061626F75742069742E2054797065202764697228736F6D657468696E67292720AE
:201E4000746F2073656520776861740A69742063616E20646F2E20547970652027646972CC
:201E600028292720746F20736565207768617420737475666620697320617661696C616282
:201E80006C652E20466F7220676F6F646E6573732073616B652C0A646F6E27742074797027
:201EA000652027696D706F72742074686973272E0A0A436F6E74726F6C20636F6D6D616E1E
:201EC00064733A0A20204354524C2D4320202020202020202D2D2073746F7020612072753A
:201EE0006E6E696E672070726F6772616D0A20204354524C2D4420202020202020202D2D66
:201F0000206F6E206120626C616E6B206C696E652C20646F206120736F6674207265736508
:201F200074206F6620746865206D6963726F3A6269740A20204354524C2D45202020202093
:201F40002020202D2D20656E746572207061737465206D6F64652C207475726E696E672014
:201F60006F6666206175746F2D696E64656E740A0A466F722061206C697374206F66206190
:201F80007661696C61626C65206D6F64756C65732C20747970652068656C7028276D6F6482
:201FA000756C657327290A0A466F72206D6F726520696E666F726D6174696F6E2061626FF2
:201FC000757420507974686F6E2C2076697369743A20687474703A2F2F707974686F6E2E79
:201FE0006F72672F0A546F2066696E64206F75742061626F7574204D6963726F507974686A
:202000006F6E2C2076697369743A20687474703A2F2F6D6963726F707974686F6E2E6F72EB
:20202000672F0A507974686F6E2F6D6963726F3A62697420646F63756D656E746174696F90
:202040006E20697320686572653A2068747470733A2F2F6D6963726F6269742D6D696372FC
:202060006F707974686F6E2E72656164746865646F63732E696F2F0A466F72205079746870
:202080006F6E2F43616C6C696F7065206D696E6920646F63756D656E746174696F6E206321
:2020A0006865636B3A2068747470733A2F2F63616C6C696F70652E63632F70726F67726169
:2020C0006D6D696572656E2F656469746F72656E2F707974686F6E2F0A00737461636B3A30
:2020E000202575206F7574206F662025750A007173747220706F6F6C3A206E5F706F6F6C70
:202100003D25752C206E5F717374723D25752C206E5F7374725F646174615F62797465733D
:202120003D25752C206E5F746F74616C5F62797465733D25750A00285B002C20005D2900CF
:2021400064696374207570646174652073657175656E6365206861732077726F6E67206C8A
:20216000656E67746800706F706974656D28293A2064696374696F6E6172792069732065E9
:202180006D70747900257128007B00646963745F6974656D7300646963745F6B6579730058
:2021A000646963745F76616C75657300736C69636528004F4B0050686F6E656D65732074E7
:2021C0006F6F206C6F6E6700496C6C6567616C2070697463680050686F6E656D65206E6F96
:2021E0007420756E64657273746F6F6400496E7075742070686F6E656D657300494E544545
:20220000524E414C204552524F523A20496C6C6567616C2070686F6E656D6520696E646507
:202220007800496E7365727420427265616474680D0050726F6365737365642070686F6E4D
:20224000656D6573000000000000A4A4A4A4A4A48484A4A4848484848484844444444444BC
:202260004C4C4C484C4040404040404444444448404C440000B4B4B49494944E4E4E4E4EE0
:202280004E4E4E4E4E4E4E4B4B4B4B4B4B4B4B4B4B4B4B80C1C180C1C1C1C1000000000012
:2022A0000000000000000000000000000010101010080C080440242020240000242020246E
:2022C000202000200000000000000000000000040404000000000000000000040404000086
:2022E000000000000012121208080808080B060C0A05050B0A0A0A090807090706080607E3
:20230000070702050202020202020606070606020803011E0D0C0C0C0E09060102050101F9
:20232000060102060102080202040202060104060104C7FF00121212080B090B0E0F0B1006
:202340000C06060E0C0E0C0B08080B0A09080808080803050202020202020606080606029A
:20236000090402010E0F0F0F0E0E08020207020107020207020208020206020207020407A0
:2023800001040505202E3F2C2D4949454141414155414945554F524C575957524C57594D65
:2023A0004E4E4451535346542F2F5A5A5644432A4A2A2A2A45414F414F55422A2A442A2AE3
:2023C000472A2A472A2A502A2A542A2A4B2A2A4B2A2A5555552A2A2A2A2A594848454148B5
:2023E0004F48585852584858585858482A2A2A2A2A2A58582A2A482A4848582A482A484876
:202400002A2A2A2A2A5959595757572A2A2A2A2A2A2A2A2A582A2A2A2A2A2A2A2A2A2A2A3A
:20242000582A2A4C4D4E2A31323334353637387768696C6500666F7200747279000A2573DA
:2024400000696D706F727420003C67656E657261746F72206F626A65637420272571272003
:2024600061742025703E0063616E27742073656E64206E6F6E2D4E6F6E652076616C756598
:2024800020746F2061206A7573742D737461727465642067656E657261746F720067656E8D
:2024A000657261746F722069676E6F7265642047656E657261746F7245786974002B2D7856
:2024C0006B63642E636F6D2F333533B32D2B0A7CC0207C0A7CB4205C302F89207C0A7CB234
:2024E000202F83205C89207C0A7C8820596F7527726520666C79696E672192204D696372F9
:202500006F507974686F6E2120202F7C88207C0A7C8C20486F773FA6205C205C87207C0A30
:202520007C8C202FB3207C0A7C8A2030B5207C0A7C89202F7C5CB4207C0A7C8A207CB5203D
:202540007C0A7C852D845F2F5F5C9E5F962D7C0A7CC0207C0A2BC02D2B0A0063616E2774B8
:2025600020636F6E766572742027257127206F626A65637420746F20257120696D706C69AB
:202580006369746C79005C2563005C5C005C6E005C72005C74005C7825303278006A6F69FD
:2025A0006E20657870656374732061206C697374206F66207374722F6279746573206F627F
:2025C0006A6563747320636F6E73697374656E7420776974682073656C66206F626A6563AF
:2025E0007400737562737472696E67206E6F7420666F756E640073746172742F656E642025
:20260000696E6469636573006F6E6C7920736C69636573207769746820737465703D312030
:2026200028616B61204E6F6E65292061726520737570706F72746564006279746573207651
:20264000616C7565206F7574206F662072616E67650077726F6E67206E756D626572206FD4
:202660006620617267756D656E747300252E2A730073696E676C6520277D2720656E636FDC
:20268000756E746572656420696E20666F726D617420737472696E670062616420636F6E65
:2026A00076657273696F6E2073706563696669657200756E6D61746368656420277B272078
:2026C000696E20666F726D617400657870656374656420273A2720616674657220666F72E7
:2026E0006D6174207370656369666965720063616E2774207377697463682066726F6D204B
:202700006175746F6D61746963206669656C64206E756D626572696E6720746F206D616E88
:2027200075616C206669656C642073706563696669636174696F6E007475706C6520696E91
:20274000646578206F7574206F662072616E67650061747472696275746573206E6F7420C6
:20276000737570706F72746564207965740063616E2774207377697463682066726F6D208E
:202780006D616E75616C206669656C642073706563696669636174696F6E20746F2061751D
:2027A000746F6D61746963206669656C64206E756D626572696E67003C3E3D5E00626364DF
:2027C0006545664667476E6F7378582500696E76616C696420666F726D6174207370656355
:2027E0006966696572007369676E206E6F7420616C6C6F77656420696E20737472696E67F2
:2028000020666F726D617420737065636966696572007369676E206E6F7420616C6C6F77D4
:202820006564207769746820696E746567657220666F726D61742073706563696669657262
:202840002027632700756E6B6E6F776E20666F726D617420636F6465202725632720666F48
:2028600072206F626A656374206F662074797065202725732700756E6B6E6F776E20666F6D
:20288000726D617420636F6465202725632720666F72206F626A656374206F662074797063
:2028A000652027666C6F61742700273D2720616C69676E6D656E74206E6F7420616C6C6F8C
:2028C00077656420696E20737472696E6720666F726D617420737065636966696572007512
:2028E0006E6B6E6F776E20666F726D617420636F6465202725632720666F72206F626A65BC
:202900006374206F66207479706520277374722700696E636F6D706C65746520666F726D3E
:20292000617400666F726D61742072657175697265732061206469637400696E636F6D70DE
:202940006C65746520666F726D6174206B6579006E6F7420656E6F75676820617267756D88
:20296000656E747320666F7220666F726D617420737472696E6700252563207265717569E3
:2029800072657320696E74206F72206368617200696E746567657220726571756972656454
:2029A00000756E737570706F7274656420666F726D6174206368617261637465722027256C
:2029C00063272028307825782920617420696E646578202564006E6F7420616C6C20617244
:2029E00067756D656E747320636F6E76657274656420647572696E6720737472696E67206A
:202A0000666F726D617474696E6700656D70747920736570617261746F72007273706C6931
:202A200074284E6F6E652C6E290020090A0D0B0C0008080808080808080020202020202050
:202A40002020003C25713E0054726163656261636B20286D6F737420726563656E74206377
:202A6000616C6C206C617374293A0A00202046696C6520222571222C206C696E6520256485
:202A8000002C20696E2025710A0063616E277420636F6E7665727420257320746F20696EB3
:202AA000740063616E277420636F6E7665727420257320746F20666C6F6174006F626A6523
:202AC00063742027257327206973206E6F742061207475706C65206F72206C697374007292
:202AE0006571756573746564206C656E67746820256420627574206F626A65637420686140
:202B000073206C656E67746820256400257120696E6469636573206D757374206265206909
:202B20006E7465676572732C206E6F7420257300257120696E646578206F7574206F6620ED
:202B400072616E6765006F626A656374206F662074797065202725732720686173206E6FBB
:202B6000206C656E28290027257327206F626A65637420646F6573206E6F74207375707004
:202B80006F7274206974656D2064656C6574696F6E0027257327206F626A65637420697324
:202BA000206E6F742073756273637269707461626C650027257327206F626A656374206410
:202BC0006F6573206E6F7420737570706F7274206974656D2061737369676E6D656E7400D8
:202BE0006F626A6563742077697468206275666665722070726F746F636F6C207265717579
:202C0000697265640062756666657220746F6F20736D616C6C0000000000000000000003E8
:202C200003030303000000000000000000000000000000000000030101010101010101017C
:202C4000010101010101454545454545454545450101010101010159595959595919191954
:202C60001919191919191919191919191919191919010101010101696969696969292929B4
:202C8000292929292929292929292929292929292901010101005C7525303478005C5525CF
:202CA00030387800737472696E6720696E6469636573206D75737420626520696E74656797
:202CC0006572732C206E6F7420257300737472696E6720696E646578206F7574206F6620F9
:202CE00072616E676500636872282920617267206E6F7420696E2072616E67652830783149
:202D00003130303030290061726720697320616E20656D7074792073657175656E636500AC
:202D20006F726428292065787065637465642061206368617261637465722C206275742086
:202D4000737472696E67206F66206C656E67746820256420666F756E64006D757374207502
:202D60007365206B6579776F726420617267756D656E7420666F72206B65792066756E6337
:202D800074696F6E00332D61726720706F772829206E6F7420737570706F72746564006C35
:202DA0006F63616C207661726961626C65207265666572656E636564206265666F72652028
:202DC00061737369676E6D656E74006279746520636F6465206E6F7420696D706C656D65D1
:202DE0006E746564004E6F2061637469766520657863657074696F6E20746F207265726113
:202E000069736500696E76616C69642067657374757265006469766973696F6E20627920EB
:202E20007A65726F00696D6167652063616E6E6F74206265206D6F64696669656420287428
:202E4000727920636F7079696E6720666972737429006272696768746E657373206F75744C
:202E6000206F6620626F756E647300657870656374696E6720616E20696D616765006D75F7
:202E80007374207370656369667920626F7468206F6666736574730073697A652063616E44
:202EA0006E6F74206265206E6567617469766500696E6465782063616E6E6F7420626520A5
:202EC0006E6567617469766500696E64657820746F6F206C6172676500496D6167652800DF
:202EE0000A2020202000270A2020202027003031323334353637383900756E65787065636B
:202F00007465642063686172616374657220696E20496D61676520646566696E6974696FD2
:202F20006E00496D6167652873292074616B6573206120737472696E6700696D61676520E9
:202F40006461746120697320696E636F72726563742073697A6500496D616765282920744F
:202F6000616B6573203020746F203320617267756D656E7473006272696768746E657373D8
:202F8000206D756C7469706C696572206D757374206E6F74206265206E6567617469766516
:202FA00000696D61676573206D757374206265207468652073616D652073697A65006E61FA
:202FC0006D652027257127206973206E6F7420646566696E656400756E737570706F7274BF
:202FE0006564207479706520666F722025713A20272573270027257327206F626A6563744C
:20300000206973206E6F742063616C6C61626C650074797065206F626A65637420272571BD
:203020002720686173206E6F2061747472696275746520272571270027257327206F626AD7
:2030400065637420686173206E6F2061747472696275746520272571270027257327206F6E
:20306000626A656374206973206E6F74206974657261626C650027257327206F626A65636A
:2030800074206973206E6F7420616E206974657261746F72006E656564206D6F72652074D3
:2030A00068616E2025642076616C75657320746F20756E7061636B00746F6F206D616E79B4
:2030C0002076616C75657320746F20756E7061636B2028657870656374656420256429002F
:2030E000657863657074696F6E73206D757374206465726976652066726F6D204261736597
:20310000457863657074696F6E0063616E6E6F7420696D706F7274206E616D65202571004B
:203120006D656D6F727920616C6C6F636174696F6E206661696C65642C20686561702069B8
:2031400073206C6F636B6564006D656D6F727920616C6C6F636174696F6E206661696C656A
:20316000642C20616C6C6F636174696E67202575206279746573006E65676174697665200D
:20318000736869667420636F756E7400756E737570706F7274656420747970657320666FB5
:2031A000722025713A20272573272C202725732700617267756D656E7420686173207772AD
:2031C0006F6E67207479706500506C757320616E79206D6F64756C6573206F6E2074686546
:2031E0002066696C6573797374656D0A006F626A6563742000206973206F662074797065F6
:203200002025730A00202D2D2000696C6C6567616C206D6F64650066696C65206E6F742082
:20322000666F756E640043616C6C696F7065206D696E692077697468206E524635313832AA
:203240003200312E312E31006D6963726F3A6269742076312E312E312B3332646632303247
:20326000206F6E20323032332D30382D30373B204D6963726F507974686F6E2076312E393C
:203280002E322D33342D67643634313534633733206F6E20323031372D30392D30310069FD
:2032A0006E76616C696420636F6C6F757200696E76616C6964206E756D626572206F662037
:2032C000706978656C7300696E76616C696420627070004572722033363638330045727294
:2032E000203336383934005DC12028412E293D454834592EA0284129203D41C820284152AA
:203300004529203D4141D220284152294F3D4158D228415229233D454834D2205E28415382
:2033200029233D455934D328412957413D41D8284157293D414FB5203A28414E59293D455F
:2033400048344E49D92841295E2B233D4559B5233A28414C4C59293D554C49D92028414CFE
:2033600029233D55CC28414741494E293D415847454834CE233A28414729453D4948CA280B
:2033800041295E253D45D92841295E2B3A233D41C5203A2841295E2B203D4559B42028417D
:2033A0005252293D4158D228415252293D414534D2205E28415229203D414135D228415296
:2033C000293D414135D228414952293D454834D2284149293D4559B4284159293D4559B51C
:2033E000284155293D414FB4233A28414C29203D55CC233A28414C5329203D554CDA2841DD
:203400004C4B293D414F34CB28414C295E3D414FCC203A2841424C45293D4559344255CC1A
:203420002841424C45293D41584255CC284129564F3D4559B428414E47292B3D4559344E79
:20344000CA284154415249293D4148544141345249D9284129544F4D3D41C528412954549D
:20346000493D41C52028415429203D4145D420284129543D41C82841293D41C55DC220287B
:203480004229203D424959B420284245295E233D4249C8284245494E47293D42495934496F
:2034A000484ED82028424F544829203D424F573454C8202842555329233D42494834DA28A7
:2034C000425245414B293D4252455935CB284255494C293D42494834CC2842293DC25DC3B0
:2034E00020284329203D534959B420284348295E3DCB5E45284348293DCB284348412952BA
:20350000233D4B4548B5284348293D43C8205328434929233D534159B428434929413D539B
:20352000C8284349294F3D53C828434929454E3D53C82843495459293D5349485449D9282E
:2035400043292B3DD328434B293DCB28434F4D4D4F444F5245293D4B4141344D4148444F40
:2035600048D228434F4D293D4B4148CD2843554954293D4B4948D42843524541293D4B526A
:20358000495945D92843293DCB5DC420284429203D444959B4202844522E29203D444141AA
:2035A000344B5445D2233A2844454429203D444948C42E45284429203DC4233A5E4528441B
:2035C00029203DD420284445295E233D4449C82028444F29203D4455D72028444F45532917
:2035E0003D444148DA28444F4E4529203D44414835CE28444F494E47293D4455573449488F
:203600004ED82028444F57293D4441D72328445529413D4A55D723284455295E233D4A4139
:20362000D82844293DC45DC520284529203D49594959B4233A28452920BD273A5E284529CA
:2036400020BD203A284529203D49D92328454429203DC4233A2845294420BD2845562945BB
:20366000523D454834D62845295E253D4959B42845524929233D4959345249D92845524995
:20368000293D4548345249C8233A28455229233D45D2284552524F52293D454834524F4822
:2036A000D2284552415345293D494852455935D328455229233D4548D2284552293D45D2CE
:2036C00020284556454E293D4959564548CE233A28452957BD40284557293D55D72845575A
:2036E000293D5955D72845294F3D49D9233A2628455329203D4948DA233A2845295320BD44
:20370000233A28454C5929203D4C49D9233A28454D454E54293D4D45484ED4284546554C92
:20372000293D465548CC284545293D4959B4284541524E293D455235CE2028454152295E11
:203740003D4552B528454144293D4548C4233A28454129203D495941D82845412953553D2F
:203760004548B5284541293D4959B52845494748293D4559B4284549293D4959B4202845A0
:203780005945293D4159B4284559293D49D9284555293D595557B528455155414C293D4958
:2037A00059344B5755CC2845293D45C85DC620284629203D454834C62846554C293D46550B
:2037C00048CC28465249454E44293D46524548354EC428464154484552293D46414134449B
:2037E0004845D228462946BD2846293DC65DC720284729203D4A4959B428474956293D47A2
:20380000494835D620284729495E3DC728474529543D474548B553552847474553293D470F
:203820004A454834D3284747293DC72042232847293DC72847292B3DCA2847524541542918
:203840003D4752455934D428474F4E29453D47414F35CE2328474829BD2028474E293DCE8A
:203860002847293DC75DC820284829203D45593443C82028484156293D2F48414536D620DE
:203880002848455245293D2F484959D22028484F5552293D41573545D228484F57293D2F10
:2038A0004841D7284829233D2FC8284829BD5DC92028494E293D4948CE20284929203D4140
:2038C00059B4284929203D41D928494E29443D415935CE53454D2849293D49D920414E54E3
:2038E0002849293D41D928494552293D495945D2233A522849454429203D4959C428494565
:203900004429203D415935C42849454E293D49594548CE28494529543D41593445C8284927
:2039200027293D4159B5203A2849295E253D4159B5203A28494529203D4159B42849292505
:203940003D49D9284945293D4959B4202849444541293D41594449593541C82849295E2BF4
:203960003A233D49C828495229233D4159D228495A29253D4159DA28495329253D4159DA57
:20398000495E2849295E233D49C82B5E2849295E2B3D41D9233A5E2849295E2B3D49C828C0
:2039A00049295E2B3D41D9284952293D45D228494748293D4159B428494C44293D4159358B
:2039C0004CC4202849474E293D494847CE2849474E29203D415934CE2849474E295E3D4172
:2039E0005934CE2849474E29253D415934CE284943524F293D4159344B524FC828495155EB
:203A000045293D495934CB2849293D49C85DCA20284A29203D4A4559B4284A293DCA5DCBCD
:203A200020284B29203D4B4559B420284B294EBD284B293DCB5DCC20284C29203D45483461
:203A4000CC284C4F2943233D4C4FD74C284C29BD233A5E284C29253D55CC284C45414429B1
:203A60003D4C4959C420284C41554748293D4C414534C6284C293DCC5DCD20284D29203D81
:203A8000454834CD20284D522E29203D4D494834535445D220284D532E293D4D494835DAC4
:203AA00020284D52532E29203D4D494834534958DA284D4F56293D4D555734D6284D4143BC
:203AC00048494E293D4D41485348495935CE4D284D29BD284D293DCD5DCE20284E29203DF4
:203AE000454834CE45284E47292B3D4ECA284E4729523D4E58C7284E4729233D4E58C728CF
:203B00004E474C29253D4E584755CC284E47293D4ED8284E4B293D4E58CB20284E4F5729E5
:203B2000203D4E4157B44E284E29BD284E4F4E29453D4E414834CE284E293DCE5DCF20282F
:203B40004F29203D4F4834D7284F4629203D4148D620284F4829203D4F57B5284F524F551F
:203B60004748293D4552344FD7233A284F5229203D45D2233A284F525329203D4552DA2804
:203B80004F52293D414FD220284F4E45293D574148CE23284F4E4529203D574148CE284FA6
:203BA00057293D4FD720284F564552293D4F57355645D25052284F29563D5557B4284F56EE
:203BC000293D414834D6284F295E253D4F57B5284F295E454E3D4FD7284F295E49233D4F47
:203BE00057B5284F4C29443D4F5734CC284F55474854293D414F35D4284F554748293D41F6
:203C00004835C620284F55293D41D748284F552953233D4157B4284F5553293D4158D328A2
:203C20004F5552293D4F48D2284F554C44293D554835C4284F55295E4C3D4148B5284F5581
:203C400050293D555735D0284F55293D41D7284F59293D4FD9284F494E47293D4F57344977
:203C6000484ED8284F49293D4F59B5284F4F52293D4F4835D2284F4F4B293D554835CB46DD
:203C8000284F4F44293D555735C44C284F4F44293D414835C44D284F4F44293D555735C46F
:203CA000284F4F44293D554835C446284F4F54293D554835D4284F4F293D5557B5284F2767
:203CC000293D4FC8284F29453D4FD7284F29203D4FD7284F41293D4F57B420284F4E4C59FA
:203CE000293D4F57344E4C49D920284F4E4345293D574148344ED3284F4E2754293D4F5774
:203D0000344ED443284F294E3D41C1284F294E473D41CF203A5E284F294E3D41C849284FAF
:203D20004E293D55CE233A284F4E293D55CE235E284F4E293D55CE284F2953543D4FD72860
:203D40004F46295E3D414F34C6284F54484552293D414835444845D252284F29423D52410B
:203D6000C15E52284F293A233D4F57B5284F535329203D414F35D3233A5E284F4D293D41DC
:203D800048CD284F293D41C15DD020285029203D504959B4285048293DC62850454F504CAA
:203DA000293D504959355055CC28504F57293D504157B42850555429203D505548D4285005
:203DC0002950BD28502953BD2850294EBD2850524F462E293D50524F48464548345345D2B3
:203DE0002850293DD05DD120285129203D4B595557B42851554152293D4B574F4835D22895
:203E00005155293D4BD72851293DCB5DD220285229203D414135D220285245295E233D52DA
:203E200049D928522952BD2852293DD25DD320285329203D454834D3285348293D53C823B0
:203E40002853494F4E293D5A4855CE28534F4D45293D534148CD232853555229233D5A48FB
:203E600045D22853555229233D534845D22328535529233D5A4855D7232853535529233DB5
:203E8000534855D72328534544293D5AC423285329233DDA2853414944293D534548C45EFE
:203EA0002853494F4E293D534855CE28532953BD2E285329203DDA233A2E45285329203DEF
:203EC000DA233A5E23285329203DD355285329203DD3203A23285329203DDA2323285329EB
:203EE000203DDA2028534348293D53CB285329432BBD2328534D293D5A55CD2328534E2930
:203F0000273D5A55CD2853544C45293D5355CC2853293DD35DD420285429203D544959B4D6
:203F200020285448452920233D444849D9202854484529203D444841D828544F29203D5408
:203F400055D8202854484154293D44484145D420285448495329203D44484948D3202854DD
:203F6000484559293D444845D920285448455245293D44484548D22854484552293D4448ED
:203F800045D2285448454952293D44484548D220285448414E29203D44484145CE202854A0
:203FA00048454D29203D44484145CE28544845534529203D44484959DA20285448454E29F2
:203FC0003D44484548CE285448524F554748293D5448525557B42854484F5345293D444823
:203FE0004F48DA2854484F55474829203D44484FD728544F444159293D5455584445D92887
:20400000544F4D4F2952524F573D54554D4141B528544F2954414C3D544F57B520285448DF
:204020005553293D4448414834D3285448293D54C8233A28544544293D544958C4532854C0
:204040004929234E3D43C8285449294F3D53C828544929413D53C8285449454E293D5348C0
:2040600055CE2854555229233D434845D228545529413D434855D7202854574F293D54554F
:20408000D726285429454E20BD2854293DD45DD520285529203D595557B42028554E2949ED
:2040A0003D595557CE2028554E293D4148CE202855504F4E293D415850414FCE4028555202
:2040C00029233D554834D228555229233D59554834D2285552293D45D22855295E203D4172
:2040E000C82855295E5E3D4148B5285559293D4159B5204728552923BD4728552925BD478D
:20410000285529233DD7234E2855293D5955D7402855293D55D72855293D5955D75DD620DF
:20412000285629203D564959B42856494557293D56595557B52856293DD65DD72028572940
:20414000203D4441483442554C5955D7202857455245293D5745D22857412953483D5741F1
:20416000C12857412953543D5745D928574129533D5741C828574129543D5741C1285748C9
:20418000455245293D57484548D22857484154293D57484148D42857484F4C293D2F484F93
:2041A00057CC2857484F293D2F4855D7285748293D57C82857415229233D574548D22857A1
:2041C0004152293D57414FD228574F52295E3D5745D2285752293DD228574F4D29413D57B9
:2041E0005548CD28574F4D29453D574948CD2857454129523D5745C82857414E54293D579A
:204200004141354ED4414E5328574552293D45D22857293DD75DD820285829203D45483478
:204220004BD2202858293DDA2858293D4BD35DD920285929203D574159B428594F554E47C1
:20424000293D5941484ED82028594F5552293D594F48D22028594F55293D5955D720285960
:204260004553293D594548D3202859293DD9462859293D41D9505328594348293D4159CBE6
:20428000233A5E2859293D49D9233A5E285929493D49D9203A285929203D41D9203A2859F7
:2042A00029233D41D9203A2859295E2B3A233D49C8203A2859295E233D41D92859293D4917
:2042C000C85DDA20285A29203D5A4959B4285A293DDAEA284129BD2821293DAE282229201C
:2042E0003D2D4148354E4B574F5754AD2822293D4B574F573454AD2823293D204E414834F6
:204300004D4245D22824293D20444141344C45D22825293D20504552534548344ED428268A
:20432000293D2041454EC4282729BD282A293D2041453453544552494853CB282B293D20D2
:20434000504C414834D3282C293DAC20282D29203DAD282D29BD282E293D20504F594ED4F2
:20436000282F293D20534C41453453C82830293D205A495934524FD72028315354293D469A
:2043800045523453D4202831305448293D544548344E54C82831293D2057414834CE2028F8
:2043A000324E44293D534548344B554EC42832293D20545557B42028335244293D54484521
:2043C0005234C42833293D205448524959B42834293D20464F4834D22028355448293D46E4
:2043E0004948344654C82835293D2046415934D62028363429203D534948344B53544959E5
:2044000020464F48D22836293D20534948344BD32837293D20534548345655CE202838546D
:2044200048293D45593454C82838293D20455934D42839293D204E415934CE283A293DAE0D
:20444000283B293DAE283C293D204C454834532044484145CE283D293D204959344B5755E3
:204460004CDA283E293D2047524559345445522044484145CE283F293DBF2840293D204119
:204480004536D4285E293D204B414534524958D45DC10000000000000000000000000000D7
:2044A000000000000000000000000000000000000000000202020202028200000202020266
:2044C00002020303030303030303030302020202020202C0A8B0ACC0A0B8A0C0BCA0ACA8C0
:2044E000ACC0A0A0ACB4A4C0A8A8B0C0BC000000020020209B20C0B920CDA34C8A8E0095D1
:20450000F7A239C5067EC726374E91F155A1FE24452DA736532E47DA7D7E7E7F8081828286
:204520008284848484848587878888898A8B8B8C8C8C51282573290A008F012A00FA015F9D
:20454000008A012F006C0325236F007B032523780058057B3A23627D00AF010A0073206D6F
:204560006178696D756D20726563757273696F6E2064657074682065786365656465640024
:20458000BD083C6D6F64756C653E0080083C6C616D6264613E00D40A3C6C697374636F6DDE
:2045A000703E00CC0A3C64696374636F6D703E0054093C736574636F6D703E0034093C67F8
:2045C000656E657870723E0052083C737472696E673E00E3073C737464696E3E00B70575E9
:2045E00074662D3800940468656C70007305696E70757400E00B636F6C6C656374696F6E7C
:204600007300120673747275637400C0086D6963726F626974001005726573657400EA0522
:20462000736C65657000C80C72756E6E696E675F74696D6500D00570616E696300E90B7436
:20464000656D706572617475726500A30474686973006307617574686F727300F10B616E86
:204660007469677261766974790055046C6F7665002C0862616461626F6F6D00CD124D694A
:2046800063726F4269744469676974616C50696E0007184D6963726F426974416E616C6FAF
:2046A000674469676974616C50696E0052104D6963726F426974546F75636850696E009277
:2046C0000C726561645F6469676974616C00FD0D77726974655F6469676974616C00620B16
:2046E000726561645F616E616C6F67002D0C77726974655F616E616C6F67000811736574B3
:204700005F616E616C6F675F706572696F6400EE1E7365745F616E616C6F675F70657269AE
:204720006F645F6D6963726F7365636F6E6473007A1E6765745F616E616C6F675F706572EF
:20474000696F645F6D6963726F7365636F6E647300040A69735F746F756368656400790601
:20476000756E7573656400C80A617564696F5F706C617900F306627574746F6E008005741E
:204780006F756368002002337600AF086765745F6D6F646500E60A4D6963726F4269744952
:2047A0004F00020470696E3000030470696E3100010470696E3200010470696E33000604A7
:2047C00070696E3400070470696E3500040470696E3600050470696E37000A0470696E383E
:2047E000000B0470696E3900530570696E313000520570696E313100510570696E3132002A
:20480000500570696E313300570570696E313400560570696E313500550570696E31360080
:204820005A0570696E313900300570696E32300049086765745F70756C6C00DD08736574AC
:204840005F70756C6C00BA0750554C4C5F555000AD0950554C4C5F444F574E001E074E4FEE
:204860005F50554C4C00870D4D6963726F426974496D616765006205496D6167650042057B
:20488000696D616765002305776964746800FA0668656967687400B706696E7665727400FF
:2048A000CA0466696C6C00B0097365745F706978656C00A4096765745F706978656C00A1EE
:2048C0000A73686966745F6C65667400BA0B73686966745F726967687400DF0873686966B5
:2048E000745F757000480A73686966745F646F776E00E2096D6F6E6F737061636500F604CF
:20490000626C6974000F05484541525400CF0B48454152545F534D414C4C0015054841504B
:204920005059009303534144009B05534D494C4500A608434F4E4655534544002605414E87
:20494000475259000B0641534C45455000880953555250524953454400C60553494C4C59F0
:20496000003008464142554C4F55530005034D4548000A035945530004024E4F006E074363
:204980004C4F434B313200DC06434C4F434B3100DF06434C4F434B3200DE06434C4F434B39
:2049A0003300D906434C4F434B3400D806434C4F434B3500DB06434C4F434B3600DA064320
:2049C0004C4F434B3700D506434C4F434B3800D406434C4F434B39006C07434C4F434B3169
:2049E00030006D07434C4F434B313100ED074152524F575F4E00C8084152524F575F4E45CC
:204A000000E6074152524F575F4500B5084152524F575F534500F0074152524F575F530007
:204A2000A7084152524F575F535700F4074152524F575F5700DA084152524F575F4E570086
:204A4000EB08545249414E474C45008F0D545249414E474C455F4C45465400510A43484566
:204A60005353424F41524400A1074449414D4F4E4400610D4449414D4F4E445F534D414C8E
:204A80004C00840653515541524500840C5351554152455F534D414C4C00EB06524142422E
:204AA0004954005E03434F5700AB0E4D555349435F43524F5443484554005F0C4D55534971
:204AC000435F515541564552006C0D4D555349435F5155415645525300330950495443482C
:204AE000464F524B00E204584D41530055065041434D414E00B4065441524745540045068E
:204B000054534849525400270B524F4C4C4552534B415445003C044455434B00A105484F99
:204B200055534500C808544F52544F495345005609425554544552464C5900E90B5354493B
:204B4000434B46494755524500C20547484F535400980553574F5244007D074749524146A0
:204B60004645004805534B554C4C00C908554D4252454C4C41009705534E414B4500F208A5
:204B800053434953534F525300F10A414C4C5F4152524F575300C00A414C4C5F434C4F4368
:204BA0004B53005A0F4D6963726F426974446973706C617900910E7365745F6272696768A9
:204BC000746E657373009E107365745F646973706C61795F6D6F6465001F07646973706C13
:204BE000617900860473686F770028067363726F6C6C00500564656C617900B80673747258
:204C00006964650085057374617274008E04776169740039046C6F6F7000E004636F7079CD
:204C2000000B0463726F7000B505736C6963650098047465787400F60B536C6963656449E8
:204C40006D61676500BD0F5363726F6C6C696E67537472696E670064026F6E008A036F6625
:204C60006600610569735F6F6E00C10646616361646500160E4D6963726F426974427574ED
:204C8000746F6E00ED08627574746F6E5F6100EE08627574746F6E5F6200E60A69735F7084
:204CA00072657373656400F90B7761735F7072657373656400FD0B6765745F7072657373F6
:204CC0006573005B154D6963726F426974416363656C65726F6D65746572001E0D616363E6
:204CE000656C65726F6D657465720034056765745F780035056765745F7900360567657463
:204D00005F7A00F40A6765745F76616C7565730067097365745F72616E676500D40F6375AA
:204D20007272656E745F6765737475726500070A69735F6765737475726500D80B77617371
:204D40005F6765737475726500180C6765745F676573747572657300A0027570003704649A
:204D60006F776E00DE046C65667400E50572696768740021076661636520757000360966E9
:204D800061636520646F776E00B6086672656566616C6C00310233670094023667005A02B7
:204DA00038670031057368616B6500100F4D6963726F426974436F6D706173730055076345
:204DC0006F6D70617373002D0768656164696E6700230D69735F63616C69627261746564C6
:204DE00000020963616C696272617465004911636C6561725F63616C6962726174696F6EB9
:204E000000F4126765745F6669656C645F737472656E67746800B80B4D6963726F4269743F
:204E2000493243005D0369326300B70472656164009805777269746500B6046164647200E2
:204E4000CB016E00740362756600F20672657065617400E5046672657100530373646100C6
:204E6000F90373636C0004056D7573696300A1096672657175656E6379007B08647572611F
:204E800074696F6E008305706974636800F20370696E002104706C6179009B097365745F52
:204EA00074656D706F008F096765745F74656D706F00DA0362706D0043057469636B7300EF
:204EC0009F054241444459009D0742415F44494E4700FC08424952544844415900C80542B8
:204EE0004C554553005905434841534500FC0944414441444144554D00480B454E5445526C
:204F00005441494E455200420746554E4552414C00D30446554E4B00AA094A554D505F44DB
:204F20004F574E00FD074A554D505F5550003D044E59414E006B034F444500970A504F57E5
:204F400045525F444F574E000108504F5745525F5550003A075052454C55444500EB0950F3
:204F6000554E43484C494E4500B106505954484F4E00C70852494E47544F4E450064095749
:204F8000415741574157414100170757454444494E4700C401610067026123002C046123E0
:204FA0003A31002E0461233A330076026132007002613400BB0461343A3100B90461343A06
:204FC00033000F03613A31000C03613A32000A03613A34000B03613A3500C7016200DE041E
:204FE00062323A310094026233009302623400D80462343A3100DB0462343A3200920262A8
:205000003500D90462353A31000C03623A31000F03623A3200C6016300A5026323007003F6
:2050200063233500BB056323353A3100B8056323353A32006E0463233A3100670463233A5D
:205040003800FC0463323A3200B5026333007C0463333A33007B0463333A3400B202633479
:2050600000F90463343A3100FB0463343A3300FC0463343A3400B302633500780463353A8E
:2050800031007B0463353A32007A0463353A33007D0463353A34000D03633A31000E036300
:2050A0003A32000F03633A33000803633A34000403633A3800C1016400C202642300FF0575
:2050C0006423353A32000A0464233A32000B0464233A3300D202643300D5026434001E04A8
:2050E00064343A3100D4026435001F0464353A31001C0464353A32000A03643A310009030A
:20510000643A32000803643A33000F03643A34000E03643A35000D03643A36000303643A93
:205120003800C0016500BA0465333A3300F4026534003F0465343A3100F5026535003F04A4
:2051400065363A33000B03653A31000803653A32000903653A33000E03653A34000F036554
:205160003A35000C03653A36000203653A3800E00465623A3800C3016600010266230035F8
:205180000366233500FD056623353A32004B0466233A3100480466233A3200420466233A95
:2051A000380011026632000803663A31000B03663A32000A03663A33000D03663A3400018B
:2051C00003663A3800C20167002102672300EA0467233A3100E80467233A3300FA046733BF
:2051E0003A310036026734007D0467343A31007E0467343A32003702673500FC0467353AB6
:2052000031000903673A31000A03673A32000B03673A33000103673A3800D7017200CB04C7
:2052200072343A32001C03723A31001F03723A32001E03723A3300320C4D6963726F42697D
:20524000745541525400770475617274001F04696E697400F5086261756472617465004902
:205260000462697473004206706172697479009D0473746F7000410470696E730089027432
:205280007800CF027278001303616E7900760772656164616C6C00F908726561646C696E4B
:2052A00065004B0872656164696E746F006A034F444400DD044556454E004A0B4D696372AD
:2052C0006F42697453504900CF037370690026046D6F646500720473636C6B001D046D6F47
:2052E0007369009D046D69736F00890E77726974655F72656164696E746F0069086E656F4F
:20530000706978656C0069084E656F506978656C00C703627070007C05636C65617200BE84
:205320000672616E646F6D00660B67657472616E64626974730092047365656400A3097289
:20534000616E6472616E676500AF0772616E64696E74002E0663686F696365000107756EDD
:2053600069666F726D005305617564696F00AE0A417564696F4672616D6500270A72657495
:2053800075726E5F70696E00B806736F75726365005608636F707966726F6D00A2046E6181
:2053A0006D650079026F7300B705756E616D65000B0B6D6963726F707974686F6E009B0778
:2053C0007379736E616D650062086E6F64656E616D6500EC0772656C6561736500BF07760C
:2053E000657273696F6E001A074279746573494F001E0654657874494F00F7087772697437
:2054000061626C650098076C6973746469720060076D616368696E6500200473697A650043
:20542000040A69735F706C6179696E67006D0673706565636800AE037361790094097072C7
:205440006F6E6F756E636500B60473696E670031067468726F6174006E056D6F7574680081
:205460006205737065656400D40564656275670043097472616E736C61746500D40572610E
:2054800064696F004F06636F6E66696700BF0A73656E645F627974657300880D72656365D8
:2054A0006976655F627974657300B90473656E64004E0772656365697665006B12726563CC
:2054C000656976655F62797465735F696E746F00020C726563656976655F66756C6C005928
:2054E000066C656E67746800940571756575650026076368616E6E656C00DA05706F7765C6
:205500007200A809646174615F726174650073076164647265737300BA0567726F75700077
:205520007B0C524154455F3235304B42495400DB0A524154455F314D42495400580A5241D6
:2055400054455F324D424954002D0F41726974686D657469634572726F7200970E417373D9
:20556000657274696F6E4572726F7200210E4174747269627574654572726F7200070D424D
:20558000617365457863657074696F6E009108454F464572726F7200F008456C6C69707345
:2055A000697300F209457863657074696F6E00160D47656E657261746F72457869740020E1
:2055C0000B496D706F72744572726F72005C10496E64656E746174696F6E4572726F720048
:2055E000830A496E6465784572726F7200EA084B65794572726F7200AF114B6579626F61DC
:205600007264496E7465727275707400FF0B4C6F6F6B75704572726F7200DC0B4D656D6FE4
:2056200072794572726F7200BA094E616D654572726F720017084E6F6E655479706500C610
:20564000134E6F74496D706C656D656E7465644572726F7200A1074F534572726F7200F044
:205660000B4F7264657265644469637400810D4F766572666C6F774572726F7200610C522B
:20568000756E74696D654572726F7200EA0D53746F70497465726174696F6E00940B5379B7
:2056A0006E7461784572726F7200200A53797374656D4578697400250954797065457272E3
:2056C0006F7200220C556E69636F64654572726F7200960A56616C75654572726F7200B68D
:2056E000115A65726F4469766973696F6E4572726F7200C4075F5F6164645F5F002B085FA8
:205700005F626F6F6C5F5F00420F5F5F6275696C645F636C6173735F5F00A7085F5F63613D
:205720006C6C5F5F002B095F5F636C6173735F5F00C60C5F5F636F6E7461696E735F5F0060
:20574000FD0B5F5F64656C6974656D5F5F006D095F5F656E7465725F5F0071065F5F6571C6
:205760005F5F0045085F5F657869745F5F00A7065F5F67655F5F00400B5F5F6765746174D5
:2057800074725F5F00260B5F5F6765746974656D5F5F00B6065F5F67745F5F00F7085F5FF9
:2057A000686173685F5F00380A5F5F696D706F72745F5F005F085F5F696E69745F5F00CFC8
:2057C000085F5F697465725F5F00CC065F5F6C655F5F00E2075F5F6C656E5F5F005D065F0C
:2057E0005F6C745F5F008E085F5F6D61696E5F5F00FF0A5F5F6D6F64756C655F5F00E20800
:205800005F5F6E616D655F5F0079075F5F6E65775F5F0002085F5F6E6578745F5F00C80810
:205820005F5F706174685F5F006B0C5F5F7175616C6E616D655F5F00010E5F5F7265706C78
:205840005F7072696E745F5F0010085F5F726570725F5F00610C5F5F726576657273656426
:205860005F5F00320B5F5F7365746974656D5F5F00D0075F5F7374725F5F0021075F5F73B1
:2058800075625F5F004F0D5F5F74726163656261636B5F5F009503616273001B0461636FDB
:2058A0007300440361646400A805616C69676E004403616C6C009104616E645F006B0661D4
:2058C0007070656E6400C20461726773007C0561727261790050046173696E00430961737F
:2058E0006D5F7468756D62006503617372001F046174616E00CD056174616E3200E003625A
:20590000696E00CB02626C00EB04626F6F6C00970C626F756E645F6D6574686F6400F708E0
:205920006275696C74696E7300DF0262780076096279746561727261790022086279746512
:20594000636F6465006109627974656F72646572005C056279746573004D0863616C63738F
:20596000697A65000D0863616C6C61626C6500370C63616C6C696F70656D696E6900060457
:205980006365696C00DC0363687200B40B636C6173736D6574686F64003305636C6F7365AA
:2059A000007407636C6F73757265005003636C7A003B03636D70009B07636F6C6C656374CD
:2059C00000C005636F6E7374003308636F70797369676E007A03636F7300A605636F756E12
:2059E0007400E805637073696400E90563707369650015046461746100CE076465666175A4
:205A00006C7400020764656772656573003F0464696374002D09646963745F7669657700E3
:205A2000720A646966666572656E6365009C11646966666572656E63655F75706461746545
:205A400000FA0364697200910764697361626C6500040B64697361626C655F697271000F01
:205A6000076469736361726400B8066469766D6F64000406656E61626C6500910A656E61C4
:205A8000626C655F697271000A03656E64001B08656E647377697468007109656E756D65C7
:205AA00072617465009B046576616C001E04657865630085046578697400C80365787000D1
:205AC0006306657874656E640093046661627300250666696C74657200010466696E64004B
:205AE0003505666C6F6174007D05666C6F6F7200E504666D6F64002606666F726D6174006E
:205B00001C056672657870004C0566726F6D5F00350A66726F6D5F627974657300370866BD
:205B2000726F6D6B65797300ED0966726F7A656E73657400270866756E6374696F6E00618F
:205B400002676300960967656E657261746F7200330367657400690C6765745F73747265CB
:205B60006E67746800C00767657461747472009D07676C6F62616C73008C07686173617486
:205B8000747200B7046861736800AD09686561705F6C6F636B00560B686561705F756E6CB7
:205BA0006F636B007003686578002802696400170E696D706C656D656E746174696F6E00EE
:205BC0007B05696E646578001206696E73657274001603696E7400280C696E7465727365EE
:205BE0006374696F6E000613696E74657273656374696F6E5F75706461746500EB076973A8
:205C0000616C70686100A8076973646967697400F70A69736469736A6F696E74009A096995
:205C200073656E61626C656400A608697366696E697465003E056973696E6600B60A697325
:205C4000696E7374616E636500FC0769736C6F776572009E0569736E616E005B076973737A
:205C60007061636500B50A6973737562636C61737300B908697373756273657400FC0A69EE
:205C800073737570657273657400DD076973757070657200E3056974656D73008F046974B0
:205CA00065720047086974657261746F7200A7046A6F696E00F6086B62645F696E747200AE
:205CC00032036B65790001046B6579730043056C6162656C0040056C64657870005F036C0D
:205CE0006472005D046C64726200E2056C647265780057046C6472680062036C656E0027F3
:205D0000046C6973740089066C6974746C65003B066C6F63616C730021036C6F6700C605B6
:205D20006C6F77657200B6036C736C00A8036C737200E5066C737472697000B9036D6170B7
:205D40000035046D61746800B1036D61780020036D656D0007056D656D31360041056D653A
:205D60006D33320018046D656D380052096D656D5F616C6C6F6300CB086D656D5F6672650C
:205D80006500D1086D656D5F696E666F00AF036D696E0025046D6F646600BF066D6F64753C
:205DA0006C6500EC076D6F64756C657300F1036D6F760065046D6F76740066046D6F76777E
:205DC0000052056D6F7677740089036D7273001E0A6E616D65647475706C650042046E65E1
:205DE000787400B4036E6F700090066F626A65637400FD036F637400D1046F70656E008752
:205E0000096F70745F6C6576656C001C036F726400BC047061636B001F097061636B5F695D
:205E20006E746F001C02706900540570696E3137006A0770696E5F4D494300090970696EC9
:205E40005F4D5F494E31000A0970696E5F4D5F494E3200D00B70696E5F4D5F534C4545509B
:205E6000003A0770696E5F52474200D40870696E5F62746E4100D70870696E5F62746E424E
:205E8000003A08706C6174666F726D002A03706F7000BF07706F706974656D002D03706F0C
:205EA000770054057072696E74001C0F7072696E745F657863657074696F6E00BB047075BB
:205EC000736800B009717374725F696E666F00870772616469616E73001A0572616E6765BD
:205EE00000E80472626974005F10726561645F6C696768745F6C6576656C00630672656D5F
:205F00006F76650049077265706C61636500D004726570720025077265766572736500A1B5
:205F200008726576657273656400D2057266696E6400E90672696E64657800E705726F7554
:205F40006E6400A5067273706C6974003B06727374726970007D057363616C65001A047326
:205F600063616E00CD047364697600230373657000270373657400D40773657461747472A2
:205F8000006C0A73657464656661756C7400B10373696E000B08736C6565705F6D730013DE
:205FA00008736C6565705F757300BF04736F7274005E06736F7274656400B70573706C6985
:205FC0007400210473717274009709737461636B5F75736500740A73746172747377697489
:205FE0006800620C7374617469636D6574686F6400570473746570005003737472003204C9
:206000007374726200AD057374726578003804737472680029057374726970002103737574
:2060200062002E0373756D00C405737570657200CE1473796D6D65747269635F64696666C9
:206040006572656E636500601B73796D6D65747269635F646966666572656E63655F7570C8
:206060006461746500BC0373797300FE0374616E00F2097468726573686F6C6400B305742C
:2060800068726F77009D097469636B735F61646400B10A7469636B735F64696666004208D9
:2060A0007469636B735F6D73005A087469636B735F757300F00474696D6500890D74696D39
:2060C000655F70756C73655F7573009E02746F00D808746F5F6279746573005B0574727505
:2060E0006E6300FD057475706C65009D047479706500150C75636F6C6C656374696F6E730B
:20610000008B047564697600E30475696E7400F605756E696F6E000409756E697175655F6A
:206120006964000706756E7061636B000E0B756E7061636B5F66726F6D00B40675706461F1
:20614000746500270575707065720047077573747275637400E5057574696D65004E0576CF
:20616000616C7565007D0676616C756573006E0C76657273696F6E5F696E666F009D0377C3
:20618000666900E6037A6970000000000500003D3D3D3D3D3D3D3D3D3D3D3D3D3D3D3D3DE2
:2061A0003D3D3D3D3D3D3D3D3D3D3D3D3D3D3D3D3D3D3D3D3D3D3D3D3D3D0D0025733A0DC1
:2061C0000A0D0A00206964782020202070686F6E656D6520206C656E677468202073747272
:2061E0006573730D0020253369202020202020256325632020202020202533692020202095
:2062000020202025690D0A00202533692020202020203F3F20202020202025336920202079
:206220002020202025690D0A0046696E616C206461746120666F7220737065656368206F07
:2062400075747075742E202569206672616D65733A0D0A0D0A0020666C61677320616D708F
:206260006C3120667265713120616D706C3220667265713220616D706C3320667265713388
:206280002070697463680D002D2D2D2D2D2D2D2D2D2D2D2D2D2D2D2D2D2D2D2D2D2D2D2D81
:2062A0002D2D2D2D2D2D2D2D2D2D2D2D2D2D2D2D2D2D2D2D2D2D2D2D0D002535692025355C
:2062C000692025356920253569202535692025356920253569202535690D0A00696E64654C
:2062E00078206F7574206F6620626F756E64730063616E6E6F742064656C65746520656C07
:20630000656D656E7473206F6620417564696F4672616D6500416C6C6F636174696F6E20D9
:20632000696E20696E746572727570742068616E646C6572006E6F7420616E204175646998
:206340006F4672616D650063616E6E6F74207365742072657475726E5F70696E207769741A
:20636000686F75742070696E00535049206E6F7420696E697469616C6973656400726164B3
:20638000696F206973206E6F7420656E61626C6564007265636569766564207061636B6562
:2063A00074206973206E6F74206120737472696E6700617267756D656E7473206D75737405
:2063C000206265206B6579776F72647300756E6B6E6F776E20617267756D656E742027253F
:2063E00071270076616C7565206F7574206F662072616E676520666F7220617267756D6546
:206400006E7420272571270001000100E2ECF0F4F8FC0004332E342E300063616E2774200A
:20642000736574206174747269627574650066756E6374696F6E2074616B657320256420B5
:20644000706F736974696F6E616C20617267756D656E74732062757420256420776572651D
:2064600020676976656E00756E6578706563746564206B6579776F726420617267756D65E8
:206480006E7420272571270066756E6374696F6E20676F74206D756C7469706C65207661C3
:2064A0006C75657320666F7220617267756D656E74202725712700626164207479706563C9
:2064C0006F64650052656164206572726F72005772697465206572726F72004F75742D6F95
:2064E000662D62756666657220726561640000000000000D0D0E0F0F0F0F0F0C0D0C0F0F1D
:206500000D0D0D0E0D0C0D0D0D0C090900000000000000000B0B0B0B0000010B00020E0F91
:206520000F0F0F0D020400020400010400010400000000000000000C000000000F0F0000E1
:206540000000000A0B0D0E0D0C0C0B090B0B0C0C0C08080C080A08080A030906000000003E
:206560000000000003050304000000050A020E0D0C0D0C08000100000100000100000100AF
:20658000000000000000000A00000A000000000000000008070808010100010007050100B8
:2065A000060100070005010008000003000000000000000000010000000000010E010901A1
:2065C00000010000000000000000000000000000000000000000000700000500131000018A
:2065E00002020203030404050608090B0D0F00001F1F1F1F020202020202020202050502AA
:206600000A020805050B0A090808A00808171F121212121E1E1414141417171A1A1D1D02D6
:2066200002020202021A1D1B1A1D1B1A1D1B1A1D1B171D17171D17171D17171D17171700AE
:20664000131313130A0E12181A161410140E120E1212100C0E0A120E0A080606060611065D
:206660000606060E10090A080A060606050600121A141A120C0606060606060606060606EE
:2066800006060606060606060A0A0606062C1300434343435448423E282C1E242C483024DF
:2066A0001E32241C4418321E18522E36563643494F1A4249253342282F4F4F424F6E0048EE
:2066C000261E2A1E221A1A1A4242426E6E6E5454541A1A1A4242426D566D5454547F7F0074
:2066E0005B5B5B5B6E5D5B5859575852595D3E52583E6E505D5A3C6E5A6E517965795B632D
:206700006A51795D525D674C5D6565796579005A5858585852515151797979706E6E5E5E96
:206720005E5151517979796565705E5E5E0801000202020204040404040404040404040408
:206740000403030404030303030301020302010303030301010303030202030203000005E7
:206760000505050404020002020003020004020003020002020002030003030003B0A0008A
:20678000000000000A0E13181B171510140E120E1212100D0F0B120E0B090606060000007C
:2067A000000000000000000000000000000000131B151B120D00000000000000000000005C
:2067C000000000000000000001010202030304040505060607070001020304050607080954
:2067E0000A0B0C0D0E0F000103040607090A0C0D0F101213151600020406080A0C0E101244
:206800001416181A1C1E000205070A0C0F111416191B1E202325000306090C0F1215181B33
:206820001E2124272A2D0003070A0E1115181C1F23262A2D313400FCF8F4F0ECE8E4E0DC8B
:20684000D8D4D0CCC8C400FCF9F5F2EEEBE7E4E0DDD9D6D2CFCB00FDFAF7F4F1EEEBE8E593
:20686000E2DFDCD9D6D300FDFBF8F6F3F1EEECE9E7E4E2DFDDDA00FEFCFAF8F6F4F2F0EE83
:20688000ECEAE8E6E4E200FEFDFBFAF8F7F5F4F2F1EFEEECEBE900FFFEFDFCFBFAF9F8F773
:2068A000F6F5F4F3F2F100FFFFFEFEFDFDFCFCFBFBFAFAF9F9F80002020202040404040447
:2068C00004040404040404040302040402020202020101010101010101010101020202016F
:2068E00000010001000505050505040402000102000102000102000102000202000103005F
:2069000002030002A0A000000000000101010101010101010101010101010101010101011B
:2069200001010101000000000000000000000000000000000000010101010100000000004E
:206940000000000000000000000000000000000000000000000000000000909090909090D7
:20696000909090909090909090909090909090909090909090909090909090909090909017
:206980009090909090909090909090909090909090909090909090909090909090909090F7
:2069A0009090909090909090909090909090909090909090909090909090909090909090D7
:2069C000909090909090909090909090909090909090909090909090909070707070707077
:2069E000707070707070707070707070707070707070707070707070707070707070707097
:206A0000707070707070707070707070707070707070707070707070707070707070707076
:206A2000707070707070707070707070707070707070707070707070707070707070707056
:206A4000707070707070707070707070707070707070707070707070707038846B19C6636D
:206A600018867398C6B11CCA318CC73188C23098463118C6350CCA310CC62110246912C254
:206A80003114C471084A2249AB6AA8AC495132D55288936C94221554D22596D450A5462100
:206AA00008856B18C46310CE6B188C71198C63350CC63399CC6CB54EA29946212882952E1C
:206AC000E3309CC5309CA2B19C67318866592C5318846750CAE30AACAB30AC62308C63105B
:206AE0009462B18C8228963398D6B54C6229A54AB59CC63114D6389C4BB4866518AE671CCE
:206B0000A66319962319841308A652ACCA22896EAB198C6234C46219866318C42358D6A37D
:206B20005042544AAD4A25116B64894A63398A23312AEAA2A944C512CD42348C62188C632A
:206B4000114866319D44331D46319CC6B10CCD3288C47318867308D663580781E0F03C077B
:206B600087903C7C0FC7C0C0F07C1E078080001C7870F1C71FC00CFE1C1F1F0E0A7AC0719D
:206B8000F2838F030F0F0C0079F861E0430F83E718F9C113DAE9638F0F838387C31F3C7092
:206BA000F0E1E1E387B8710E20E38D48781C938730E1C1C1E478218383C3870639E5C3872E
:206BC000070E1C1C70F4719C603632C31E3CF38F0E3C70E3C78F0F0F0E3C78F0E38706F06D
:206BE000E307C199870F18787070FCF310B18C8C317C70E1863C646CB0E1E30F238F0F1E91
:206C00003E383C387B8F070E3CF4171E3C78F29E7249E32536385839E2DE3C7878E1C7610B
:206C2000E1E1B0F0F0C3C70E38C0F0CE73731834B0E1C78E1C3CF838F0E1C18B868F1C784E
:206C400070F078ACB18F3931DB3861C30E0E387873171E391E3864E1F1C14E0F40A202C5CF
:206C60008F81A1FC120864E03C22E045078E0C3290F01F2049E0F80C60F0171A41AAA4D0E7
:206C80008D12821E1E03F83E030C73807044260324E13E044E041CC109CC9E90210790430B
:206CA00064C00FC6909CC15B03E21D81E05E1D0384B82C0F80B183E030411E43898350FC7D
:206CC000242E1383F17C4C2CC90D83B0B582E4E8069C07A0991D073E828F70307440CA1058
:206CE000E4E80F92143F06F8848843810A343941C6E31C4703B0B8130AC264F818F960B378
:206D0000C0652060A68CC3812030261E1C38D301B02640F40BC3421F8532266040C9CB0151
:206D2000EC112840FA0434E0704C8C1D07690316C80423E8C69A0B1A03E0760605CF1EBC85
:206D40005831716600F83F04FC0C74278A8071C23A2606C01F050F9840AE017FC007FF0093
:206D60000EFE0003DF8003EF801BF1C200E7E018FCE021FC803CFC400E7E003F3E000FFE7F
:206D8000001FFF003EF007FC007E103FFF003F380E7C01870CFCC7003E040F3E1F0F0F1F95
:206DA0000F028387CF03870F3FC0079E603FC003FE003FE077E1C0FEE0C3E001DFF80307B2
:206DC000007E70007C3818FE0C1E781C7C3E0E1F1E1E3E007F8307DB878307C7071071FF99
:206DE000003FE201E0C1C3E1007FC005F020F8F070FE7879F8023F0C8F030F9FE0C1C7871D
:206E000003C3C3B0E1E1C1E3E071F000FC707C0C3E380E1C70C3C70381C1C7E7000FC787B4
:206E20001909EFC433E0C1FCF870F078F8F061C7001FF8017CF8F078703C7CCE0E2183CF62
:206E400008078F08C1878F80C7E30007F8E0EF0039F7800EF8E1E3F8219FC0FF03F807C00A
:206E60001FF8C404FCC4C1BC87F00FC07F05E025ECC03E8447F08E03F803FBC019F8079C87
:206E80000C17F807E01FA1FC0FFC01F03F00FE03F01F00FD00FF880DF901FF007007C03EEA
:206EA00042F30DC47F80FC07F05EC03F00783F81FF01F801C3E80CE4648FE40FF007F0C222
:206EC0001F007FC06F807E03F807F03FC0780F8207FE227770027603FE00FE67007CC7F1CD
:206EE0008EC63BE03F84F319D80399FC09B80FF8009D2461F90D00FD03F01F903F01F81FFE
:206F0000D00FF83701F807F00FC03F00FE03F80FC03F00FA03F00F80FF01B807F001FC0135
:206F2000BC80131E007FE1407FA07FB0003FC01FC0380FF01F80FF01FC03F17E01FE01F0E4
:206F4000FF007FC01D07F00FC07E06E007E00FF806C1FE01FC03E00F00FC0000000000000E
:206F60000000000000000000000000000000000000000000000000000000F1E2D3BB7C959F
:206F800001020303007200020000000000000000000000000000000000000000001B000059
:206FA000190000000000000000000000001010101010102020202020203030303030303048
:206FC0004040404040404050505050505050506060606060606060606060607070707070C1
:206FE0007070707070707070707070707070707070707070707070707070606060606060F1
:20700000606060606060505050505050505040404040404040303030303030302020202020
:2070200020201010101010100000000000F0F0F0F0F0F0E0E0E0E0E0E0D0D0D0D0D0D0D020
:20704000C0C0C0C0C0C0C0B0B0B0B0B0B0B0B0A0A0A0A0A0A0A0A0A0A0A0A0909090909020
:207060009090909090909090909090909090909090909090909090909090A0A0A0A0A0A0B0
:20708000A0A0A0A0A0A0B0B0B0B0B0B0B0B0C0C0C0C0C0C0C0D0D0D0D0D0D0D0E0E0E0E040
:2070A000E0E0F0F0F0F0F0F000000000E0E6ECF3F900060C06181A171717000000000054EF
:2070C00049433F282C1F252D4931241E33251D4518321E18532E365600000000000000001D
:2070E0000000000000000000000048271F2B1E22004D6963726F507974686F6E206F6E20FE
:20710000746865206D6963726F3A6269742069732062726F7567687420746F20796F7520C4
:2071200062793A0A44616D69656E20502E2047656F7267652C204D61726B205368616E6EDC
:207140006F6E2C205261646F6D697220446F70696572616C736B692C204D6174746865777B
:2071600020456C73652C0A4361726F6C2057696C6C696E672C20546F6D2056696E65722C7D
:2071800020416C616E204A61636B736F6E2C204E69636B20436F67686C616E2C204A6F7345
:2071A00065706820486169672C0A416C6578204368616E2C20416E64726561204772616E60
:2071C00064692C205061756C204567616E2C2050696F7472204B617370727A796B2C204103
:2071E0006E64726577204D756C686F6C6C616E642C0A4D61747420576865656C65722C203B
:207200004A6F6520476C616E63792C2041626269652042726F6F6B7320616E64204E696396
:20722000686F6C617320482E20546F6C6C65727665792E0A00546865205A656E206F662000
:207240004D6963726F507974686F6E2C206279204E6963686F6C617320482E20546F6C6CE9
:2072600065727665790A0A436F64652C0A4861636B2069742C0A4C657373206973206D6FE5
:2072800072652C0A4B6565702069742073696D706C652C0A536D616C6C2069732062656142
:2072A00075746966756C2C0A0A42652062726176652120427265616B207468696E6773212A
:2072C000204C6561726E20616E6420686176652066756E210A4578707265737320796F758A
:2072E0007273656C662077697468204D6963726F507974686F6E2E0A0A486170707920682E
:2073000061636B696E6721203A2D290A0063616E277420636F6E7665727420696E66207446
:207320006F20696E740063616E277420636F6E76657274204E614E20746F20696E740000FA
:207340000101020202020303030303030303042766726F7A656E7365742720686173206EEF
:207360006F20737563682061747472696275746500706F702066726F6D20616E20656D7063
:207380007479207365740066726F7A656E0073657428290066726F7A656E7365742800500B
:2073A000696E20256420696E202571206D6F646500706F702066726F6D20656D7074792049
:2073C0006C69737400F2F2FEFE696E742829206172672032206D757374206265203E3D203E
:2073E0003220616E64203C3D20333600696E76616C69642073796E74617820666F72206948
:207400006E74656765722077697468206261736520256400636F6D706C65782076616C75D7
:207420006573206E6F7420737570706F7274656400696E76616C69642073796E746178202F
:20744000666F72206E756D62657200547275650046616C73650062797465617272617928B6
:20746000620061727261792827256327002C205B0073747265616D206F7065726174696FD7
:207480006E206E6F7420737570706F72746564006F7574206F66206D656D6F727900696E2A
:2074A00076616C696420706974636800547970654572726F723A20657870656374696E67B7
:2074C00020612073747220666F72206E6F74650A00736C69636520737465702063616E6EBF
:2074E0006F74206265207A65726F006F626A656374206E6F7420696E2073657175656E63EF
:2075000065006E6F7420616E20696D61676500000004020204020000020404040002020083
:2075200004040301000001030303000101020303040201010301040301000300000401010E
:207540000200000302000004020204020000020404040002020004040301000001030303EE
:207560000001010203030402010103010403010003000004010102000003025F5F696E69DF
:20758000745F5F28292073686F756C642072657475726E204E6F6E652C206E6F7420272540
:2075A0007327003C636C61737320272571273E003C2573206F626A65637420617420257088
:2075C0003E003C73757065723A200063616E6E6F7420637265617465202725712720696E96
:2075E0007374616E63657300747970652027257127206973206E6F7420616E2061636365CC
:20760000707461626C6520626173652074797065006D756C7469706C65206261736573209B
:207620006861766520696E7374616E6365206C61792D6F757420636F6E666C696374007460
:207640007970652074616B65732031206F72203320617267756D656E7473006973737562E3
:20766000636C6173732829206172672032206D757374206265206120636C617373206F726F
:207680002061207475706C65206F6620636C6173736573006973737562636C61737328298F
:2076A000206172672031206D757374206265206120636C61737300272573272065787065E0
:2076C00063747320616E20696E7465676572002725732720696E746567657220307825780A
:2076E00020646F6573206E6F742066697420696E206D61736B2030782578002725732720BD
:20770000657870656374732061206C6162656C006C6162656C2027257127206E6F742064D3
:207720006566696E65640063616E206F6E6C79206861766520757020746F20342070617247
:20774000616D657465727320746F205468756D6220617373656D626C7900706172616D651F
:2077600074657273206D7573742062652072656769737465727320696E2073657175656EDB
:20778000636520723020746F20723300272573272065787065637473206174206D6F7374BD
:2077A0002072256400272573272065787065637473206120726567697374657200272573E7
:2077C000272065787065637473207B72302C2072312C202E2E2E7D00272573272065787094
:2077E0006563747320616E2061646472657373206F662074686520666F726D205B612C2093
:20780000625D00756E737570706F72746564205468756D6220696E737472756374696F6EDE
:207820002027257327207769746820256420617267756D656E7473006272616E6368206ECB
:207840006F7420696E2072616E676500006571016E65026373036363046D6905706C06769F
:2078600073077663086869096C730A67650B6C740C67740D6C6504656F72086C736C0C6C59
:2078800073721061737214616463187362631C726F7220747374246E656728636D702C63E2
:2078A0006D6E306F7272346D756C386269633C6D766E007230000172310002723200037294
:2078C00033000472340005723500067236000772370008723800097239000A7231300B7201
:2078E00031310C7231320D7231330E7231340F7231350A736C000B6670000D7370000E6C62
:2079000072000F70630076616C7565206D7573742062652030206F72203100696E76616C6A
:2079200069642070756C6C0076616C7565206D757374206265206265747765656E20302036
:20794000616E64203130323300696E76616C696420706572696F6400657870656374696E24
:207960006720612070696E006F766572666C6F7720636F6E76657274696E67206C6F6E6715
:2079800020696E7420746F206D616368696E6520776F72640070617273657220636F756C48
:2079A00064206E6F7420616C6C6F6361746520656E6F756768206D656D6F727900756E65E6
:2079C0007870656374656420696E64656E7400756E696E64656E7420646F6573206E6F7477
:2079E000206D6174636820616E79206F7574657220696E64656E746174696F6E206C65767F
:207A0000656C0063616E6E6F74206D697820627974657320616E64206E6F6E627974657378
:207A2000206C69746572616C7300696E76616C69642073796E746178000300000000000015
:207A4000000063616E6E6F7420706572666F726D2072656C617469766520696D706F727451
:207A6000006E6F206D6F64756C65206E616D65642027257127005F5F696E69745F5F2E708C
:207A8000790066756E6374696F6E20646F6573206E6F742074616B65206B6579776F7264E1
:207AA00020617267756D656E74730066756E6374696F6E206D697373696E67202564207215
:207AC0006571756972656420706F736974696F6E616C20617267756D656E74730066756E16
:207AE0006374696F6E206578706563746564206174206D6F737420256420617267756D65D5
:207B00006E74732C20676F74202564002725712720617267756D656E7420726571756972B2
:207B2000656400657874726120706F736974696F6E616C20617267756D656E747320676910
:207B400076656E006578747261206B6579776F726420617267756D656E74732067697665D2
:207B60006E003C6D6F64756C6520272573273E0047433A20746F74616C3A2025752C2075D4
:207B80007365643A2025752C20667265653A2025750A00204E6F2E206F6620312D626C6F0E
:207BA000636B733A2025752C20322D626C6F636B733A2025752C206D617820626C6B2073F5
:207BC0007A3A2025752C206D6178206672656520737A3A2025750A004743206D656D6F720E
:207BE00079206C61796F75743B2066726F6D2025703A000A20202020202020282575206C18
:207C0000696E657320616C6C206672656529000A253035783A20002A78206D7573742062FE
:207C2000652061737369676E6D656E742074617267657400696E6C696E6520617373656D27
:207C4000626C6572206D75737420626520612066756E6374696F6E00756E6B6E6F776E2078
:207C6000747970650072657475726E20616E6E6F746174696F6E206D7573742062652061F6
:207C80006E206964656E74696669657200657870656374696E6720616E20617373656D62E2
:207CA0006C657220696E737472756374696F6E00276C6162656C27207265717569726573C1
:207CC000203120617267756D656E74006C6162656C207265646566696E65640027616C69AD
:207CE000676E27207265717569726573203120617267756D656E74002764617461272072AA
:207D000065717569726573206174206C65617374203220617267756D656E74730027646103
:207D200074612720726571756972657320696E746567657220617267756D656E7473006D46
:207D4000756C7469706C65202A7820696E2061737369676E6D656E740063616E27742061C4
:207D6000737369676E20746F206C69746572616C0063616E27742061737369676E20746F5A
:207D80002065787072657373696F6E00696C6C6567616C2065787072657373696F6E2066A3
:207DA0006F72206175676D656E7465642061737369676E6D656E7400277969656C6427202A
:207DC0006F7574736964652066756E6374696F6E0063616E27742068617665206D756C74AD
:207DE00069706C65202A780063616E27742068617665206D756C7469706C65202A2A78000E
:207E00004C4853206F66206B6579776F726420617267206D75737420626520616E2069645B
:207E2000006E6F6E2D6B6579776F726420617267206166746572202A2F2A2A006E6F6E2DF4
:207E40006B6579776F726420617267206166746572206B6579776F72642061726700696E3B
:207E600076616C6964206D6963726F707974686F6E206465636F7261746F72006E6F6E2DBB
:207E800064656661756C7420617267756D656E7420666F6C6C6F77732064656661756C744F
:207EA00020617267756D656E740064656661756C7420276578636570743A27206D75737440
:207EC000206265206C6173740063616E2774206465636C617265206E6F6E6C6F63616C2094
:207EE000696E206F7574657220636F6465006E6F2062696E64696E6720666F72206E6F6EF7
:207F00006C6F63616C20666F756E64006964656E746966696572207265646566696E656431
:207F2000206173206E6F6E6C6F63616C006964656E746966696572207265646566696E6552
:207F40006420617320676C6F62616C0027636F6E74696E756527206F757473696465206CDC
:207F60006F6F700027627265616B27206F757473696465206C6F6F700063616E2774206418
:207F8000656C6574652065787072657373696F6E002772657475726E27206F7574736964BC
:207FA000652066756E6374696F6E00657870656374696E67206B65793A76616C75652066C9
:207FC0006F722064696374696F6E61727900657870656374696E67206A75737420612076A6
:207FE000616C756520666F7220736574006E616D652072657573656420666F7220617267FD
:20800000756D656E7400737570657228292063616E27742066696E642073656C6600050634
:20802000070409080A04031213141615170F0D0E11104932432072656164206572726F7289
:2080400020256400493243207772697465206572726F72202564004D656D6F7279457272D9
:208060006F723A206C6578657220636F756C64206E6F7420616C6C6F63617465206D656D39
:208080006F7279006C696E652025752000257120006D61696E2E707900736F6674207265DF
:2080A000626F6F740D0A0000000402020402000002040404000202000404030100000103C5
:2080C00003030001010203030402010103010403010003000004010102000003026E6F206F
:2080E0006D6F72652073746F7261676520737061636500492F4F206F7065726174696F6ED4
:20810000206F6E20636C6F7365642066696C65000400726177205245504C3B204354524CD7
:208120002D4220746F20657869740D0A004D6963726F507974686F6E2076312E392E322DA5
:2081400033342D67643634313534633733206F6E20323031372D30392D30313B2043616C79
:208160006C696F7065206D696E692076312E312E312077697468206E524635313832320D83
:208180000A0054797065202268656C7028292220666F72206D6F726520696E666F726D618F
:2081A00074696F6E2E0D0A003E3E3E20000D0A7061737465206D6F64653B204374726C2DD0
:2081C0004320746F2063616E63656C2C204374726C2D4420746F2066696E6973680D0A3D89
:2081E0003D3D20002E2E2E20007465787420746F6F206C6F6E6700636F756C64206E6F74AC
:2082000020706172736520696E70757400476C6974636865733A2025640D0A004E6F6E6516
:20822000007A65726F20737465700072616E67652825642C202564002C20256429002C00E5
:20824000747275650066616C736500286E756C6C2900202020202020202020202020202087
:20826000202000303030303030303030303030303030300066756E6374696F6E206D6973EF
:2082800073696E6720726571756972656420706F736974696F6E616C20617267756D656E3B
:2082A00074202325640066756E6374696F6E206D697373696E67207265717569726564205D
:2082C0006B6579776F726420617267756D656E7420272571270066756E6374696F6E206D1F
:2082E000697373696E67206B6579776F72642D6F6E6C7920617267756D656E740025713D87
:208300000028295B5D7B7D2C3A3B407E3C653D633C653D3E653D633E653D2A653D632A65FD
:208320003D2B653D2D653D653E26653D7C653D2F653D632F653D25653D5E653D3D653D210F
:208340002E00756E69636F6465206E616D652065736361706573005F5F64656275675F5FC0
:2083600000616E640061730061737365727400627265616B00636F6E74696E756500646531
:208380006C00656C696600656C7365006578636570740066696E616C6C79006C616D6264B0
:2083A00061006E6F740072657475726E007969656C640042434445464748494B4C3D363EE0
:2083C0003758383F3957315032592F4E304F5A3A543B553351345235533C564D406D617494
:2083E0006820646F6D61696E206572726F72000A000B0C0D0E0F616464726573732025308D
:208400003878206973206E6F7420616C69676E656420746F202564206279746573003C25F7
:20842000752D626974206D656D6F72793E0000000402020402000002040404000202000440
:208440000403010000010303030001010203030402010103010403010003000004010102E1
:20846000000003021B1B000E11000000000008080800080A4A4000000A5FEA5FEA0ED92E3D
:20848000D36E19324489330C924C924D080800000004880808040804848488000A448A4023
:2084A00000048EC480000000048800000EC000000000080001224488100C9252524C048C67
:2084C00084848E1C824C901E1EC244924C06CA525FE21FF01EC13E02448ED12E1FE244883D
:2084E000100ED12ED12E0ED12EC488000800080000048004880244880482000EC00EC008EF
:20850000048244880ED126C0040ED135B36C0C925ED2521C925C925C0ED010100E1C9252E9
:20852000525C1ED01C901E1ED01C90100ED013712E12525ED2521C8808081C1FE242524C04
:208540001254981492101010101E113B75B131113935B3710C9252524C1C925C90100C92FD
:20856000524C861C925C92510ED00C825C1FE4848484125252524C1131312A44113135BB2C
:208580007112524C9252112A4484841EC488101E0EC808080E10080482410EC242424E043E
:2085A0008A400000000000001F0804800000000ED2524F10101C925C000ED0100E02424E0D
:2085C000D24E0C925C900E06C81C88080ED24EC24C10101C92520800080808024002424C1B
:2085E00010149814920808080806001B75B131001C925252000C92524C001C925C90000E4B
:20860000D24EC2000ED010100006C8049808080EC807001252524F0011312A4400113135F7
:20862000BB00124C8C9200112A4498001EC4881E06C48C8486080808080818080C88180010
:20864000000C8360636F6D7061737343616C00302C3235352C302C3235352C300A302C3215
:2086600035352C302C3235352C300A302C302C302C302C300A3235352C302C302C302C324E
:2086800035350A302C3235352C3235352C3235352C300A0054494C5420544F2046494C4C31
:2086A0002053435245454E200000000100020003000400000101010201030104010002019E
:2086C0000202020302040200030103020303030403000401040204030404044E6F2061769E
:2086E00061696C61626C6520493243004F6E6C792038626974732053504920737570706FC3
:20870000727465640053504920666F726D6174206572726F72004E6F20617661696C61621E
:208720006C65205350490070696E6D6170206E6F7420666F756E6420666F722070657269F3
:2087400070686572616C00232D302B2000686C4C0065666745464700303132333435363712
:20876000383941424344454600303132333435363738396162636465660000000000000091
:208780008879FC7F0100000000000000571C0300B3210300B4C60200000000000000000093
:2087A00000000000E8030000ECD3020000000000000000000000000000000000000000000D
:2087C000000000000000010000000000000000000000000000000000000000000000000098
:2087E000555502005555020055550200FCE40200698403007000002000000000ECF4020031
:208800000CF50200CCF4020000000000000000000000000000000000000000000000000093
:20882000000000000000000000000000000000000000000000000000000000000000000038
:20884000000000000000000000000000000000000000000000000000204EFFFF00000000AC
:2088600001010101010101010101010505050505050505FF00000400E9000000991D000023
:1C8880003D37000099350100B95F010091610100E161010049870100C1000000B8
:20C00000803F002099F60300E1F60300E3F6030000000000000000000000000000000000F9
:20C0200000000000000000000000000005E603000000000000000000E7F60300E9F6030050
:20C04000EBF60300EBF60300EBF60300EBF60300EBF6030000000000EBF60300EBF60300A4
:20C06000EBF6030005E50300EBF60300EBF60300EBF60300EBF60300EBF60300EBF6030097
:20C08000EBF60300E1C40300EBF60300EBF60300A1C50300EBF6030049F60300EBF60300D9
:20C0A000EBF60300EBF60300000000000000000000000000000000000000000000000000B8
:20C0C000402292029A1A92467047C046174B002B00D1134B9D46FFF7F3FF00218B460F4653
:20C0E0001348144A121A00F065F80E4B002B00D098470D4B002B00D0984700200021040064
:20C100000D000D48002802D00C4800E000BF00F02DF82000290002F013FB00F011F8C04673
:20C12000000008000000000000000000803F0020682C002080340020000000000000000090
:20C14000084B10B50400002B02D0002100E000BF054B1868836A002B00D09847200000F05F
:20C1600031F8C0460000000094F8030070B500260C4D0D4C641BA410A64209D1002603F0F6
:20C180007DFB0A4D0A4C641BA410A64205D170BDB300EB5898470136EEE7B300EB589847A6
:20C1A0000136F2E7682C0020682C0020682C0020682C002003008218934200D1704719701C
:20C1C0000133F9E7FEE7C046BFF34F8F024B034ADA60BFF34F8FFEE700ED00E00400FA05B7
:20C1E00036DF704737DF704730B50400032510004B1CDB009BB228402A420DD1074D2A6066
:20C20000D218074B1A60074B1870074B1870074B1C80074B198030BD0720FCE7702C002028
:20C220006C2C0020682C0020782C0020742C0020762C0020F0B5484B85B01B8800900D009F
:20C24000092001928B426CD3002302AAD371434B04265B68DB05DC0D002B16D0103C03223D
:20C2600021001140914060B2E3B224065BD50F200340083B3A489B089B001B185B68CB4004
:20C280009B091A40D6B2012A5AD002ABD81DFFF7A7FF02284DD172B6324B33491F78334B07
:20C2A00009881C780020FFB2E2B28C4201D20132D0B287424BD01C7818780022C3B281423C
:20C2C00001D90133DAB2294B1A70012E10D062B602ABD879FFF786FF022302009A4303D04F
:20C2E00000221100FFF770FF214B04209C4218D0204F019A3B68E6009B191A60009A002ACB
:20C3000022D0002D20D0144B2A0018881A4B444318680099001903F0A1FA00203B689E19BF
:20C32000B58005B0F0BD8308C03314489B001B58A5E70028B0D000221100FFF745FFABE74B
:20C340001600A9E70A4CC2E700209880E9E7012EF8D10420E5E7C046742C002000ED00E0B5
:20C3600018ED00E0782C0020762C0020682C0020FFFF0000702C00206C2C002000E100E06B
:20C3800070B5104B104A19781278914219D00F4918780D881C780021C0B2E2B2A54201D9F3
:20C3A0000132D1B219700A4BC2001B689B18094A998812881B685043074A126810189847FB
:20C3C000DFE770BD782C0020682C0020762C0020702C0020742C00206C2C00208022194BF6
:20C3E0009202DA67D2218022174B520289005A5040395A5001212F22596010000138C0464C
:20C40000C046C046C046C046C046C046C046C046C046C046C046F1D1996000230B49100098
:20C420000B600138C046C046C046C046C046C046C046C046C046C046C046C046F1D1044A00
:20C440001370704704E100E000100140902C0020822C002010B54278030080780132904263
:20C4600000D100221C780020944205D00A605A78183042435868801810BD000010B5154B17
:20C4800002205B68DB05DC0D002B1BD0103C032221001140914060B2E3B2240613D50F203C
:20C4A0000340083B0C489B089B001B185B68CB409B0913400020DAB2012B03D0033A531E13
:20C4C0009A41501C10BD8308C03304489B001B58EDE7C04600ED00E018ED00E000E100E023
:20C4E000F8B50024234B5C649C64DC641C655C609C60214B1E68731C35D024271F4B204A1F
:20C50000D558204B1B68ED1A2D022D0A1E4B7E43196889194B68AB4212D8ED1AE4181B4B53
:20C520000E6A1A688B69C969002A1DD018009047002803D000221100FFF746FE731CE5D128
:20C54000134A144B11781B788B4204D10133DBB2022B0CD0137013780F4A9B009C50802207
:20C560000E4B52035A60F8BD08009847E6E70023F0E7C046FC100140942C002004050000B4
:20C5800000100140902C00209C2C00207C2C00208D2C00208C2C0020842C0020FCE100E080
:20C5A000F0B5C548C549047800200B688FB00893C34BC44A1B6801900993137802909C420B
:20C5C00012D00133DBB2022B00D1B5E013701378BD4A9B009B580193019A089B9B181B02E0
:20C5E0001B0A0B600123029300242426B74B0C941B780393B64B039A1B6800920493B54B6F
:20C600001B689C46AD4B1B680A93B34B1B780D93099B009A013AD2B20092FF2A00D08DE077
:20C620000C9A002A05D0AC4A0D991170A34A0A991160A34A002C00D013601368029A002A9A
:20C6400000D001E1099AD31A5A1E9341DBB2029301235B4200939A4B1B6807939E4B07994B
:20C660001B780893954B1B68019300230593039B013BDBB20393FF2B00D0EDE0059A904B9C
:20C68000002A00D019601A68079B934202D1029B002B4CD0531C00D17BE124235343634457
:20C6A0005B688E498E4D00934C59019A8D4EA21A12023078120A033200281FD18020D127DE
:20C6C0004002BF00C851403FC851C02380278648BF025B00C750076001272F200F60013897
:20C6E000C046C046C046C046C046C046C046C046C046C046C046C046F1D13770009B934219
:20C7000000D21300019A9B18A8221B021B0AD2008B504A591B1B121B1202120A1B020332A5
:20C720001B0A9A4203D98022704B92025A600022694B1A700FB0F0BD107048E7009A0499BF
:20C74000D2008F188A5C7978914200D161E718215143786801324118B878D2B2904200D10D
:20C760000022087802280AD000210328EBD1581CE9D073436344197501241B6AF7E74968BA
:20C780000591714361440B91087D0028DBD0190006930AE035004D4365440795059D8D429F
:20C7A00000D1F9E006910799096A4D1CF2D1200000210B9C21750400C5E7734363441B6AE9
:20C7C000591C06D10121454CA16000210C900D900A9107990D6A4C680699714361440D6232
:20C7E000691CE5D07543654469680C196C60DFE732005A4362445568019FBD4207D900293C
:20C8000001D02F490B60019BED1A556023E701994019491B1569176A019154601475002DB0
:20C8200008D00899D56009180902090A91600099009311623B0002995A1CD9D1002900D18B
:20C8400009E71F4A136006E7012200215242080024260C000092EFE7039BDA00049B9A18B8
:20C86000009B013344D1002756781378B34200D1FDE6182058435468013320189478DBB217
:20C8800013709C4200D117700378012BEDD144682333634363441D7D002DE6D186689E60C1
:20C8A000C668DE6006691E614069D8610898002825D09D6023E0C0468D2C0020902C0020C4
:20C8C000942C00208C2C0020842C0020982C0020A02C00209C2C0020812C002000100140FA
:20C8E00004050000822C002000E100E0FCE100E024230098434363440400186A00909868C1
:20C90000019D294F451B2D02DE682D0ABD4219D8AD195D60002001269860D86001381E753F
:20C9200018624B1C0CD02425242365434B436544634468685F68B84228D8381A58602962FE
:20C94000059621E0019D281A0002000AB04202D2301A5860DEE70020FBE7366AC01B0693AC
:20C96000771C0AD0330024265E43664477688742F3D33F1A77601E00069B68602420434393
:20C9800063442E621C620C00210069E70B000691E9E7FFF723FDCAE60599069DA94200D130
:20C9A0000BE7200015E7C046FEFF7F00F7B51C00032325000F00160001901D401C4253D13F
:20C9C000002C51D0FFF70AFD284B089A24211A60274B1F70274B4F431C602B00E719BC428F
:20C9E0003ED10322244B18211A702200234B18321C60100000237143626023706370A67056
:20CA000008345218A042F7D101211D4A494211601C4A802013701C4AC5241370C0221B4B9E
:20CA2000400352009850A4001A590131FF318A431100C0220A431A51A12218600199144857
:20CA4000D2008150043C1A5912491140C02212020A431A51104BC258104B1A602800FEBDF9
:20CA6000237023752434BAE70725F7E77C2C0020802C00209C2C0020982C0020A02C00203C
:20CA8000942C00208C2C00208D2C002000E100E000100140FF00FFFF04050000902C002011
:20CAA000F0B5104B05001B680820002B17D00138002A14D0002D12D000240B480778A7427F
:20CAC00001DC04200BE01E002433180024380078002805D1012371703370B2612C60F0BD17
:20CAE0000134ECE79C2C0020802C0020F0B51F4B85B001921A6805000C000820002A32D0BC
:20CB00001B4B01381B78AB422DD904292BD924236B43D118D35C0130012B24D14B78270076
:20CB2000012B00D00027FFF7A9FC124BC0001E6803A936183000FFF78DFC03000420002B99
:20CB400011D001220C491A700C4A5D608A5800209A60019ADC605A6180221F61039B52033C
:20CB60007370074B5A6005B0F0BDC0469C2C0020802C0020A02C0020001001400405000064
:20CB8000FCE100E037B5154B04001A680820002A22D0134B01381B78A3421DD924236343D0
:20CBA0009B5C0130012B17D1FFF768FC0D4BC0001D6801A92D182800FFF74CFC03000420C6
:20CBC000002B09D002221A70802200205C60019B52036B70044B5A603EBDC0469C2C002067
:20CBE000802C0020A02C0020FCE100E010B50400082904D0002211001000FFF7E5FA23684F
:20CC00006068984710BD000007B5044A0090019168460821FFF70EFB0EBDC046EDCB030012
:20CC200048DF704711DF704713DF704710B5FFF7F7FF002803D000221100FFF7C5FAFFF73C
:20CC40009FFB034B1B78023B022BF0D810BDC046AC2C002010B5074B10001A78012A02D1A5
:20CC6000022900D11970002803D000221100FFF7ABFA10BDAC2C002010B50C4C1C21200027
:20CC800001F069FB002803D000221100FFF79CFA00231C222000064901F04EFB002803D080
:20CCA00000221100FFF790FA10BDC046A42C0020B02C002007B50368013301D100200EBDEA
:20CCC00001A800F051F9019B1A78012AF6D15888002806D09968C0239B010022986800F0E1
:20CCE00067F9019B5B88181A43425841C0B2E6E784B0F0B585B0C4B21D000A900D93030CDC
:20CD000003A80F0016000B910C92019300F02CF9002C0AD1384B019AFF215A8001229D6021
:20CD20001A701971354B1A7012E0012C17D1324B019ADF605A80BA1952199A60A5221A7014
:20CD40005A321A710E9A1E615D619A612B4B1C70FFF792FF05B0F0BC08BC04B01847032CEC
:20CD60000FD1039A244B117819705188926859809A60AA22DF601A711E615D61A93A1F4BEF
:20CD8000D1E7022C18D1039A1B4B1178A5290DD100225A809A60FF321A70FF221A7100220D
:20CDA000DA601A615A61154B0132BCE719705188926859809A60F0E7052C0BD100F044FF87
:20CDC000002803D000221100FFF7FEF903220B4B1A70BFE7042C09D10022074B5A809A603B
:20CDE000FF321A70039A12791A71B1E7062CB1D10422024BECE7C046B02C0020AC2C002039
:20CE00001FB50822002102A8FFF7D4F9074B019301F062FA002806D1FF2305499B0201A89E
:20CE20004B6001F075FA05B000BDC04655CC0300A42C002010B500F0F7F9041E04D100F0CF
:20CE400065FE0400FFF7F2FE200010BD10B5FFF7E9FE002803D000221100FFF7B5F90E4BCB
:20CE60000120196800230D4C02009A400A4200D0E2670133202BF7D1C024A401A068FFF785
:20CE8000D3FE002803D000221100FFF79DF9A06800F070F810BDC04600E100E004E100E04E
:20CEA00007B501A800F060F8019B01201A78A52A04D01879AA3843425841C0B20EBD10B540
:20CEC00000F0C4FB00281BD0642001F013F900F037FB002803D000221100FFF775F900F06B
:20CEE000B5FB002803D000221100FFF76DF900F073FB041E08D000221100FFF765F903E036
:20CF000000F085FB041EDFD1200010BD10B588B003AC142200212000FFF74CF902232370CC
:20CF2000002303980499059A0093069BFFF7E0FEFFF77CFE002008B010BD13B5040001A865
:20CF400000F012F8019B1A7822705A8862809A68A2601A792271DA68E2601A6922615A69DC
:20CF600062619B69A36113BD014B03607047C04600FC0300F0B50300186880F308885868C0
:20CF8000FF2464B2EFF30585002D01D1A6460047251C061C21273FBAF0B400240025002603
:20CFA0000027F0B4F92040B20047C046F0BDC046030030B5002A07D01088FF241A0059186C
:20CFC00064018A4202D130BD0848F6E7137840BA80B25840C3B21B095840030343405D01CC
:20CFE000254098B268400132EBE7C046FFFF000018DF704770B514001D00022909D004299C
:20D0000014D0002C04D0002220001100FFF7DCF870BD0E4B1B78052BF3D10D4B1B68002BFC
:20D02000EFD02A00210004209847EAE7074E3378022BE6D1074B5B6898470320044B307028
:20D040001B68002BDDD02A002100EDE7D42C0020CC2C0020DC2C0020012200B5074B89B093
:20D060001A7003AB04321A70079A039800920499059A069BFFF73CFE09B000BDD52C002046
:20D08000032300B589B003A80370074B1B884380064B079804330ECB00900398FFF728FE5F
:20D0A000002009B000BDC046E82C0020342D0020012200B589B003AB1A70084A12885A8010
:20D0C000C0239B019868064B04330ECB00900398FFF70EFE002009B000BDC046E82C002073
:20D0E000342D002010B588B003AC142200212000FFF760F804232370002303980093049996
:20D10000059A069BFFF7F4FD08B010BD10B500248AB01422002105A8FFF74CF802AB1C73C6
:20D12000084B02AA1B880699D381074B099ADB68059803920092079A0893FFF7D9FD200036
:20D140000AB010BDE82C0020342D00200222084B084810B51860084B1A70084B196801F0ED
:20D16000FAF8002803D000221100FFF72DF810BD4C2D0020442D0020D42C0020EC2C002025
:20D1800070B50E4B08241D78002D15D10C4C2068FFF7F8FC002803D02A002900FFF714F823
:20D1A000F021206800228903FFF7A0FC041E03D000221100FFF708F8200070BDD52C00200A
:20D1C000D82C0020F0B51E00032385B005000190970868460C00009302910397FFF708FF61
:20D1E00000281ED080235B019C4212D8012368460093019502940397FFF7FAFE002810D130
:20D20000032368460093019502940397FFF7F0FE07E033003200A11BA81BFFF7D3FF002842
:20D22000E4D005B0F0BD0000F0B5002685B00822002102A8FEF7BEFF1A4B1B4F01931B4B68
:20D2400039001E701A4B01A81E8001F061F8194D0400B04203D02E70200005B0F0BDC023DF
:20D26000154E9B019B680100144A30007B60FFF717FC002803D022002100FEF7A5FFF02151
:20D28000002230688903FFF731FC002803D000221100FEF799FF0022094B1A6001232B70BB
:20D2A000DAE7C046F5CF0300442D0020302D0020E82C0020D42C0020D82C002059D003002E
:20D2C000D02C0020014B18607047C046CC2C0020234B70B51900426831CA31C112680A6072
:20D2E00019784A0702D506248A0730D103255A6806242A422BD19868284228D1DE682E4224
:20D3000025D11318F0229B19164E92013360241990421CD8C02292019068F0229202121A5A
:20D32000934214D8104D114B2B60114B6B60CB070FD5104BAB60104B08241B78012B06D188
:20D34000FFF71EFF041E02D12B6830689847200070BD8B0701D5094BECE7094BEAE7C046B4
:20D36000342D0020EC2C0020DC2C00204DD10300E5D00300B1D00300D42C002081D00300FB
:20D380000DD10300F8B505000E20002D17D0AB6802309B0713D1164B1A78032A10D00838AD
:20D3A000052A0CD16B68134E134F9C0033683A68E318934207D901230C205B423360F8BD0D
:20D3C00005221A70EEE7FFF7DBFE0028F7D10B4822003368A968006800F0AEFF0028EED1FB
:20D3E0003368E4183B6834609C42E8D00930E6E7D42C0020D02C0020EC2C00204C2D0020B6
:20D4000070B50A4B08201D68002D0CD1084E3378042B08D1074C0848217800F047F900283E
:20D4200002D10523337070BD2570FCE7D02C0020D42C0020302D0020F02C0020F8B5144BA8
:20D4400006001A78032A1DD00824042A18D1114B08241B68002B13D1FFF792FE041E0FD135
:20D4600073680D4F9D003B785A19402A0DD80B482A00C018B16802F0F1F93B785D193D7043
:20D480002000F8BD04221A70E1E70924F8E7C046D42C0020D02C0020302D0020F02C002038
:20D4A00070B50E4C08202378052B15D10C4D0D4B2A681B6893420FD106232370FFF760FE89
:20D4C000002809D1084B29681B68586800F0F0F8002801D10723237070BDC046D42C002041
:20D4E000EC2C0020D02C00204C2D002010B5094B08201B78072B0CD1074B1868FFF742FB57
:20D50000002803D000221100FEF75EFE034B9B68984710BDD42C0020D82C0020DC2C002023
:20D52000062200B589B003AB1A70079A039800920499059A069BFFF7DBFB09B000BD0000B0
:20D54000F0B58FB007A8FFF7F8FC0A9C201E19D080230D9D5B01E318AB422ED91D4BEB187E
:20D5600001935F08C0239B019B689C420CD801230198984380235B01C118221A3B00281845
:20D58000FFF720FE0FB0F0BD802301265B01FB1803A80396049305930696FFF729FD00287F
:20D5A000F0D1802303A85B010396049305930696FFF71EFD0028E5D1D9E701230393802390
:20D5C000A4085B0103A8049505930694FFF710FDD8E7C04600F0FFFF00B58DB005A8FFF782
:20D5E000ACFC099800280DD0089B002B0CD1C0239B019B6800228008039001A801920293A2
:20D60000FFF7F6FC0DB000BD0B9A9B18F2E700B58DB005A8FFF791FC0998002810D0089B09
:20D62000002B0FD1C0239B019B6803220192F02280089202049001A802920393FFF7D8FC46
:20D640000DB000BD0B9A9B18EFE7000030B58DB005A8FFF772FC0898002815D080210B9DF9
:20D6600049014318AB4211D9C0239B019B68984218D80D4B0122EB181C009443D3406118E5
:20D68000021B2819FFF79EFD0DB030BD03230193802380085B01049001A802930395FFF750
:20D6A000A7FCF1E70E20EFE700F0FFFF00207047002070474278017883781202C078114381
:20D6C0001B040B4300061843704773DF704774DF704776DF70477ADF70477CDF70477FDF26
:20D6E000704782DF7047A7DF7047A8DF7047A9DF7047AADF704767DF704700B50C2813D890
:20D7000001F0F4FF14121212121209120712120D0B00022000BD0320FCE70420FAE7081F48
:20D72000431E98410530F5E70620F3E70120F1E7002210B51100FEF747FD10BD10B5FFF7EC
:20D74000F7FF10BD70B50C001500032825D004280FD100290ED0144B1888144B984208D07D
:20D760001321FFF7B6FF002803D000221100FEF72BFD70BD100000F04BFC002803D02200EE
:20D780002100FEF721FD0A4B1B68AB42F1D101220321084801F09CFDE5E701212000FFF7A9
:20D7A000ACFF01210200F4E7602C0020FFFF0000F42D0020A82D002010B5040008000321EA
:20D7C000FFF79BFF03210200200001F081FD002803D000221100FEF7F7FC10BDF0B5114B20
:20D7E0008FB09B7901AE02ACB3700F4B070000213022200000253380FEF7DCFC022329006F
:20D8000023702000013BA570E7702381059601F0A7FAA84203D02A002900FEF7D5FC0FB047
:20D82000F0BDC046A82D002030150000F0B5284B8BB01E78002E2DD1264C182231002000E9
:20D84000FEF7B8FC244B1D78002D3AD01022234902A802F003F81022214802A9214F01F008
:20D86000EFFF051E18D10520FFF7B8FF012367602370257225612000FFF727FF002803D00A
:20D8800000221100FEF7A0FC174801F091F801230F4A13700BB0F0BD114B0122009301ABC5
:20D8A00006936B4606AD0420089301972A712A73FFF794FF022326702372E56028232361EF
:20D8C000D9E70620FFF78AFF257065602572F5E7D82D0020502D0020A42D0020A0F80300C8
:20D8E0006F2D0020682D0020847C420070B50400AEB001F021FB7B48210001F01BFD20884C
:20D90000192815D80F2804D8022800D1A6E02EB070BD10380928FAD801F0F2FE29003200B3
:20D92000F9FF4E00A600F9FFF9FFF9FFB4008100522800D1A6E0552860D05128E7D1A37913
:20D94000002BE4D0A27A043A022AE0D8022B00D001236A46382152181370C1236A465B00A4
:20D960009387614B0EA91888FFF7BFFE40E00020A2885D4B1A805D4B187001F019F8C6E74C
:20D980008023322108AA584C1380594B2088196001230EA9FFF7ADFE002803D00022110039
:20D9A000FEF712FC534B1B78002B01D1FFF73EFF01235B422380AAE74F4C0722210002AE79
:20D9C00006A801F04BFF1022E11D300001F046FF21000EAD1C221831280001F03FFF424B81
:20D9E00085211888454A08AB0C960B95FFF777FE002800D18BE7002211000DE0A479002C1E
:20DA000000D084E7384B13211888FFF762FE002800D17CE722002100FEF7D6FB77E7A3793F
:20DA2000002B00D073E7314A1370314B1A68511E196000290FD10EAC14222000FEF7BAFBEA
:20DA400005232370129B0E9800930F99109A119BFFF74EF95BE7FFF7E9FE58E7224B0021FE
:20DA60001888FFF748FEC3E7234AE089538D0021984201D1110018310023A0880732FFF7C9
:20DA800030FEB5E7184B1E4D1C88AC4228D01D4B197800291ED01849012308222000343120
:20DAA000FFF725FE0028A6D10200010002232000FFF71DFE00289ED12A000C212000FFF751
:20DAC00012FE0222104BC318934300D11FE708288ED11CE70B000A002000FFF708FE87E7FE
:20DAE000082088E7A82D0020602C0020D82D0020642C0020EB2D0020682D0020E62D0020F9
:20DB0000FFFF0000A42D0020FECFFFFF002370B5404A41481370414A88B0137001F080FDB9
:20DB2000051E74D13E48FFF7CDFB00F035FA051E6DD13C4800F076FD3B4B6A461D701123DB
:20DB40003A4C1370200001F092FE210082B26846FFF7C3FD002803D02A002900FEF734FBF0
:20DB600001AC082200212000FEF724FB0C2300262380DB1863807933FF332000A680E38024
:20DB8000FFF7A9FDB04203D032003100FEF71CFB00210C222000FEF70DFB04232380244B10
:20DBA00021006360234B2448A36001F027FA002803D000221100FEF707FB00261C220021E8
:20DBC0002000FEF7F7FA1D4B019663608023DB01A360032323731A4B2000E68126746661F2
:20DBE000A36101F069F9B04203D032003100FEF7EBFA3F21134B1A788A4311000C220A4323
:20DC00001A7007225A7009329A70FFF70FFE280008B070BDEB2D0020EDD80300E52D002000
:20DC200045D70300682D0020A42D002098F80300B1DC03003DD70300A82D0020CD0C000017
:20DC400031D70300E62D0020012210B5144B1A70144B1888144B984212D01321FFF739FD3B
:20DC6000002803D000221100FEF7AEFA01F05CF9002803D000221100FEF7A6FA002010BDE3
:20DC80000A4C2378002BF1D0FFF721FD002803D000221100FEF798FA00232370E6E7C04655
:20DCA000EB2D0020602C0020FFFF0000D82D0020F0B5050008780C008BB0092828D801F0CA
:20DCC00029FD32003A0049000A001900290043014C014C005101FFF7E3FB0421FFF70DFDF5
:20DCE00004210200280001F0F3FA002810D00022110054E0FFF7A8FF002803D000221100BD
:20DD0000FEF762FAFFF7F2FB002801D0FFF708FC0BB0F0BDFFF798FF0028F7D000221100C5
:20DD2000FEF752FAF2E70122914B1A708B681A78904B1A70ECE702268D4B1E708B681B786F
:20DD4000012BE5D1FFF75CFB3100FFF7D6FC02003100C7E70322864BEBE7854B1E78022E5C
:20DD600050D0032E77D0012ED2D11022002106A8FEF720FA7F4B02AA1B780027137403224D
:20DD800006AB05970392049323790C2B0AD03100280001F09DFAB842BAD03A003900FEF790
:20DDA00013FAB5E7A4682000FFF784FC0790201DFFF780FC089020000830FFF77BFC0990DC
:20DDC00003A8FFF785FA00280AD03100FFF795FC31000200280001F07BFA0028DDD197E754
:20DDE000654B1860079B30000093089B0193019A009B9446099A63449B18604A136000F045
:20DE0000D7FD85E70B7903221800104013420FD01A1A0432D2B29446190000270E00A2685D
:20DE20000131C9B297556145F8D11B1A0433237101230693A36806A8089323799B080793F0
:20DE4000FFF7FCFA002800D162E70221FFF755FC0221020046E708793200304200D077E785
:20DE6000474E0390310000F0ABF8011E03D02800FFF7A2FC4CE7A168039A306801F0EEFCBC
:20DE8000039800F007F9011EF1D103A9300000F00FF9011EEBD104230693039B06A89B08B8
:20DEA000079333680893FFF76DFA071E08D1324A237911685B1813603268324B1A6027E721
:20DEC000092837D12C4E22793368D2182E4B32601B78002B00D11BE72C4C2388013B9BB227
:20DEE0002380002B00D013E7244B196800290FD0192050434B1EC018814217D801F014FCD2
:20DF00000300182814D801209840013800F050FD2800316801F0A4F9002803D000221100E6
:20DF2000FEF752F91A4B1B882380F1E60123EAE71848EBE7306800F06BF8011E02D02800F4
:20DF4000FFF73AFC390092E701220F4B1A708B880F4A13800D4A1380DAE600230A4A137039
:20DF60000B4AF8E7044B2800196801F03FF9BCE6E52D0020F02D0020DC2D0020EC2D0020D9
:20DF8000F82D0020F42D0020E42D0020E22D0020E02D0020FFFFFF010020064B064A187027
:20DFA000064B1A60082298605A60D8601861586198617047FC2D0020002E0020202F00209A
:20DFC00030B505000E2000291ED000240F4B0C605A680A38A24217D00830202D14D8013AAD
:20DFE0005A60DA6818300132DA601A691D68504328180860012191409869013201439961C8
:20E00000072120000A401A6130BDC046202F0020F0B51F4A0400936804209C4685B0002B1E
:20E0200034D0072655691768E91A31400B00242058433818844211D1012098409469604086
:20E04000906100200126072794699B19019454683B4002940025644603930AE00133334051
:20E060009D42E4D11020EDE7002C0BD035000399013C33008B401900029F019B67443F1B9A
:20E080000B42F1D0002D01D09460576005B0F0BD202F00200721054A13691268013B0B4004
:20E0A0001D314B43D318186200207047202F002030B505000E20002D18D0002916D00C4B46
:20E0C0000A38DA68002A11D02424013ADA609A68186801329A605A69544304192C60206AB8
:20E0E00001320860072100200A405A6130BDC046202F002082B00190019B002B01D102B0C8
:20E100007047019B0848013B01930138C046C046C046C046C046C046C046C046C046C04617
:20E12000C046C046F1D1E7E7E703000029DF704728DF70471823434305480222C0180023AF
:20E1400002610371836043618361C3607047C046442F00200B0037B5020018005D68DC68F0
:20E1600009780095034DA40064595B690C30A04737BDC0463C2F0020182370B5184C22780E
:20E180005343E3181A795869022A03D0042A1AD00F2070BD134A996915689A68DB68AD0257
:20E1A000C0188023521B49192818DB009A4207D29208FFF7BBFF0028EBD10123A370E8E711
:20E1C00080225200F5E780235B05196989B201F0ABFA044B1B68C018FFF7AAFFEBE7C046F8
:20E1E000442F00203C30002070B5134D06006C7804200A2C19D028782418E4B2092C01D9CD
:20E200000A3CE4B2182044432C19A26122002671103241C941C2A360049BE360AB78002BE0
:20E2200004D000206B7801336B7070BDFFF7A4FF1128F7D1F5E7C046442F002070B5244C27
:20E24000A378002B05D00021A170022802D0032834D070BD182225781E486A430368A2180A
:20E260009268013303609B02934212D363780160013B63706B1CDBB2092B1CD8182169434A
:20E280000431002061182370FFF764FF2800FFF751FF6378002BDCD0A378002BD9D1FFF7BE
:20E2A0006BFF0028D5D01128D3D01821237859430431611808E02B00093BDFE718210D20AA
:20E2C0002378594304310919FFF744FFC1E7C046442F00203C30002010B50024084B1C60F2
:20E2E000084B1C809C7020000134FFF723FF0A2CF9D10020044B1860044B1860586010BD83
:20E300003C300020442F0020383000203C2F002010B5074C020023680420022B07D00020DE
:20E320000B60591C21601168024A9B00995010BD383000203C2F002037B5CD180D4304002E
:20E340001020AD0706D100930E3813000A002100FFF74AFF3EBD07B500220B000092010035
:20E360000420FFF741FF0EBDF8B50C00214E41790500735C17000820002B09D1002C02D17F
:20E380001D4CC90064181D4B2A689A4201D10720F8BD0420E178285600F0DEF86B79184A44
:20E3A00061689B009950002FF1D0164A16489F500122296863780F58134097433B43A1270A
:20E3C0000B5003202B68FF00D959A378814303400B43A2202968C000CB5123780F242968FD
:20E3E00023400F58A7433B430B506B790020F254CEE7C04640300020B0F803000080004090
:20E400004830002044300020040500000122022103681A604379014AD15470474030002029
:20E42000012302680249136142798B547047C046403000201F2370B5027900251A401E3BEE
:20E440009340134A0400D3674379124A9B009D50FFF7E6FF8022216892008B580E4803409A
:20E460008B50C223802221689B005202CA50802221689202CA5080222168D202CA50802214
:20E4800021681203CA506379044AD55470BDC04604E100E044300020F0F0FFFF4030002077
:20E4A00030B5802464028C400568002B08D0C1239B00EC5051310368FF318900CA5030BDC9
:20E4C000C223F5E7F8B502278024FF378F401D000668A400365906ABBE4307681B783E51FB
:20E4E000066837593D433551FFF7DAFFF8BDA22302688020DB00D3588000DBB2D84048430F
:20E500004009704770B5C12580260024AD007602A30018000C4A41309B181A68FF3080B2E9
:20E52000002A0CD0094A51593200A240114206D000221A60064B074A1B681168984701344D
:20E54000042CE5D170BDC0464091004000900040443000204830002030B5FF2503232C003A
:20E560000340DB009C4089012940E4439940C2B2002814DA0F231340083B0E489B089B00C8
:20E580001B18D86904402143D9611F231A40C0211E3B9340084A49005350136030BDC025F9
:20E5A000054B80088000C018AD0043591C4021434151EAE700ED00E000E100E070B50123E8
:20E5C0000D0000281AD109680E23002916D00C4CA1420CD0621A2F333B2A06D93C222000B3
:20E5E00001F03CF903E0CA5CE254013BFBD200223C212000FEF7DCFC0023A0872B6070BD3F
:20E60000803F00200323064A5B429E4502D1EFF3098101E0EFF308818869023800781047A0
:20E62000BDE5030070B50E23061E11D0094C00223C212000FEF7BCFCA58F0B23854207D138
:20E640003C222100300001F009F900230135A587180070BD803F002060DF704713DF7047D0
:20E6600018DF704710B586B00C22002103A8FDF7A1FD022302A80293FFF7F2FF002803D01F
:20E6800000221100FDF7A0FDF0208002FFF7E6FF002803D000221100FDF796FD48220D20FD
:20E6A000154B164900F098FF002803D000221100FDF78AFD082200216846FDF77BFD6B4655
:20E6C0001A780123002413436A46684601941370FFF7C2FFA04203D022002100FDF774FD80
:20E6E000074800F0A7FF002803D000221100FDF76BFD06B010BDC04685F60300DC33002075
:20E7000005E7030010B5FFF799FD10BD10B514210820054AFDF768FD002803D000221100F4
:20E72000FDF752FD10BDC0464C30002010B50A0001000248FDF748FD10BDC046EFBEADDEC9
:20E74000802273B5404BD205D158404C404DB12907D10131D150BFF34F8FE560BFF34F8FE1
:20E76000FEE7D658B22E01D10021D150F023394A9B0212689A4204D0002211001000FDF7FE
:20E7800023FD80235B051A698023DB009A4204D0002211001000FDF717FD2F4B0522009326
:20E7A000032100202D4BFEF701F9002803D000221100FDF709FD00F0ADF8FEF721FBFEF7EB
:20E7C0006FFB00281ED0FEF77AFB002803D000221100FDF7F9FCFFF745FFFFF797FFFEF77D
:20E7E00095FB002803D000221100FDF7EDFCB22E0DD1FEF71FFB002810D000221100FDF782
:20E80000E3FC0BE0FFF72EFFFFF780FFEFE7C0239B019868FEF74EFA0028EAD0C026B60185
:20E82000B068FEF747FA002808D0FEF739FB002804D100F0B5F8B068FEF708FBBFF34F8F27
:20E84000E560BFF34F8FFEE71C05000000ED00E00400FA051410001009CC03009C31002014
:20E86000A02370B55B00984243D12549A0250B7824481A000478C532ED05FF32012C01D196
:20E88000062B01D0092B35D126000023CE36FF36B6009200AB51AB50022C01D00134E3B2B2
:20E8A000037000230B700B7809210278164851435918C9B2405C01210C0084402000134C35
:20E8C0002468044215D0A02003251400CE32FF32C005920015501A1DC533FF339B001D502F
:20E8E0000B0093400D341A00A140094BC250043BC15070BD00249200AC500133D2E7C04676
:20E900002834002029340020B8F80300243400200C050000A02337B50024184ADB059C50C1
:20E9200004329C50164A174D9C502C3A9C50164B21009C50154A28009C5004329C50144A52
:20E940009C5004329C50134A9C5004329C50124A9C50124AFFF708FDA04203D022002100A7
:20E96000FDF732FC28001421FFF7C1FD01230200002128000093FFF7A5FD37BD340700009B
:20E980003C070000D4F8030004000050140700001C070000240700002C07000061E8030029
:20E9A00010B50248FFF746FD10BDC046D4F8030070B5074D04002B68002B02D10548FFF71C
:20E9C00025FD2C60002C02D10248FFF729FD70BD24340020D4F8030072DF704779DF704799
:20E9E0007DDF704765DF7047F0B500240600250087B00C9F00933B78039102920193338876
:20EA0000AB420ADC002084423FD03B78019A013B9B1A0199009A535437E07368A900591808
:20EA2000042205A800F01AFF04AB0022D91C05A8FFF7D8FF002828D104ABDB78029A934226
:20EA400020D1614261413B7849009A1852181F2A1ADC002C06D19A1C3A700399009A01335C
:20EA6000DBB2D154009B3A7805A89A1804ABDC1C2100FFF7B7FF002807D1227801243B7852
:20EA80009B183B700135BAE70C2007B0F0BDF7B5089F16000097022204001D00FFF7A4FFD3
:20EAA000002806D12B001022310020000097FFF79BFFFEBD0023F0B51370037806000D00EE
:20EAC000140087B0002B26D043780C201D2B00D9CBE00E2702ABFF181D23881C3B80390046
:20EAE000FFF77EFF002800D0BFE03378022B03D13B8809221D2B06D973785A1E9BB21C2A55
:20EB000000D93B880822DBB2591C29706A70227802329B182370B378002B20D023780C2099
:20EB20001B2B00D9A1E00E2702ABFF183800FFF755FF002800D098E023785A1C2270032282
:20EB4000EA5423785A1C22701922EA5423783A88EB181A70120A5A70237802332370F378BD
:20EB6000002B0ED023785A1C22700222EA5423785A1C22700122EA5423789A182270F2783A
:20EB8000EA547268002A12D023781C2B00D9DEE0591C127821700221E954237852B2591CD4
:20EBA00021700A21E9542378591C2170EA543389002B50D1338A002B09D030002B00072230
:20EBC000032100941030FFF762FF00284DD1338B002B09D030002B0015221421009418303B
:20EBE000FFF755FF002840D1326A002A3FD1776A002F28D03B792278981C911CC0B2091872
:20EC00001F2900DDA3E0511C03332170AB5423785A1C2270FF22EA5423783A88EB181A702D
:20EC2000120A5A7020780230C0B22070BA88002A09D0B968002921D0281800F00FFEBB8822
:20EC400022789B18237033002C3303931B78002B47D1002009E030002B0006220221009493
:20EC60000830FFF714FF0028A4D007B0F0BD21788B1D1F2B6BD81388052B01D80720F4E7DF
:20EC8000344FD81980B202903348844602986045F4D950880528F1D9C719BFB26745EDD959
:20ECA0002E4FBB4201D08342E8D84B1C237005236B542378591C21701221E954237811885E
:20ECC000EB181970090A597023780233DBB223705288EB181A70120A5A702378023323702C
:20ECE00085E7B36A002BC9D0002302930C27029B22785F43B36A511CDF193B792170033306
:20ED0000AB5423785A1C22701622EA5423783A88EB181A70120A5A7020780230C0B220703F
:20ED2000BA88002A09D0B9680029A7D0281800F095FDBB8822789B182370029B0133DBB28A
:20ED40000293039B029A1B789342CFD881E70C208BE7C0467FF3FFFF7DF30000FFFF0000EB
:20ED600030B593B000236A4604000D009371D37198420CD0C3785B0702D4072013B030BD3F
:20ED8000063202A9FFF796FE0028F7D102AC002D0BD0EB78002BF0D16B462800DA1D0AA98E
:20EDA000FFF788FE0028E9D10AAD6A466B46917920002A00DB79FFF70FFEDFE775DF704761
:20EDC00076DF70477ADF70477BDF704713B5164B1888164B984211D0154A164C13780133A1
:20EDE000DBB21370217B994209D31349FFF7E6FF002803D0A369002B00D0984713BD0023A5
:20EE00001370237C002B08D03B21FFF7D9FF002803D0A369002B00D098476369002BEDD00E
:20EE2000002201A80270E8E72C340020FFFF000060340020303400205834002037B5184B15
:20EE4000184A5B881188184C184D994208D852889A4205D36369002B1FD100232B7037BD29
:20EE60002B78002B06D06369002BF6D0002201A802700EE00E4B1B78002B0CD161680D4BF1
:20EE800000221868FDF732FE0028E6D0A369002BE3D09847E1E7A168F1E7012201A8E7E7C2
:20EEA0005034002058340020303400202A340020603400204C340020144902000B0070B51D
:20EEC00032CA32C332CA32C31268114C1A600022104B01681A70914214D02000083200F08E
:20EEE000BDFC2000FFF76EFF00280AD101220021094B52421A80094B094A0A481970FDF797
:20EF0000CFFD70BD2000FFF75FFFEDE730340020583400202A3400202C34002060340020CE
:20EF2000CDED03004C34002010B5024B1868FDF729FE10BD4C34002010B503880100122BCC
:20EF400040D004D8102B18D0112B28D010BD502BFCD11F4CC088E2899042F7D1CB8B022B1E
:20EF6000F4D10131CB7FDB0716D41A4B1868FDF709FE0028EAD0A36920E08288164B1748EC
:20EF80001A801631082200F069FC0022144B1A700F4BDB899342D9D1FFF750FFD6E70122A4
:20EFA0000D4B52421A8000220D4B1A70094B1868FDF7E8FD0028C9D0054B9B69002BC5D045
:20EFC0009847C3E708220631044800F047FCE3E7303400204C3400202C34002050340020B6
:20EFE00060340020A0DF7047A2DF7047A5DF7047A6DF7047A8DF704763DF7047F0B597B055
:20F0000007000E240091002800D1DFE0002900D1DCE04B680193002B00D1D7E001235B42FD
:20F02000038010226B4906A800F018FC0A2102AA694B891806A81381FFF7DEFF041E00D082
:20F04000C4E001203A1D04A9FFF7CCFF041E00D0BCE002AB9B7A0FAD01001C22BB71280087
:20F06000FDF7A8F804232A7803AE13432B70BB7902AA9373594B21009381300003226C60B1
:20F08000EC602C616C61AC61FDF794F811231F2203207370B3782100934303430B3A0AA863
:20F0A0003470B370FDF786F8142005A90A9102A90C940B9688850E943C00083423000AACAE
:20F0C00022002900B888FFF78FFF041E00D07DE001001C222800FDF76DF818232A7802A98A
:20F0E0009A4313432B70BB7903228B733C4B30008B8121006C60EC602C616C61AC61FDF794
:20F1000059F811231F21B27873708A4302331343210014220AA83470B370FDF74BF8172384
:20F1200005A80A9002A80C940B9683850E943C00103423000AAC22002900B888FFF754FFC6
:20F14000041E43D101001C222800FDF733F802202B7802AA03432B70BB7921009373214BDA
:20F160003000938103226C60EC602C616C61AC61FDF720F811231F2103223370B3780AA882
:20F180008B431343210011327470B370FDF712F8022305AA0A9202AA0C930B969385009BD3
:20F1A00029000E933B00B88820330AAAFFF71CFF041E0BD1009B5B68BB620193009B9B6847
:20F1C000002B00D0FB620122074B1A70200017B0F0BDC046DCF803003015000032150000DB
:20F1E000311500003415000061340020F0B5060087B00E20002E2AD03288164B06389A425E
:20F2000025D0154B1B78002B21D0144C080AE1702071080C090E072310220127A171694626
:20F2200002ADCB8063700021607122702800A770FCF7C0FF338A29002B800023AB806B46FC
:20F2400030880633AF7004930594FFF7D1FE07B0F0BDC046FFFF00006134002062340020D6
:20F26000F0B5040087B00E20002C28D02288154B06389A4223D0144B1B78002B1FD0112305
:20F28000124D02AE2B700B0AAB700B0CEB706B469F1D05236970090E297110220021300080
:20F2A0003B80FCF787FF238A310033800123B37000232088B38004970595FFF799FE07B0CB
:20F2C000F0BDC046FFFF00006134002062340020F0B51300050087B00E20002D22D02C881D
:20F2E000114A063894421DD0104A1278002A19D00F4E1022717069468F1D032102AC398065
:20F30000B370002120003270FCF754FF2B8A210023800123A37000232888A38004970596C5
:20F32000FFF766FE07B0F0BDFFFF00006134002062340020F0B504000D008BB000280CD0B1
:20F3400000290AD0826A002A07D00B88502B3DD005D8102B37D0112B46D00BB0F0BD512B4D
:20F36000FBD18A790192022AF7D10A89038A9A42F3D18B7A043B022BEFD9019B03AE0822C7
:20F380000021300006AF3B70FCF714FF019B32000393A18A02AB20887360FFF727FE0028BC
:20F3A00025D0E36A002B00D09847FE233900FF332088BB80FFF71EFE0028CED0E36A002B72
:20F3C000CBD09847C9E78B882380C6E7C98803899942C2D1082302A90B74EB8B20350B75B5
:20F3E000089506A99047B8E701235B42ECE702AB1B882088DB07D8D500233900BB80FFF7A3
:20F40000F9FD0028DAD1EB1CD97F481E07283CD800F06CF9041820232527392900233370F3
:20F420002B8C012B05D8062201212000FFF750FFC2E7012323353371B56031002000A36A21
:20F4400098478AE7012333702A8C9A42F2D806220221EAE702233370EFE70323FBE7042350
:20F46000F9E70523F7E72B8C022B02D803220821DBE723356B782A781B021343B3805A42B9
:20F4800053410633E7E70923E5E70322CDE7000070B51B490B68DBB2012B03D119480368AB
:20F4A0001B0700D070BD184AF0231468E02625001D40344221D1154C24681C420DD1144BC4
:20F4C000144C1C608024144B24021C600B68DBB2012BE7D103681B07E4D11368F0221340A5
:20F4E000402BDFD1094B1B681342DBD18022C1230121D205DB00D150D4E7302DDBD0ECE708
:20F50000E00F00F0E40F00F0E80F00F0EC0F00F004050040DFFF07C0186C00402EDF7047E1
:20F5200051DF704710DF704761DF704710B508001100FFF7FBF810BDF0B5224B85B01B78D9
:20F54000DAB20192002B3BD01F4D204E2B685C425C413268E4B2002A2CD003A8FFF7E0FFD8
:20F5600005282BD0002819D000221100FCF72CFE002CF2D1164B03A91B880B80154B1F68F1
:20F580003800FFF7D1FF052810D000280AD000221100FCF719FE002CECD1DEE7039833683D
:20F5A0009847E5E738002B689847F4E7002C07D1019CD2E7002B03D0019CDBE7002CFBD06D
:20F5C00005B0F0BD743400206C340020783400206A3400207C34002070B50400072000296E
:20F5E00013D08D0711D109480160094920000A80084A09491360FFF795FF002805D1012242
:20F60000064B16301A70FFF789FF70BD7C3400206A340020703400202DF5030074340020DF
:20F6200003000E20002B02D00020014A136070476C34002003000E20002B02D00020014AAE
:20F64000136070477834002010B5074B1B68002B07D09847002803D000221100FCF7B4FD67
:20F6600010BDFFF769FFFBE77034002010B5002904D0002211001000FCF7A6FDFFF75CFFCD
:20F6800010BD0000002110B50800024AFCF7D2FD10BDC0466DF6030003210A4802680A433B
:20F6A0000260094802680A4302600849084A094B9B1A03DD043BC858D050FBDC0648804787
:20F6C000064800472405004054050040F4F80300002C0020682C002091F40300CDC003008C
:20F6E000FEE7FEE7FEE7FEE7FEE7FEE702B4714649084900095C49008E4402BC7047C046AA
:20F7000003B47146490840004900095E49008E4403BC704703B47146490840004900095AFE
:20F7200049008E4403BC7047002243088B4274D303098B425FD3030A8B4244D3030B8B42E0
:20F7400028D3030C8B420DD3FF22090212BA030C8B4202D31212090265D0030B8B4219D31E
:20F7600000E0090AC30B8B4201D3CB03C01A5241830B8B4201D38B03C01A5241430B8B42A7
:20F7800001D34B03C01A5241030B8B4201D30B03C01A5241C30A8B4201D3CB02C01A524108
:20F7A000830A8B4201D38B02C01A5241430A8B4201D34B02C01A5241030A8B4201D30B02BE
:20F7C000C01A5241CDD2C3098B4201D3CB01C01A524183098B4201D38B01C01A5241430905
:20F7E0008B4201D34B01C01A524103098B4201D30B01C01A5241C3088B4201D3CB00C01A78
:20F80000524183088B4201D38B00C01A524143088B4201D34B00C01A5241411A00D2014619
:20F82000524110467047FFE701B5002000F006F802BDC0460029F7D076E770477047C046F8
:20F8400030B500240139A24201D1002005E0035D01340D5DAB42F6D0581B30BD002310B5B0
:20F860009A4200D110BDCC5CC4540133F8E70023C25C0133002AFBD1581E7047F8B5C04670
:20F88000F8BC08BC9E467047F8B5C046F8BC08BC9E467047002C0020446675546172670096
:20F8A000000000000000000000000000000000000000000300000000000204131211100FEA
:20F8C0000B0E0A0C01031715000016181405060708090D000090004009000000A8A9DF222C
:20F8E00019FA62A00A471D2500005DE9D4C7FF7F0100000000000000000000000000000000
:20F900000000000000000000000000000000000000000000000000000000000000000000E7
:20F920000000000000000000000000000000000000000000000000000000000000000000C7
:1CF940000000000000000000000000000000000000000000FFFF0000320000007B
:20FC00000100000000000000FE0000000000000000000000000000000000000000000000E5
:20FC20000000000000000000000000000000000000000000000000000000000000000000C4
:20FC40000000000000000000000000000000000000000000000000000000000000000000A4
:20FC6000000000000000000000000000000000000000000000000000000000000000000084
:20FC8000000000000000000000000000000000000000000000000000000000000000000064
:20FCA000000000000000000000000000000000000000000000000000000000000000000044
:20FCC000000000000000000000000000000000000000000000000000000000000000000024
:20FCE000000000000000000000000000000000000000000000000000000000000000000004
:20FD00000000000000000000000000000000000000000000000000000000000000000000E3
:20FD20000000000000000000000000000000000000000000000000000000000000000000C3
:20FD40000000000000000000000000000000000000000000000000000000000000000000A3
:20FD6000000000000000000000000000000000000000000000000000000000000000000083
:20FD8000000000000000000000000000000000000000000000000000000000000000000063
:20FDA000000000000000000000000000000000000000000000000000000000000000000043
:20FDC000000000000000000000000000000000000000000000000000000000000000000023
:20FDE000000000000000000000000000000000000000000000000000000000000000000003
:20FE00000000000000000000000000000000000000000000000000000000000000000000E2
:20FE20000000000000000000000000000000000000000000000000000000000000000000C2
:20FE40000000000000000000000000000000000000000000000000000000000000000000A2
:20FE6000000000000000000000000000000000000000000000000000000000000000000082
:20FE8000000000000000000000000000000000000000000000000000000000000000000062
:20FEA000000000000000000000000000000000000000000000000000000000000000000042
:20FEC000000000000000000000000000000000000000000000000000000000000000000022
:20FEE000000000000000000000000000000000000000000000000000000000000000000002
:20FF00000000000000000000000000000000000000000000000000000000000000000000E1
:20FF20000000000000000000000000000000000000000000000000000000000000000000C1
:20FF40000000000000000000000000000000000000000000000000000000000000000000A1
:20FF6000000000000000000000000000000000000000000000000000000000000000000081
:20FF8000000000000000000000000000000000000000000000000000000000000000000061
:20FFA000000000000000000000000000000000000000000000000000000000000000000041
:20FFC000000000000000000000000000000000000000000000000000000000000000000021
:20FFE000000000000000000000000000000000000000000000000000000000000000000001
:020000041000EA
:0410140000C0030015
:1C10C0007CB0EE17FFFFFFFF0A0000000000E300FFFFFFFF483203000000000081
:0400000500018CE189
:00000001FF
